player,elo_overall,matches_played,elo_hard,matches_hard,elo_clay,matches_clay,elo_grass,matches_grass,elo_carpet,matches_carpet
Sinner J.,2325.2,443,2291.0,287,2143.3,110,2126.3,46,1500.0,0
Alcaraz C.,2231.9,350,2173.4,193,2160.9,118,2136.1,39,1500.0,0
Barty A.,2179.6,268,2161.0,173,1958.4,53,1978.4,42,1500.0,0
Sabalenka A.,2146.0,548,2178.5,359,2044.6,128,1864.9,61,1500.0,0
Djokovic N.,2097.4,793,2120.3,485,1988.3,222,2121.2,86,1500.0,0
Gauff C.,2093.4,390,2061.7,248,2032.2,102,1767.6,40,1500.0,0
Rybakina E.,2084.7,432,2116.8,281,1967.4,98,1769.1,53,1500.0,0
Swiatek I.,2084.0,418,2071.4,250,2074.2,130,1893.1,38,1500.0,0
Pegula J.,2072.7,435,2053.9,306,1868.5,84,1833.7,45,1500.0,0
Zverev A.,2062.8,644,1999.5,361,2050.0,217,1893.7,66,1500.0,0
Federer R.,2050.4,463,2094.9,305,1906.8,80,2046.1,78,1500.0,0
Muchova K.,2042.1,267,2029.8,178,1871.1,54,1828.8,35,1500.0,0
Fils A.,2036.7,171,1985.5,100,1942.4,58,1685.3,13,1500.0,0
Kostyuk M.,2035.1,270,1902.0,179,2007.7,62,1717.2,29,1500.0,0
Nadal R.,2018.5,586,1992.5,297,2089.7,253,1897.9,36,1500.0,0
Andreeva M.,2000.9,183,1902.5,97,2080.4,69,1643.6,17,1500.0,0
Li N.,2000.7,260,2075.2,167,1820.0,65,1747.3,28,1500.0,0
Noskova L.,1996.7,196,1847.6,124,1718.0,38,1936.9,34,1500.0,0
Anisimova A.,1993.5,287,1975.2,180,1745.2,69,1827.3,38,1500.0,0
Svitolina E.,1992.6,669,1942.3,446,2007.6,164,1705.7,59,1500.0,0
Jodar R.,1987.7,50,1876.8,24,1933.6,23,1547.9,3,1500.0,0
Osaka N.,1986.4,380,1892.0,269,1826.0,69,1797.0,42,1500.0,0
Mboko V.,1972.2,63,2047.1,47,1752.9,13,1472.7,3,1500.0,0
Fritz T.,1955.4,509,1908.6,346,1697.9,84,1917.9,79,1500.0,0
Eala A.,1955.0,91,1923.1,56,1536.9,17,1773.6,18,1500.0,0
Keys M.,1947.6,580,1882.6,350,1874.3,146,1844.5,84,1500.0,0
Bencic B.,1943.4,498,1907.9,323,1824.2,96,1784.2,79,1500.0,0
Auger-Aliassime F.,1929.8,435,1926.7,281,1773.8,98,1747.5,56,1500.0,0
Henin J.,1923.7,42,1852.4,23,1789.8,10,1760.8,9,1500.0,0
Halep S.,1918.0,649,1851.9,395,1935.7,190,1918.2,64,1500.0,0
Shelton B.,1916.1,231,1943.9,153,1721.8,47,1758.9,31,1500.0,0
Musetti L.,1905.3,317,1843.7,168,1930.9,120,1795.4,29,1500.0,0
Shnaider D.,1904.4,186,1845.5,112,1851.5,50,1601.5,24,1500.0,0
Cobolli F.,1901.9,176,1761.3,85,1878.7,69,1770.2,22,1500.0,0
Tiafoe F.,1901.5,419,1866.3,283,1738.3,87,1764.3,49,1500.0,0
Medvedev D.,1900.8,549,1938.8,390,1838.9,82,1807.0,77,1500.0,0
Cirstea S.,1898.2,617,1865.3,382,1795.5,176,1515.9,59,1500.0,0
De Minaur A.,1897.8,437,1896.9,289,1831.7,86,1820.7,62,1500.0,0
Paul T.,1896.5,376,1846.4,251,1872.8,78,1771.6,47,1500.0,0
Vondrousova M.,1896.0,271,1802.8,166,1813.1,73,1856.6,32,1500.0,0
Soderling R.,1895.8,43,1867.1,22,1859.9,18,1602.1,3,1500.0,0
Williams S.,1895.2,464,1983.9,292,1914.5,114,1914.7,58,1500.0,0
Del Potro J.M.,1893.0,315,1959.7,229,1779.8,54,1725.1,32,1500.0,0
Jovic I.,1889.9,73,1769.9,47,1729.9,17,1747.8,9,1500.0,0
Nakashima B.,1886.3,274,1867.2,187,1627.4,46,1690.8,41,1500.0,0
Lehecka J.,1872.0,222,1830.3,145,1771.1,48,1751.6,29,1500.0,0
Tirante T.A.,1871.4,60,1829.6,19,1771.3,40,1438.1,1,1500.0,0
Tien L.,1870.6,103,1875.7,72,1758.4,20,1556.5,11,1500.0,0
Paolini J.,1865.5,307,1829.0,180,1849.4,100,1790.6,27,1500.0,0
Kalinskaya A.,1864.8,265,1818.6,180,1790.2,56,1644.9,29,1500.0,0
Ruud C.,1863.6,433,1740.3,198,1954.7,222,1459.7,13,1500.0,0
Bejlek S.,1862.6,53,1894.9,34,1623.9,14,1426.8,5,1500.0,0
Draper J.,1861.8,174,1881.7,107,1806.4,35,1767.4,32,1500.0,0
Rune H.,1861.0,270,1869.9,161,1873.8,88,1681.7,21,1500.0,0
Bautista R.,1860.4,152,1821.4,105,1800.7,34,1787.2,13,1500.0,0
Fonseca J.,1858.4,85,1864.7,33,1845.7,41,1578.6,11,1500.0,0
Mensik J.,1853.1,133,1843.4,87,1882.3,30,1568.6,16,1500.0,0
Krejcikova B.,1850.9,272,1831.3,163,1628.1,66,1784.0,43,1500.0,0
Merida Aguilar D.,1845.4,27,1789.6,9,1715.6,16,1529.0,2,1500.0,0
Bublik A.,1841.0,374,1805.4,225,1752.1,83,1811.2,66,1500.0,0
Korda S.,1838.4,258,1817.7,181,1693.7,52,1718.1,25,1500.0,0
Mertens E.,1837.9,513,1751.3,319,1767.0,121,1768.2,73,1500.0,0
Sharapova M.,1837.3,396,1813.8,235,2008.3,125,1739.9,36,1500.0,0
Bouzkova M.,1835.2,303,1732.9,204,1750.9,61,1772.2,38,1500.0,0
Davidovich Fokina A.,1831.9,330,1783.8,192,1719.2,103,1760.0,35,1500.0,0
Baptiste H.,1828.5,117,1753.0,74,1748.0,39,1518.8,4,1500.0,0
Zheng Q.,1827.1,212,1879.2,132,1879.2,59,1467.4,21,1500.0,0
Pliskova Ka.,1826.8,669,1756.7,444,1777.8,135,1731.5,90,1500.0,0
Collins D.,1824.1,284,1746.6,188,1882.0,78,1617.0,18,1500.0,0
Raonic M.,1823.9,451,1825.3,305,1801.5,85,1774.6,61,1500.0,0
Potapova A.,1823.0,300,1703.9,185,1906.2,89,1510.7,26,1500.0,0
Fery A.,1820.3,21,1549.2,6,1500.0,0,1744.3,15,1500.0,0
Rublev A.,1820.1,538,1761.1,359,1878.2,142,1676.1,37,1500.0,0
Kartal S.,1819.9,55,1793.1,31,1546.7,7,1636.1,17,1500.0,0
McNally C.,1819.1,64,1700.1,36,1684.0,13,1667.1,15,1500.0,0
Wozniacki C.,1817.5,686,1816.3,497,1703.6,120,1777.7,69,1500.0,0
Kyrgios N.,1816.8,232,1801.5,162,1702.9,29,1768.0,41,1500.0,0
Liutova K.,1815.4,5,1800.7,5,1500.0,0,1500.0,0,1500.0,0
Pennetta F.,1813.4,289,1838.8,185,1665.2,81,1527.3,23,1500.0,0
Navarro E.,1807.2,196,1646.5,109,1732.9,49,1772.1,38,1500.0,0
Townsend T.,1806.1,158,1809.6,113,1547.8,36,1352.1,9,1500.0,0
Alexandrova E.,1802.8,435,1767.4,266,1679.3,102,1738.0,67,1500.0,0
Dementieva E.,1802.3,58,1780.8,47,1726.6,11,1500.0,0,1500.0,0
Borges N.,1801.6,187,1762.0,104,1718.2,59,1619.3,24,1500.0,0
Azarenka V.,1801.4,652,1805.1,439,1755.1,141,1674.8,72,1500.0,0
Cerundolo F.,1801.1,276,1777.5,105,1799.5,148,1618.7,23,1500.0,0
Blockx A.,1793.7,36,1507.5,13,1807.9,21,1416.0,2,1500.0,0
Jabeur O.,1793.7,375,1762.2,221,1812.6,93,1753.2,61,1500.0,0
Dimitrov G.,1793.0,679,1809.5,449,1703.8,155,1769.3,75,1500.0,0
Raducanu E.,1792.8,164,1725.3,106,1656.9,26,1758.9,32,1500.0,0
Roddick A.,1792.4,81,1764.5,62,1318.2,3,1754.3,16,1500.0,0
Berdych T.,1791.7,429,1764.7,297,1820.5,88,1839.3,44,1500.0,0
Kerber A.,1790.7,691,1786.3,444,1713.8,144,1792.0,103,1500.0,0
Bartunkova N.,1789.5,35,1696.8,23,1575.0,5,1646.4,7,1500.0,0
Riske A.,1789.1,379,1795.7,237,1517.6,58,1688.1,84,1500.0,0
Machac T.,1787.3,140,1752.7,94,1743.8,37,1533.0,9,1500.0,0
Norrie C.,1787.2,400,1772.1,243,1756.0,112,1663.0,45,1500.0,0
Bartoli M.,1784.8,247,1725.0,170,1577.8,44,1949.1,33,1500.0,0
Hurkacz H.,1784.8,356,1731.5,231,1761.5,78,1757.8,47,1500.0,0
Kvitova P.,1784.5,704,1798.5,468,1648.6,141,1837.7,95,1500.0,0
Chwalinska M.,1784.0,24,1572.5,9,1883.2,12,1472.5,3,1500.0,0
Samsonova L.,1783.9,306,1739.4,188,1693.7,68,1718.5,50,1500.0,0
Berrettini M.,1783.2,290,1746.7,148,1789.1,90,1856.2,52,1500.0,0
Ostapenko J.,1781.3,511,1694.7,308,1804.4,121,1748.3,82,1500.0,0
Konta J.,1779.9,297,1714.0,172,1735.9,53,1846.7,72,1500.0,0
Michelsen A.,1779.9,162,1797.1,108,1581.7,28,1574.5,26,1500.0,0
Cristian J.,1779.9,174,1776.1,109,1689.0,55,1387.0,10,1500.0,0
Tsitsipas S.,1779.7,480,1745.3,286,1867.1,158,1562.2,36,1500.0,0
Muller G.,1779.0,191,1663.1,128,1523.8,20,1848.4,43,1500.0,0
Kontaveit A.,1778.1,345,1821.7,222,1754.9,87,1581.0,36,1500.0,0
Radwanska A.,1774.1,548,1748.1,401,1701.1,82,1787.7,65,1500.0,0
Sakkari M.,1773.4,466,1770.8,287,1728.0,123,1611.8,56,1500.0,0
Clijsters K.,1772.0,102,1782.5,80,1461.0,4,1755.4,18,1500.0,0
Kudermetova V.,1770.5,349,1706.8,214,1710.5,91,1662.6,44,1500.0,0
Muguruza G.,1768.4,476,1814.7,332,1729.8,94,1646.5,50,1500.0,0
Snigur D.,1767.4,39,1708.6,20,1599.2,5,1609.8,14,1500.0,0
Korneeva A.,1767.3,23,1749.3,19,1522.8,3,1412.9,1,1500.0,0
Hampton J.,1766.4,82,1720.3,57,1668.1,15,1640.9,10,1500.0,0
Ferrer D.,1766.1,437,1740.2,234,1807.3,171,1642.2,32,1500.0,0
Goerges J.,1764.3,517,1759.5,321,1567.3,159,1799.4,37,1500.0,0
Bertens K.,1763.9,385,1810.5,203,1793.7,143,1623.0,39,1500.0,0
Gea A.,1761.0,13,1812.1,11,1383.2,2,1500.0,0,1500.0,0
Darderi L.,1760.7,160,1601.4,50,1849.5,96,1484.1,14,1500.0,0
Badosa P.,1759.6,275,1764.6,151,1765.2,93,1655.4,31,1500.0,0
Ruse E.G.,1756.9,144,1612.0,70,1622.7,49,1676.8,25,1500.0,0
Brady J.,1756.7,145,1756.4,103,1629.1,30,1556.9,12,1500.0,0
Tabilo A.,1756.4,171,1712.2,77,1713.7,77,1541.7,17,1500.0,0
Nishikori K.,1756.2,465,1748.2,298,1753.9,123,1646.2,44,1500.0,0
Humbert U.,1755.8,335,1754.5,211,1537.5,59,1668.1,65,1500.0,0
Navone M.,1755.7,119,1545.7,38,1756.0,74,1375.9,7,1500.0,0
Atmane T.,1755.6,67,1766.9,44,1546.8,18,1455.6,5,1500.0,0
Molcan A.,1754.8,105,1632.7,35,1780.5,60,1493.9,10,1500.0,0
Cibulkova D.,1754.8,495,1754.0,342,1635.6,96,1741.5,57,1500.0,0
Halys Q.,1753.5,160,1631.4,98,1796.0,40,1513.7,22,1500.0,0
Giorgi C.,1749.2,392,1727.2,226,1653.5,93,1660.7,73,1500.0,0
Safarova L.,1748.9,422,1727.6,262,1678.6,110,1726.8,50,1500.0,0
Fernandez L.A.,1745.7,261,1738.8,171,1651.5,60,1547.5,30,1500.0,0
Siniakova K.,1744.9,470,1710.3,285,1570.6,123,1606.4,62,1500.0,0
Rinderknech A.,1743.2,235,1749.0,134,1632.2,67,1626.3,34,1500.0,0
Zahlavova Strycova B.,1741.3,198,1694.1,125,1491.4,50,1759.3,23,1500.0,0
Hanfmann Y.,1738.6,205,1703.5,59,1691.7,119,1535.1,27,1500.0,0
Gibson T.,1738.4,39,1790.9,28,1433.0,5,1482.3,6,1500.0,0
Zakopalova K.,1737.4,219,1692.6,134,1697.9,66,1661.6,19,1500.0,0
Linette M.,1736.4,451,1668.1,294,1743.9,107,1544.8,50,1500.0,0
Faria J.,1736.2,36,1676.1,10,1674.4,23,1502.0,3,1500.0,0
Fish M.,1736.0,105,1712.4,86,1539.1,10,1726.4,9,1500.0,0
Parry D.,1735.5,133,1652.2,70,1680.3,45,1614.1,18,1500.0,0
Montgomery R.,1734.1,44,1537.0,22,1504.0,11,1776.4,11,1500.0,0
Bergs Z.,1733.8,129,1692.0,79,1497.7,28,1642.4,22,1500.0,0
Vekic D.,1733.2,470,1642.0,299,1685.0,81,1721.7,90,1500.0,0
Pavlyuchenkova A.,1730.2,685,1693.6,474,1660.6,158,1674.0,53,1500.0,0
Vacherot V.,1730.1,48,1714.6,30,1623.8,18,1500.0,0,1500.0,0
Danilovic O.,1729.8,98,1635.2,44,1815.2,49,1442.3,5,1500.0,0
Thompson J.,1729.4,310,1728.3,201,1438.9,46,1675.9,63,1500.0,0
Cerundolo J.M.,1728.7,88,1665.6,23,1663.8,60,1501.6,5,1500.0,0
Cilic M.,1726.7,584,1715.8,367,1624.9,138,1777.3,79,1500.0,0
Struff J.L.,1726.2,421,1573.8,221,1677.5,137,1756.7,63,1500.0,0
Kuznetsova S.,1724.8,447,1770.4,291,1629.3,115,1556.7,41,1500.0,0
Krueger A.,1724.6,126,1667.7,90,1531.4,20,1623.3,16,1500.0,0
Munar J.,1723.5,273,1743.2,110,1596.7,138,1561.0,25,1500.0,0
Wang Xin.,1722.9,231,1662.2,171,1501.2,31,1707.2,29,1500.0,0
Dolgopolov O.,1721.6,305,1682.9,182,1725.1,96,1567.2,27,1500.0,0
Pellegrino A.,1721.2,16,1500.0,0,1707.0,16,1500.0,0,1500.0,0
Kokkinakis T.,1720.8,129,1721.1,99,1599.3,20,1581.6,10,1500.0,0
Spizzirri E.,1720.5,22,1729.4,18,1463.9,1,1470.3,3,1500.0,0
Kleybanova A.,1720.2,107,1737.3,81,1606.3,21,1498.5,5,1500.0,0
Van De Zandschulp B.,1719.5,239,1751.4,149,1616.4,64,1516.6,26,1500.0,0
Suarez Navarro C.,1719.2,510,1718.3,304,1719.3,162,1599.1,44,1500.0,0
Khachanov K.,1718.6,479,1694.4,299,1752.1,133,1701.0,47,1500.0,0
Tagger L.,1716.8,24,1774.4,17,1479.4,6,1424.5,1,1500.0,0
Li A.,1716.6,176,1661.8,122,1699.9,34,1493.4,20,1500.0,0
Valentova T.,1716.4,43,1730.6,32,1568.8,6,1535.9,5,1500.0,0
Kasatkina D.,1715.3,553,1691.3,350,1746.5,139,1638.9,64,1500.0,0
Tauson C.,1714.7,188,1712.5,134,1600.2,34,1545.8,20,1500.0,0
Garcia C.,1714.6,601,1689.4,370,1724.5,163,1717.1,68,1500.0,0
Boisson L.,1714.3,31,1634.6,11,1709.0,18,1437.9,2,1500.0,0
Osorio M.,1713.4,192,1653.4,103,1715.0,70,1397.7,19,1500.0,0
Stearns P.,1713.4,147,1639.0,94,1795.8,45,1331.7,8,1500.0,0
Teichmann J.,1713.1,189,1606.9,102,1742.2,77,1288.9,10,1500.0,0
Prizmic D.,1712.9,37,1493.0,11,1712.5,24,1519.6,2,1500.0,0
Majchrzak K.,1712.9,105,1651.8,61,1457.6,25,1710.5,19,1500.0,0
Ivanovic A.,1712.5,369,1745.3,262,1764.6,73,1611.6,34,1500.0,0
Bellis C.,1711.5,76,1707.2,60,1630.1,11,1552.2,5,1500.0,0
Boulter K.,1711.1,189,1685.1,110,1552.2,21,1679.9,58,1500.0,0
Kessler M.,1710.4,103,1685.6,72,1531.4,15,1660.8,16,1500.0,0
Sevastova A.,1710.2,370,1662.8,214,1676.3,116,1596.5,40,1500.0,0
Benneteau J.,1707.7,235,1712.6,168,1479.7,34,1525.7,33,1500.0,0
Sonmez Z.,1707.5,78,1649.3,47,1523.1,15,1593.1,16,1500.0,0
Siegemund L.,1706.7,294,1661.8,141,1634.0,128,1557.5,25,1500.0,0
Mmoh M.,1704.8,66,1720.2,53,1434.8,10,1487.5,3,1500.0,0
Golubic V.,1703.8,258,1605.7,154,1590.5,56,1566.9,48,1500.0,0
Watanuki Y.,1703.8,38,1675.6,28,1585.8,6,1571.0,4,1500.0,0
Griekspoor T.,1703.7,244,1778.7,147,1623.4,61,1619.5,36,1500.0,0
Podrez V.,1703.3,6,1434.3,1,1719.5,5,1500.0,0,1500.0,0
Sawangkaew M.,1702.7,17,1588.2,14,1500.0,0,1580.9,3,1500.0,0
Frech M.,1702.7,224,1719.9,132,1607.3,60,1422.1,32,1500.0,0
Collignon R.,1702.0,43,1635.8,21,1654.4,16,1492.9,6,1500.0,0
Pironkova T.,1699.7,270,1616.5,154,1674.0,69,1593.5,47,1500.0,0
Carreno Busta P.,1697.5,355,1661.7,209,1702.4,128,1482.8,18,1500.0,0
Chung H.,1696.6,73,1645.6,50,1712.4,23,1500.0,0,1500.0,0
Korpatsch T.,1695.2,124,1617.1,52,1686.8,58,1292.1,14,1500.0,0
Marozsan F.,1694.6,153,1655.0,91,1641.9,42,1573.7,20,1500.0,0
Shapovalov D.,1692.6,362,1757.5,252,1565.7,67,1519.0,43,1500.0,0
Isner J.,1692.4,492,1672.4,349,1702.8,85,1676.9,58,1500.0,0
Rogers S.,1691.4,266,1694.6,153,1617.9,84,1490.9,29,1500.0,0
Cazaux A.,1689.5,63,1616.3,41,1646.6,17,1526.5,5,1500.0,0
Ruusuvuori E.,1689.3,195,1690.8,134,1494.7,38,1578.5,23,1500.0,0
Gigante M.,1689.0,13,1558.4,5,1641.8,8,1500.0,0,1500.0,0
Baghdatis M.,1688.7,252,1687.3,178,1384.9,33,1597.1,41,1500.0,0
Monfils G.,1687.4,529,1729.5,371,1575.5,116,1573.6,42,1500.0,0
Etcheverry T.,1687.2,224,1645.5,90,1730.6,117,1361.7,17,1500.0,0
Safiullin R.,1686.5,130,1672.5,86,1428.8,22,1634.8,22,1500.0,0
Vesnina E.,1686.4,345,1649.1,205,1636.6,102,1747.2,38,1500.0,0
Wang Xiy.,1685.5,154,1599.8,111,1683.7,34,1375.9,9,1500.0,0
Bouzas Maneiro J.,1685.0,102,1567.4,58,1628.4,27,1687.4,17,1500.0,0
Gracheva V.,1682.8,200,1614.9,131,1571.5,54,1589.9,15,1500.0,0
Bonzi B.,1681.3,146,1652.3,96,1561.9,24,1535.7,26,1500.0,0
Groth J.,1681.3,49,1650.7,31,1654.1,12,1631.8,6,1500.0,0
Hsu Y.,1681.0,6,1667.8,6,1500.0,0,1500.0,0,1500.0,0
Popyrin A.,1680.4,259,1643.9,165,1701.4,67,1370.1,27,1500.0,0
Del Potro J. M.,1678.7,3,1500.0,0,1675.5,3,1500.0,0,1500.0,0
Fucsovics M.,1678.1,294,1653.3,178,1608.0,74,1678.3,42,1500.0,0
Murray A.,1678.1,525,1689.8,357,1784.8,91,1775.3,77,1500.0,0
Petkovic A.,1677.9,474,1638.5,297,1621.4,127,1497.5,50,1500.0,0
Brooksby J.,1677.4,144,1669.0,97,1528.5,19,1649.4,28,1500.0,0
Oliynykova O.,1677.0,28,1623.6,8,1665.4,19,1456.6,1,1500.0,0
Putintseva Y.,1677.0,528,1660.2,322,1661.6,163,1604.6,43,1500.0,0
Kym J.,1676.8,9,1641.9,4,1572.5,5,1500.0,0,1500.0,0
Zhang S.,1676.0,509,1690.2,334,1461.3,118,1527.6,57,1500.0,0
Galan D.,1675.0,3,1500.0,0,1588.4,3,1500.0,0,1500.0,0
Begu I.,1675.0,477,1577.5,232,1721.6,209,1476.1,36,1500.0,0
Kirilenko M.,1674.9,227,1728.2,158,1623.5,47,1585.0,22,1500.0,0
Altmaier D.,1674.7,210,1600.9,93,1625.5,91,1490.0,26,1500.0,0
Masarova R.,1674.6,80,1583.7,44,1657.2,23,1458.9,13,1500.0,0
Nalbandian D.,1674.2,79,1639.0,38,1639.5,28,1652.1,13,1500.0,0
Avanesyan E.,1673.6,112,1659.8,57,1694.5,47,1530.2,8,1500.0,0
Rakhimova K.,1673.6,145,1602.4,80,1579.5,51,1599.7,14,1500.0,0
Matosevic M.,1672.5,132,1631.5,93,1505.8,21,1575.0,18,1500.0,0
Tararudee L.,1672.2,17,1626.4,15,1500.0,0,1538.3,2,1500.0,0
Sonego L.,1671.3,351,1675.9,188,1521.7,111,1657.9,52,1500.0,0
Stepanek R.,1671.0,183,1619.3,110,1573.9,44,1708.3,29,1500.0,0
Baez S.,1670.4,244,1627.4,85,1647.6,147,1352.5,12,1500.0,0
Cocciaretto E.,1668.2,175,1670.9,94,1616.4,61,1582.2,20,1500.0,0
Lys E.,1668.2,92,1642.5,53,1614.9,31,1432.0,8,1500.0,0
Kenin S.,1667.5,328,1599.4,231,1739.7,69,1511.4,28,1500.0,0
Preston T.,1667.0,16,1657.2,13,1500.0,0,1464.9,3,1500.0,0
Lucic-Baroni M.,1666.9,64,1668.4,31,1699.1,27,1405.6,6,1500.0,0
Makarova E.,1666.4,403,1657.5,269,1580.9,77,1699.9,57,1500.0,0
Gasparyan M.,1666.3,104,1662.1,77,1375.0,17,1514.8,10,1500.0,0
Buse I.,1665.8,40,1368.8,4,1740.5,30,1535.1,6,1500.0,0
Janowicz J.,1664.8,117,1639.8,72,1513.4,25,1724.9,20,1500.0,0
Bondar A.,1664.7,149,1482.4,70,1757.7,72,1284.1,7,1500.0,0
Arnaldi M.,1664.6,148,1573.3,83,1799.9,57,1313.2,8,1500.0,0
Safina D.,1664.0,49,1638.0,34,1563.5,14,1451.2,1,1500.0,0
Sierra S.,1663.8,38,1397.5,17,1745.1,12,1532.2,9,1500.0,0
Yastremska D.,1663.6,283,1632.1,183,1563.8,65,1644.9,35,1500.0,0
Zheng M.,1663.5,14,1614.6,10,1468.8,1,1612.7,3,1500.0,0
Quinn E.,1662.8,65,1606.9,33,1464.2,15,1619.7,17,1500.0,0
Opelka R.,1662.0,239,1718.9,173,1476.5,41,1563.2,25,1500.0,0
Shang J.,1661.7,85,1617.1,74,1400.3,6,1596.3,5,1500.0,0
Marcinko P.,1661.6,31,1392.6,12,1694.0,14,1551.4,5,1500.0,0
Bacsinszky T.,1660.4,231,1634.6,130,1785.9,84,1598.6,17,1500.0,0
Hijikata R.,1660.2,116,1661.6,79,1325.1,13,1506.0,24,1500.0,0
Kanepi K.,1659.6,341,1695.9,204,1598.5,104,1471.1,33,1500.0,0
Sock J.,1659.0,242,1643.2,182,1593.6,37,1623.2,23,1500.0,0
Yuan Y.,1658.6,115,1614.7,90,1433.8,12,1428.8,13,1500.0,0
Tomljanovic A.,1658.2,415,1664.4,254,1530.6,104,1641.2,57,1500.0,0
Agamenone F.,1657.8,5,1500.0,0,1633.5,5,1500.0,0,1500.0,0
Zakharova A.,1657.0,58,1644.4,44,1412.4,7,1568.4,7,1500.0,0
Zhu L.,1656.7,203,1641.9,165,1321.3,16,1525.3,22,1500.0,0
Hewitt L.,1656.5,117,1643.8,74,1334.7,9,1767.6,34,1500.0,0
Anderson K.,1656.2,405,1593.0,272,1672.6,84,1739.8,49,1500.0,0
Maria T.,1656.1,342,1459.9,175,1534.8,107,1737.7,60,1500.0,0
Droguet T.,1655.6,26,1624.4,11,1607.7,14,1455.1,1,1500.0,0
Chardy J.,1655.5,354,1715.9,193,1555.8,122,1473.1,39,1500.0,0
Hsieh S.W.,1653.9,289,1696.5,194,1475.0,53,1602.1,42,1500.0,0
Olivieri G.,1653.7,3,1500.0,0,1645.4,3,1500.0,0,1500.0,0
Wong C.,1653.1,34,1660.2,30,1366.8,3,1462.4,1,1500.0,0
Evans D.,1651.6,296,1639.0,199,1460.3,51,1573.3,46,1500.0,0
Stricker D.,1651.2,44,1646.5,21,1532.2,15,1499.1,8,1500.0,0
Sasnovich A.,1651.2,325,1634.5,208,1589.9,81,1584.4,36,1500.0,0
Svajda Z.,1650.6,49,1512.8,37,1714.1,7,1588.9,5,1500.0,0
Almagro N.,1650.5,298,1597.1,111,1695.2,175,1580.8,12,1500.0,0
Moutet C.,1650.2,221,1709.5,116,1580.8,73,1554.0,32,1500.0,0
Medjedovic H.,1649.8,87,1525.7,41,1713.5,36,1470.9,10,1500.0,0
O Connell C.,1648.7,161,1653.5,114,1466.1,34,1475.0,13,1500.0,0
Shevchenko A.,1647.9,136,1654.4,77,1602.4,53,1356.4,6,1500.0,0
Martic P.,1646.9,408,1606.0,230,1695.9,133,1632.2,45,1500.0,0
Kecmanovic M.,1646.8,361,1639.5,227,1566.4,92,1570.8,42,1500.0,0
Tsonga J.W.,1646.3,425,1712.2,285,1586.9,88,1709.3,52,1500.0,0
Burruchaga R.,1645.9,36,1412.1,2,1707.1,32,1427.3,2,1500.0,0
Kalinina A.,1645.6,208,1562.9,113,1678.0,71,1513.1,24,1500.0,0
Andreescu B.,1645.6,187,1577.2,110,1739.2,40,1560.8,37,1500.0,0
Tsurenko L.,1645.1,379,1599.7,234,1697.6,94,1632.9,51,1500.0,0
Mayer F.,1644.9,223,1513.7,118,1617.6,74,1780.1,31,1500.0,0
Joint M.,1644.8,78,1631.5,56,1574.8,12,1638.7,10,1500.0,0
Udvardy P.,1644.5,70,1486.5,21,1637.8,39,1461.1,10,1500.0,0
Gavrilova D.,1644.1,233,1672.7,145,1597.5,62,1495.3,26,1500.0,0
Wu Y.,1641.8,61,1682.3,42,1502.4,12,1410.8,7,1500.0,0
Sherif M.,1641.7,121,1287.0,56,1730.8,60,1369.9,5,1500.0,0
Kopriva V.,1641.5,73,1538.1,19,1647.9,47,1442.6,7,1500.0,0
Mahut N.,1641.1,201,1612.1,119,1495.3,27,1636.2,55,1500.0,0
Puig M.,1640.3,273,1594.5,167,1646.5,76,1492.2,30,1500.0,0
Riedi L.,1640.0,14,1686.2,9,1471.2,4,1424.5,1,1500.0,0
Mannarino A.,1639.9,566,1656.1,384,1263.0,73,1650.1,109,1500.0,0
Boskovic L.,1638.8,6,1500.0,0,1626.7,6,1500.0,0,1500.0,0
Giron M.,1638.5,296,1603.9,198,1490.3,54,1639.5,44,1500.0,0
Wang Y.,1637.4,65,1588.2,50,1418.2,9,1381.1,6,1500.0,0
Pohankova M.,1637.1,5,1591.1,3,1500.0,0,1514.8,2,1500.0,0
Zarazua R.,1636.5,92,1618.7,58,1477.7,27,1429.4,7,1500.0,0
Monaco J.,1636.3,219,1551.2,85,1678.5,124,1573.7,10,1500.0,0
Ruzic A.,1636.2,52,1677.5,37,1575.3,8,1440.8,7,1500.0,0
Svrcina D.,1635.9,24,1656.7,20,1382.4,3,1435.4,1,1500.0,0
Goffin D.,1635.9,489,1610.0,324,1618.6,120,1606.9,45,1500.0,0
Karatsev A.,1635.9,162,1600.3,105,1589.3,45,1468.6,12,1500.0,0
Van Assche L.,1635.6,70,1502.8,32,1740.8,33,1367.8,5,1500.0,0
Riera J.,1635.0,26,1514.6,7,1650.6,18,1449.1,1,1500.0,0
Bellucci M.,1634.5,68,1547.3,41,1506.6,14,1591.2,13,1500.0,0
Donaldson J.,1633.5,66,1613.5,53,1420.8,7,1510.4,6,1500.0,0
Koepfer D.,1633.5,122,1645.0,70,1585.3,37,1442.2,15,1500.0,0
Saville D.,1633.3,81,1631.5,55,1541.7,16,1433.0,10,1500.0,0
Mochizuki S.,1630.7,35,1458.9,25,1480.5,1,1630.8,9,1500.0,0
Diallo G.,1630.6,96,1626.3,58,1515.0,17,1628.3,21,1500.0,0
Thiem D.,1630.6,411,1713.5,212,1627.5,175,1533.1,24,1500.0,0
Salkova D.,1630.4,18,1680.9,13,1444.2,5,1500.0,0,1500.0,0
Vallejo D.,1630.4,20,1593.2,4,1636.7,14,1385.0,2,1500.0,0
Birrell K.,1629.0,110,1618.5,84,1449.3,9,1454.0,17,1500.0,0
Bouchard E.,1628.8,303,1585.9,193,1678.5,78,1519.8,32,1500.0,0
Razzano V.,1628.7,108,1508.1,60,1652.4,38,1361.0,10,1500.0,0
Hunter S.,1628.3,24,1590.8,18,1523.6,5,1400.0,1,1500.0,0
Bautista Agut R.,1628.0,432,1601.5,253,1567.1,115,1655.1,64,1500.0,0
Kwon S.W.,1627.9,116,1629.3,89,1514.5,18,1450.6,9,1500.0,0
De Jong J.,1626.9,56,1552.4,19,1658.1,30,1468.0,7,1500.0,0
Wang Q.,1625.8,253,1613.3,189,1600.0,48,1433.8,16,1500.0,0
Pospisil V.,1625.4,215,1613.8,164,1299.3,17,1428.5,34,1500.0,0
Stephens S.,1625.1,550,1575.7,335,1690.5,172,1564.1,43,1500.0,0
Wang Yaf.,1624.7,98,1615.0,77,1496.6,14,1497.7,7,1500.0,0
Purcell M.,1624.4,79,1573.1,50,1444.7,11,1537.7,18,1500.0,0
Zvonareva V.,1624.2,272,1617.0,203,1530.2,44,1627.6,25,1500.0,0
Zheng J.,1624.2,190,1567.7,128,1526.2,36,1622.3,26,1500.0,0
Basavareddy N.,1623.9,28,1624.7,19,1467.9,6,1332.9,3,1500.0,0
Holmgren A.,1623.7,5,1459.4,2,1500.0,0,1626.9,3,1500.0,0
Burel C.,1622.4,114,1635.5,59,1620.6,47,1373.6,8,1500.0,0
Simon G.,1622.1,446,1626.5,271,1493.8,131,1498.0,44,1500.0,0
Sorribes Tormo S.,1621.6,285,1616.1,142,1623.8,116,1490.0,27,1500.0,0
Peng S.,1621.2,348,1608.8,242,1563.5,75,1592.9,31,1500.0,0
Ymer M.,1620.9,126,1588.2,84,1522.3,29,1584.9,13,1500.0,0
Mcdonald M.,1620.6,204,1654.3,150,1377.2,28,1546.6,26,1500.0,0
Peterson R.,1620.0,172,1714.1,103,1517.9,55,1347.5,14,1500.0,0
Bucsa C.,1619.3,141,1622.8,92,1391.3,35,1554.9,14,1500.0,0
Millman J.,1618.7,203,1604.7,146,1503.1,35,1500.9,22,1500.0,0
Nishioka Y.,1618.0,263,1601.4,203,1547.3,44,1383.3,16,1500.0,0
Knapp K.,1617.9,151,1545.7,72,1665.8,69,1381.9,10,1500.0,0
Cornet A.,1617.4,609,1569.8,365,1535.1,181,1629.8,63,1500.0,0
Zidansek T.,1616.5,167,1516.3,80,1702.0,76,1455.0,11,1500.0,0
Brouwer G.,1614.7,27,1573.7,10,1524.5,9,1522.2,8,1500.0,0
Liu C.,1614.4,108,1525.9,65,1599.3,31,1527.0,12,1500.0,0
Damm M.,1613.5,23,1609.3,15,1528.1,3,1492.5,5,1500.0,0
Vavassori A.,1613.3,24,1571.1,9,1593.3,13,1404.7,2,1500.0,0
Bolt A.,1613.2,43,1575.3,30,1534.5,2,1391.9,11,1500.0,0
Rybarikova M.,1612.6,320,1597.4,203,1455.9,58,1657.5,59,1500.0,0
Kohlschreiber P.,1612.1,400,1614.3,208,1628.5,141,1605.0,51,1500.0,0
Landaluce M.,1611.4,36,1655.4,16,1577.2,15,1398.5,5,1500.0,0
Garin C.,1611.1,233,1582.8,70,1607.4,143,1623.9,20,1500.0,0
Ivashka I.,1610.3,141,1625.9,89,1532.6,29,1540.5,23,1500.0,0
Sun L.,1610.2,65,1574.0,47,1459.5,7,1582.9,11,1500.0,0
Seyboth Wild T.,1610.2,87,1578.6,26,1584.3,57,1530.1,4,1500.0,0
Jarry N.,1610.0,175,1575.3,64,1557.6,90,1652.1,21,1500.0,0
Ortenzi J.,1609.9,5,1434.3,1,1667.7,4,1500.0,0,1500.0,0
Pera B.,1608.1,221,1496.9,120,1700.7,83,1440.7,18,1500.0,0
Dolehide C.,1607.6,126,1564.0,87,1585.5,27,1476.3,12,1500.0,0
Tjen J.,1607.0,44,1654.2,32,1467.0,7,1453.0,5,1500.0,0
Klein L.,1606.1,25,1583.9,14,1497.4,8,1408.0,3,1500.0,0
Krajinovic F.,1605.8,188,1593.2,114,1562.3,65,1658.7,9,1500.0,0
Zeballos H.,1605.8,138,1550.2,46,1642.1,86,1237.1,6,1500.0,0
Harris L.,1605.7,140,1594.4,97,1432.5,23,1522.8,20,1500.0,0
Comesana F.,1605.4,71,1559.7,28,1598.4,38,1524.8,5,1500.0,0
Vinci R.,1604.1,438,1599.7,272,1554.6,124,1562.0,42,1500.0,0
Walton A.,1603.8,70,1554.6,51,1524.4,10,1427.2,9,1500.0,0
Barton M.,1602.7,8,1590.5,4,1505.3,2,1520.4,2,1500.0,0
Dellacqua C.,1602.7,117,1554.8,77,1499.7,16,1643.1,24,1500.0,0
Melzer J.,1602.5,170,1564.8,101,1571.5,50,1634.2,19,1500.0,0
Devilder N.,1602.3,4,1500.0,0,1600.4,4,1500.0,0,1500.0,0
Martinez-Sanchez M.J.,1601.9,98,1596.3,54,1637.0,34,1526.7,10,1500.0,0
Ugo Carabelli C.,1601.5,90,1495.9,27,1652.9,59,1345.7,4,1500.0,0
Herbert P.H.,1600.8,163,1628.9,105,1522.1,35,1496.9,23,1500.0,0
Lucic M.,1600.8,143,1553.1,75,1558.5,43,1551.3,25,1500.0,0
Young D.,1600.5,197,1585.6,146,1406.7,21,1614.4,30,1500.0,0
Ficovich J.P.,1600.1,9,1613.1,5,1484.6,4,1500.0,0,1500.0,0
Flipkens K.,1599.8,378,1538.2,235,1488.6,68,1651.2,75,1500.0,0
Petrova N.,1599.8,182,1652.1,115,1569.9,47,1618.7,20,1500.0,0
Duckworth J.,1599.4,182,1534.9,133,1397.6,16,1547.2,33,1500.0,0
Parks A.,1599.2,131,1572.5,87,1552.9,33,1420.3,11,1500.0,0
Llamas Ruiz P.,1598.9,18,1516.9,3,1601.7,14,1410.0,1,1500.0,0
Juvan K.,1598.8,100,1531.8,57,1664.3,29,1516.8,14,1500.0,0
Pouille L.,1597.2,200,1604.9,115,1512.5,56,1698.5,29,1500.0,0
Blinkova A.,1596.9,261,1599.2,169,1441.9,56,1525.9,36,1500.0,0
Strycova B.,1596.4,272,1524.8,162,1598.8,64,1707.2,46,1500.0,0
Carballes Baena R.,1594.6,260,1569.1,90,1584.9,154,1416.6,16,1500.0,0
Misolic F.,1594.6,35,1470.0,10,1678.5,24,1451.6,1,1500.0,0
Hernych J.,1594.1,21,1578.9,4,1546.8,4,1541.1,13,1500.0,0
Acasuso J.,1593.4,3,1500.0,0,1589.1,3,1500.0,0,1500.0,0
Starodubtseva Y.,1593.1,67,1456.1,35,1712.9,23,1457.3,9,1500.0,0
Sonobe W.,1592.0,5,1577.6,5,1500.0,0,1500.0,0,1500.0,0
Hercog P.,1591.5,360,1503.5,168,1629.1,161,1488.7,31,1500.0,0
Hussey G.,1591.3,4,1500.0,0,1500.0,0,1474.0,4,1500.0,0
Van Rijthoven T.,1591.3,20,1430.4,9,1500.0,0,1699.0,11,1500.0,0
Gasquet R.,1591.0,525,1588.6,334,1553.3,136,1568.2,55,1500.0,0
Jankovic J.,1590.7,431,1633.5,280,1584.3,113,1587.8,38,1500.0,0
Johnson S.,1590.6,283,1544.9,189,1551.4,41,1628.3,53,1500.0,0
Wawrinka S.,1590.2,539,1662.5,321,1540.8,181,1568.5,37,1500.0,0
Haas T.,1589.7,183,1639.8,101,1569.6,60,1671.4,22,1500.0,0
Eubanks C.,1589.5,108,1542.4,71,1465.7,11,1587.3,26,1500.0,0
Fognini F.,1589.3,524,1524.5,230,1623.9,260,1543.2,34,1500.0,0
Bogdan A.,1589.2,194,1519.5,104,1634.3,75,1482.5,15,1500.0,0
Robredo T.,1589.1,198,1658.8,90,1506.9,100,1728.7,8,1500.0,0
Djere L.,1588.9,288,1535.6,107,1677.6,156,1445.0,25,1500.0,0
Nardi L.,1588.7,57,1605.9,36,1445.0,16,1412.6,5,1500.0,0
Errani S.,1588.7,556,1560.5,277,1574.3,246,1364.7,33,1500.0,0
Ofner S.,1588.6,117,1449.6,37,1612.7,59,1594.0,21,1500.0,0
Nava E.,1588.5,49,1529.6,32,1576.3,15,1408.9,2,1500.0,0
Basiletti N.,1587.1,2,1500.0,0,1567.8,2,1500.0,0,1500.0,0
Burrage J.,1587.1,46,1536.2,21,1467.3,3,1560.9,22,1500.0,0
Nieminen J.,1587.0,201,1556.3,130,1542.4,52,1470.5,19,1500.0,0
Del Bonis F.,1586.9,10,1500.0,0,1625.7,10,1500.0,0,1500.0,0
Dzumhur D.,1585.8,239,1459.8,144,1628.5,80,1337.2,15,1500.0,0
Muller A.,1585.3,133,1617.6,69,1573.7,56,1495.4,8,1500.0,0
Lee C.Y.,1585.2,2,1531.1,2,1500.0,0,1500.0,0,1500.0,0
Muguruza Blanco G.,1585.1,11,1693.7,4,1564.0,6,1430.9,1,1500.0,0
Vandeweghe C.,1584.9,282,1485.3,179,1652.9,38,1613.1,65,1500.0,0
Diyas Z.,1584.2,223,1584.7,152,1550.5,46,1530.8,25,1500.0,0
Haddad Maia B.,1583.8,278,1575.0,171,1623.6,65,1634.8,42,1500.0,0
Berankis R.,1583.6,188,1593.7,145,1440.3,28,1301.9,15,1500.0,0
Vesely J.,1583.4,211,1558.7,100,1497.1,83,1611.4,28,1500.0,0
Garland J.,1583.1,8,1562.3,5,1537.6,2,1456.5,1,1500.0,0
Torres T.,1582.8,3,1500.0,0,1586.4,3,1500.0,0,1500.0,0
Abanda F.,1582.8,29,1545.8,25,1511.8,2,1509.0,2,1500.0,0
Lamens S.,1582.7,66,1542.9,40,1559.3,15,1460.9,11,1500.0,0
Tomova V.,1582.6,156,1542.0,78,1494.5,54,1475.1,24,1500.0,0
Volynets K.,1582.6,124,1534.0,79,1500.4,31,1415.2,14,1500.0,0
Varillas J. P.,1582.3,21,1459.7,2,1623.1,19,1500.0,0,1500.0,0
Brengle M.,1582.3,236,1564.9,156,1552.7,50,1466.3,30,1500.0,0
Querrey S.,1582.2,374,1512.3,242,1540.4,54,1659.5,78,1500.0,0
Stevanovic N.,1582.0,9,1500.0,0,1506.3,5,1602.8,4,1500.0,0
Kovalik J.,1581.6,60,1383.2,21,1611.9,37,1376.9,2,1500.0,0
Taberner C.,1581.6,44,1479.9,9,1589.1,34,1400.2,1,1500.0,0
Collins D.R.,1581.6,5,1485.4,1,1500.0,0,1504.7,4,1500.0,0
Davis L.,1581.4,325,1590.6,207,1524.5,69,1452.5,49,1500.0,0
Peniston R.,1581.2,13,1415.3,1,1500.0,0,1497.0,12,1500.0,0
Schwartzman D.,1581.2,363,1609.5,175,1603.9,167,1556.8,21,1500.0,0
Badosa Gibert. P.,1580.6,4,1575.0,4,1500.0,0,1500.0,0,1500.0,0
Brown D.,1579.7,113,1522.9,44,1486.6,45,1537.4,24,1500.0,0
Stakusic M.,1579.5,24,1572.8,21,1454.4,2,1462.5,1,1500.0,0
Carreno-Busta P.,1579.0,69,1472.1,23,1604.6,45,1479.8,1,1500.0,0
Niemeier J.,1579.0,90,1500.6,36,1484.3,33,1577.1,21,1500.0,0
Harrison R.,1578.9,202,1557.8,149,1480.1,27,1438.6,26,1500.0,0
Kuznetsov An.,1578.5,143,1527.4,68,1597.0,58,1521.2,17,1500.0,0
Virtanen O.,1578.3,26,1487.7,11,1475.5,8,1516.9,7,1500.0,0
Troicki V.,1577.9,281,1567.4,180,1635.8,69,1499.5,32,1500.0,0
Hewitt C.,1577.9,2,1575.2,2,1500.0,0,1500.0,0,1500.0,0
Dedura-Palomero D.,1577.8,2,1500.0,0,1533.3,2,1500.0,0,1500.0,0
Lajovic D.,1577.5,365,1594.4,158,1562.9,185,1358.9,22,1500.0,0
Van Uytvanck A.,1577.4,267,1613.2,166,1442.6,60,1474.3,41,1500.0,0
Den Ouden G.,1577.2,2,1571.7,2,1500.0,0,1500.0,0,1500.0,0
Sela D.,1577.2,147,1540.8,100,1255.2,18,1604.7,29,1500.0,0
Lajal M.,1576.4,8,1451.2,4,1500.0,0,1569.2,4,1500.0,0
Kozlova K.,1576.1,148,1495.8,97,1612.2,40,1452.4,11,1500.0,0
Bronzetti L.,1576.1,163,1576.2,98,1488.2,48,1437.6,17,1500.0,0
Pella G.,1576.0,211,1553.7,86,1529.3,105,1524.7,20,1500.0,0
Pinnington Jones J.,1575.6,11,1630.5,3,1476.7,1,1428.3,7,1500.0,0
Watson H.,1575.3,340,1521.9,200,1486.7,51,1542.1,89,1500.0,0
Bellier A.,1574.8,9,1487.9,3,1413.7,2,1622.1,4,1500.0,0
Wickmayer Y.,1574.7,365,1577.1,231,1557.6,79,1478.8,55,1500.0,0
Mpetshi G.,1573.8,101,1549.8,65,1546.7,19,1519.4,17,1500.0,0
Cervenak P.,1573.3,8,1500.0,0,1567.4,8,1500.0,0,1500.0,0
Meusburger Y.,1573.2,87,1512.8,34,1586.2,47,1481.8,6,1500.0,0
Ishii S.,1571.8,5,1551.1,5,1500.0,0,1500.0,0,1500.0,0
Hon P.,1571.2,60,1550.2,55,1542.9,2,1362.4,3,1500.0,0
Lisicki S.,1571.1,302,1604.6,188,1450.7,60,1673.1,54,1500.0,0
Grant T.C.,1570.5,8,1410.5,1,1465.7,5,1575.1,2,1500.0,0
Bailly G.A.,1570.3,2,1563.9,2,1500.0,0,1500.0,0,1500.0,0
Gasanova A.,1570.2,28,1620.9,20,1346.5,3,1440.4,5,1500.0,0
Cuevas P.,1570.2,246,1478.9,80,1589.8,155,1471.5,11,1500.0,0
Moller E.,1570.1,13,1480.4,1,1583.6,11,1450.8,1,1500.0,0
Fearnley J.,1569.9,51,1523.6,25,1579.9,14,1529.2,12,1500.0,0
Bemelmans R.,1568.5,37,1519.4,21,1522.8,2,1498.1,14,1500.0,0
Allertova D.,1568.4,89,1582.5,62,1400.6,16,1457.2,11,1500.0,0
Butvilas E.,1568.1,2,1500.0,0,1538.6,2,1500.0,0,1500.0,0
Edmund K.,1568.0,169,1611.0,116,1439.2,31,1441.4,22,1500.0,0
Boyer T.,1567.7,17,1633.0,13,1382.5,3,1445.1,1,1500.0,0
Hives Z.,1567.2,7,1556.7,6,1500.0,0,1446.0,1,1500.0,0
Ramos A.,1566.9,150,1427.2,49,1576.3,96,1420.6,5,1500.0,0
Jones E.,1566.3,11,1533.0,10,1495.2,1,1500.0,0,1500.0,0
Trungelliti M.,1566.1,53,1452.2,12,1560.0,38,1326.0,3,1500.0,0
Herbert P.H,1565.8,5,1488.6,3,1581.5,2,1500.0,0,1500.0,0
Broady L.,1565.5,47,1589.2,21,1402.3,2,1442.7,24,1500.0,0
Bedene A.,1565.2,221,1568.8,104,1583.8,90,1469.8,27,1500.0,0
Van Der Merwe I.,1565.1,8,1504.8,5,1500.0,0,1575.3,3,1500.0,0
Niculescu M.,1564.7,335,1554.4,253,1427.6,50,1482.4,32,1500.0,0
Hradecka L.,1563.7,176,1537.2,99,1599.1,69,1316.0,8,1500.0,0
Inglis M.,1563.5,35,1589.2,28,1459.2,3,1308.6,4,1500.0,0
Willis M.,1563.3,2,1500.0,0,1500.0,0,1514.2,2,1500.0,0
Guinard M.,1563.0,13,1522.0,8,1514.6,5,1500.0,0,1500.0,0
Lapushchenkova A.,1562.9,11,1476.5,3,1584.2,7,1424.5,1,1500.0,0
Anshba A.,1562.6,4,1517.2,2,1505.4,2,1500.0,0,1500.0,0
Mcnally C.,1562.5,71,1525.5,47,1519.6,12,1467.2,12,1500.0,0
Kovacevic A.,1562.5,116,1561.8,83,1450.8,22,1336.7,11,1500.0,0
Budkov Kjaer N.,1562.4,10,1405.4,4,1600.4,6,1500.0,0,1500.0,0
Berrettini J.,1562.4,2,1540.6,2,1500.0,0,1500.0,0,1500.0,0
Kovinic D.,1562.1,207,1489.3,102,1604.6,99,1241.2,6,1500.0,0
Iatcenko P.,1561.8,3,1540.6,3,1500.0,0,1500.0,0,1500.0,0
Barrere G.,1561.4,98,1483.7,60,1506.0,26,1564.8,12,1500.0,0
Selekhmeteva O.,1560.9,30,1601.4,19,1425.6,9,1538.2,2,1500.0,0
Jovanovski B.,1560.7,222,1540.6,159,1501.2,39,1429.0,24,1500.0,0
Lansere S.,1560.7,4,1531.5,2,1566.3,2,1500.0,0,1500.0,0
Minnen G.,1560.4,123,1518.1,87,1313.6,13,1531.3,23,1500.0,0
Sugita Y.,1560.1,89,1534.2,62,1605.6,7,1580.3,20,1500.0,0
Sharma A.,1559.6,75,1393.3,29,1605.8,41,1400.9,5,1500.0,0
Monteiro T.,1559.5,183,1463.9,58,1589.2,116,1350.2,9,1500.0,0
Basilashvili N.,1559.1,263,1509.0,155,1543.6,82,1589.9,26,1500.0,0
Kuzmova V.,1558.9,110,1545.9,74,1552.9,27,1357.1,9,1500.0,0
Ferrero J.C.,1558.4,47,1547.8,19,1572.0,27,1489.4,1,1500.0,0
Mattek-Sands B.,1558.3,196,1536.9,127,1565.7,58,1469.0,11,1500.0,0
Forejtek J.,1558.2,2,1555.6,2,1500.0,0,1500.0,0,1500.0,0
Gerasimov E.,1558.0,90,1512.1,75,1454.4,11,1550.9,4,1500.0,0
Naef C.,1557.9,9,1437.9,2,1457.9,1,1558.5,6,1500.0,0
Schmiedlova A.,1557.9,271,1529.9,141,1573.6,115,1268.1,15,1500.0,0
Da Silva Fick G.,1556.8,2,1554.1,2,1500.0,0,1500.0,0,1500.0,0
Cetkovska P.,1556.6,105,1550.0,46,1599.9,40,1505.2,19,1500.0,0
Diaz Acosta F.,1556.6,55,1544.5,16,1555.9,38,1460.5,1,1500.0,0
Pecotic M.,1556.0,2,1549.2,2,1500.0,0,1500.0,0,1500.0,0
Arango E.,1555.8,78,1542.2,44,1490.9,29,1411.9,5,1500.0,0
Kouame M.,1555.3,9,1458.9,4,1554.9,5,1500.0,0,1500.0,0
Sramkova R.,1555.3,101,1529.4,68,1553.2,23,1560.4,10,1500.0,0
Stebe C-M.,1555.0,2,1548.3,2,1500.0,0,1500.0,0,1500.0,0
Domingues J.,1554.7,8,1500.0,0,1495.3,8,1500.0,0,1500.0,0
Turati B.,1554.1,2,1550.7,2,1500.0,0,1500.0,0,1500.0,0
Vukic A.,1554.0,150,1565.8,103,1390.0,22,1473.3,25,1500.0,0
Bagnis F.,1553.8,120,1499.6,30,1551.1,86,1300.6,4,1500.0,0
Erler A.,1553.7,2,1500.0,0,1539.0,2,1500.0,0,1500.0,0
Delbonis F.,1553.7,278,1347.4,80,1614.9,189,1238.0,9,1500.0,0
Zhang Zh.,1553.3,128,1485.6,72,1598.9,39,1617.8,17,1500.0,0
Puetz T.,1553.2,2,1500.0,0,1500.0,0,1497.9,2,1500.0,0
King V.,1553.1,172,1539.9,119,1582.7,43,1300.3,10,1500.0,0
Ibragimova A.,1553.1,2,1500.0,0,1532.8,2,1500.0,0,1500.0,0
Zuger J.,1552.9,2,1500.0,0,1552.1,2,1500.0,0,1500.0,0
Fernandez L.,1552.7,8,1529.1,8,1500.0,0,1500.0,0,1500.0,0
Bolsova Zadoinov A.,1552.5,5,1500.0,0,1472.0,5,1500.0,0,1500.0,0
Kawa K.,1552.4,43,1405.2,18,1607.0,22,1498.3,3,1500.0,0
Haase R.,1551.9,306,1553.7,154,1534.3,120,1508.4,32,1500.0,0
Tomic B.,1551.7,263,1557.9,164,1399.3,52,1608.5,47,1500.0,0
Ahn K.,1551.2,43,1548.3,27,1441.8,7,1498.0,9,1500.0,0
Quiroz R.,1551.2,3,1549.3,3,1500.0,0,1500.0,0,1500.0,0
Bolkvadze M.,1551.1,7,1534.5,3,1435.4,1,1518.3,3,1500.0,0
Bu Y.,1551.1,55,1553.0,46,1353.1,7,1401.6,2,1500.0,0
Nanda G.,1551.0,2,1549.4,2,1500.0,0,1500.0,0,1500.0,0
Siskova A.,1550.4,6,1442.5,1,1605.0,5,1500.0,0,1500.0,0
Bennani K.,1550.1,2,1500.0,0,1549.0,2,1500.0,0,1500.0,0
Vidmanova D.,1550.0,13,1537.0,11,1469.8,1,1478.3,1,1500.0,0
Dodin O.,1549.5,127,1543.2,75,1493.5,43,1344.3,9,1500.0,0
Quevedo K.,1549.4,10,1483.7,3,1560.2,7,1500.0,0,1500.0,0
Coric B.,1549.2,282,1540.3,181,1630.9,86,1435.4,15,1500.0,0
Kotov P.,1548.2,81,1472.4,45,1638.4,32,1505.1,4,1500.0,0
Hong S.,1548.1,5,1546.6,5,1500.0,0,1500.0,0,1500.0,0
Zheng S.,1548.1,217,1516.3,169,1473.6,31,1337.6,17,1500.0,0
Berberovic N.,1547.7,2,1500.0,0,1529.9,2,1500.0,0,1500.0,0
Stollar F.,1547.4,30,1424.5,11,1559.3,17,1510.0,2,1500.0,0
Varillas J.P.,1547.2,40,1560.1,11,1537.3,28,1426.4,1,1500.0,0
Seppi A.,1547.0,371,1549.2,217,1455.7,98,1563.6,56,1500.0,0
Rakotomanga Rajaonah T.,1546.9,17,1571.1,10,1450.6,7,1500.0,0,1500.0,0
Kutrovsky D.,1546.5,3,1545.6,3,1500.0,0,1500.0,0,1500.0,0
Zemlja G.,1546.1,55,1463.0,31,1555.4,12,1569.0,12,1500.0,0
Bai Z.,1546.0,23,1547.5,14,1399.7,5,1466.4,4,1500.0,0
Sebov K.,1545.2,13,1534.1,10,1484.8,3,1500.0,0,1500.0,0
Lee D.H.,1545.2,2,1549.3,2,1500.0,0,1500.0,0,1500.0,0
Branstine C.,1545.0,4,1480.2,1,1500.0,0,1502.5,3,1500.0,0
Kalieva E.,1544.9,15,1559.1,11,1327.8,4,1500.0,0,1500.0,0
Sakatsume H.,1544.2,11,1556.7,10,1500.0,0,1458.2,1,1500.0,0
Gaston H.,1544.2,131,1503.2,61,1577.2,62,1417.4,8,1500.0,0
Waltert S.,1544.1,37,1528.3,10,1500.6,25,1359.6,2,1500.0,0
Albot R.,1544.1,188,1575.5,120,1497.2,47,1349.4,21,1500.0,0
Blanchet U.,1544.0,13,1542.1,10,1467.4,3,1500.0,0,1500.0,0
Gojowczyk P.,1543.8,119,1550.3,85,1310.5,10,1538.0,24,1500.0,0
Llodra M.,1543.8,101,1535.9,69,1500.5,17,1524.1,15,1500.0,0
Pella C.,1543.7,5,1515.3,2,1550.7,3,1500.0,0,1500.0,0
Krejsova P.,1543.4,2,1500.0,0,1500.0,0,1507.0,2,1500.0,0
Jacquemot E.,1543.3,52,1517.8,25,1489.5,23,1465.0,4,1500.0,0
Greul S.,1543.3,6,1513.5,4,1509.0,2,1500.0,0,1500.0,0
Galfi D.,1543.2,80,1428.7,38,1493.1,26,1666.9,16,1500.0,0
Ito A.,1543.0,19,1543.8,17,1500.0,0,1397.0,2,1500.0,0
Hanatani N.,1542.3,2,1507.3,2,1500.0,0,1500.0,0,1500.0,0
Krunic A.,1542.2,197,1496.7,107,1509.1,65,1558.1,25,1500.0,0
Zanevska M.,1542.0,81,1485.2,30,1584.7,45,1321.7,6,1500.0,0
Fett J.,1541.8,62,1444.3,38,1544.6,18,1369.1,6,1500.0,0
Stosur S.,1541.8,546,1503.4,332,1703.2,168,1444.5,46,1500.0,0
Rus A.,1541.7,231,1507.8,99,1583.2,104,1363.9,28,1500.0,0
Morita A.,1541.7,146,1538.8,103,1562.2,30,1380.5,13,1500.0,0
Tan H.,1541.6,40,1407.0,16,1494.5,19,1663.0,5,1500.0,0
Date Krumm K.,1541.5,131,1519.2,103,1418.4,11,1571.8,17,1500.0,0
Winter E.,1540.9,2,1527.4,2,1500.0,0,1500.0,0,1500.0,0
Konjuh A.,1540.0,159,1543.9,95,1492.7,37,1608.6,27,1500.0,0
Tipsarevic J.,1539.6,241,1563.0,155,1510.5,59,1482.4,27,1500.0,0
Larsson J.,1539.3,322,1502.5,166,1596.2,138,1291.6,18,1500.0,0
Schwank E.,1539.1,17,1470.3,3,1531.0,14,1500.0,0,1500.0,0
Cecchinato M.,1538.5,157,1319.8,40,1567.5,110,1251.9,7,1500.0,0
Pliskova Kr.,1538.4,226,1491.3,121,1544.6,72,1424.7,33,1500.0,0
Celikbilek A.,1538.3,9,1535.6,6,1500.0,0,1490.7,3,1500.0,0
Johansson J.,1538.3,2,1536.4,2,1500.0,0,1500.0,0,1500.0,0
Pervak K.,1538.2,108,1549.3,78,1498.0,24,1528.6,6,1500.0,0
Tarvet O.,1537.7,3,1500.0,0,1500.0,0,1503.9,3,1500.0,0
Wang C.,1537.5,2,1537.7,2,1500.0,0,1500.0,0,1500.0,0
Ishizu S.,1537.4,5,1518.7,5,1500.0,0,1500.0,0,1500.0,0
Lu Y.H.,1537.4,182,1526.5,140,1361.6,16,1563.4,26,1500.0,0
Havlickova L.,1537.1,9,1521.3,9,1500.0,0,1500.0,0,1500.0,0
Silva F.F.,1537.0,2,1500.0,0,1535.7,2,1500.0,0,1500.0,0
Boserup J.,1536.8,26,1572.2,18,1442.2,2,1519.6,6,1500.0,0
Scheepers C.,1536.5,179,1415.5,105,1642.9,65,1400.9,9,1500.0,0
Davydenko N.,1536.4,160,1602.4,112,1433.0,46,1408.6,2,1500.0,0
Micic E.,1536.1,2,1540.2,2,1500.0,0,1500.0,0,1500.0,0
Boogaard T.,1535.6,3,1462.5,1,1500.0,0,1533.3,2,1500.0,0
Gomez F.A.,1535.6,6,1493.0,1,1533.0,5,1500.0,0,1500.0,0
Lumsden M.,1534.6,2,1500.0,0,1500.0,0,1508.4,2,1500.0,0
Mladenovic K.,1534.1,440,1570.6,265,1496.0,115,1607.3,60,1500.0,0
Istomin D.,1534.1,273,1546.4,166,1513.0,70,1440.1,37,1500.0,0
Teichmann J.B.,1533.9,8,1560.7,2,1447.4,6,1500.0,0,1500.0,0
Martincova T.,1533.8,170,1562.3,111,1410.6,34,1492.8,25,1500.0,0
Kubler J.,1533.6,53,1489.9,27,1563.0,14,1602.7,12,1500.0,0
Arseneault N.,1533.5,2,1528.1,2,1500.0,0,1500.0,0,1500.0,0
Samuel T.,1533.5,6,1500.0,0,1480.0,1,1455.7,5,1500.0,0
Duclos P.L.,1533.5,3,1512.1,2,1500.0,0,1464.0,1,1500.0,0
Ramos-Vinolas A.,1533.1,362,1455.7,126,1577.1,220,1312.1,16,1500.0,0
Capra B.,1533.0,5,1508.5,5,1500.0,0,1500.0,0,1500.0,0
Dolonc V.,1532.7,28,1518.5,19,1359.2,3,1580.5,6,1500.0,0
Kumkhum L.,1532.7,58,1551.0,49,1306.6,5,1487.5,4,1500.0,0
Moroni G.,1532.7,2,1500.0,0,1512.7,2,1500.0,0,1500.0,0
Shibahara E.,1531.9,17,1494.5,14,1510.9,2,1446.8,1,1500.0,0
Moraing M.,1531.7,3,1500.0,0,1552.6,2,1457.6,1,1500.0,0
Yamalapalli S.,1531.6,2,1526.8,2,1500.0,0,1500.0,0,1500.0,0
Bourchier H.,1531.5,2,1522.4,2,1500.0,0,1500.0,0,1500.0,0
Shymanovich I.,1531.5,16,1459.8,6,1541.0,9,1436.9,1,1500.0,0
Karlovic I.,1531.4,284,1516.4,187,1565.0,53,1568.4,44,1500.0,0
Sidorenko A.,1531.3,2,1505.1,2,1500.0,0,1500.0,0,1500.0,0
Reix C.,1530.8,2,1525.8,2,1500.0,0,1500.0,0,1500.0,0
Hanescu V.,1530.5,128,1415.3,43,1637.8,77,1343.1,8,1500.0,0
Vilella Martinez M.,1530.5,10,1499.6,7,1524.4,3,1500.0,0,1500.0,0
Hruncakova V.,1530.3,17,1456.0,9,1483.9,3,1583.9,5,1500.0,0
Shvedova Y.,1530.2,233,1500.7,122,1534.1,78,1716.4,33,1500.0,0
Tig P.M.,1530.1,92,1510.9,49,1553.6,39,1410.8,4,1500.0,0
Grabher J.,1529.8,60,1410.6,25,1573.5,33,1371.9,2,1500.0,0
Ljubicic I.,1529.6,53,1492.1,35,1566.7,13,1595.1,5,1500.0,0
Bjorklund M.,1529.4,17,1514.4,9,1499.9,7,1486.9,1,1500.0,0
Royer V.,1529.2,43,1520.0,31,1414.3,7,1522.6,5,1500.0,0
Swan K.,1529.1,23,1561.5,6,1500.0,0,1344.1,17,1500.0,0
Schiavone F.,1528.9,325,1416.3,173,1636.7,116,1465.9,36,1500.0,0
Sweeting R.,1528.8,54,1454.3,36,1644.1,9,1443.7,9,1500.0,0
Stefanini L.,1528.8,45,1516.7,27,1408.3,14,1446.4,4,1500.0,0
Carle M.,1528.8,35,1419.3,10,1519.3,24,1378.6,1,1500.0,0
Rodrigues M.,1528.3,2,1522.1,2,1500.0,0,1500.0,0,1500.0,0
Gojo B.,1528.2,28,1601.1,19,1361.4,7,1358.1,2,1500.0,0
Gonzalez S.,1528.1,3,1500.0,0,1493.2,3,1500.0,0,1500.0,0
Andujar P.,1527.7,307,1502.6,129,1539.1,165,1240.7,13,1500.0,0
Blanch Dar.,1527.4,6,1508.9,6,1500.0,0,1500.0,0,1500.0,0
Kudermetova P.,1527.2,59,1535.7,42,1445.3,10,1409.8,7,1500.0,0
Zhang K-L.,1527.1,2,1518.9,2,1500.0,0,1500.0,0,1500.0,0
Kwon S.,1526.9,3,1459.4,1,1500.0,0,1534.8,2,1500.0,0
Witthoeft C.,1526.7,118,1600.5,63,1379.7,38,1486.6,17,1500.0,0
Parmentier P.,1526.6,234,1545.9,123,1471.1,94,1286.1,17,1500.0,0
Wannasuk N.,1526.5,3,1526.8,3,1500.0,0,1500.0,0,1500.0,0
Beck A.,1526.5,220,1503.9,128,1523.3,75,1517.3,17,1500.0,0
Ferro F.,1526.4,120,1481.8,53,1511.6,62,1337.3,5,1500.0,0
Arruabarrena L.,1526.2,181,1426.9,72,1527.2,96,1500.5,13,1500.0,0
Samson L.,1526.1,5,1415.1,2,1599.2,3,1500.0,0,1500.0,0
Pareja J.,1526.1,8,1456.5,2,1585.7,6,1500.0,0,1500.0,0
Fratangelo B.,1525.9,52,1517.8,36,1457.9,11,1577.2,5,1500.0,0
Di Giuseppe M.,1525.9,9,1472.9,1,1570.9,7,1434.3,1,1500.0,0
Noha Akugue N.,1525.5,13,1448.1,1,1565.4,12,1500.0,0,1500.0,0
Romero Gormaz L.,1525.4,10,1416.0,1,1544.4,9,1500.0,0,1500.0,0
Sachko V.,1525.4,11,1609.5,7,1387.5,4,1500.0,0,1500.0,0
Sweeny D.,1525.0,10,1517.9,9,1500.0,0,1470.6,1,1500.0,0
Milojevic N.,1524.7,14,1467.5,6,1564.8,8,1500.0,0,1500.0,0
Alund M.,1524.5,17,1500.0,0,1544.5,16,1476.4,1,1500.0,0
Montanes A.,1523.7,153,1266.6,29,1578.7,120,1318.2,4,1500.0,0
Harris A.,1523.6,3,1509.7,3,1500.0,0,1500.0,0,1500.0,0
Friedsam A.L.,1523.6,142,1531.0,77,1489.4,46,1448.1,19,1500.0,0
Krueger M.,1523.4,32,1499.0,24,1509.9,3,1413.8,5,1500.0,0
Zhou Y.,1523.3,10,1498.6,10,1500.0,0,1500.0,0,1500.0,0
Roger-Vasselin E.,1523.2,154,1532.9,88,1460.6,40,1508.8,26,1500.0,0
Lammer M.,1523.1,3,1529.8,2,1469.0,1,1500.0,0,1500.0,0
Lacko L.,1522.9,130,1508.9,98,1341.5,9,1440.4,23,1500.0,0
Mertl J.,1522.5,2,1500.0,0,1512.3,2,1500.0,0,1500.0,0
Kumar O.,1522.4,5,1540.2,5,1500.0,0,1500.0,0,1500.0,0
Michon A.,1522.2,2,1500.0,0,1512.6,2,1500.0,0,1500.0,0
Youzhny M.,1522.1,272,1557.0,154,1430.9,80,1671.7,38,1500.0,0
Antoniychuk K.,1522.0,2,1500.0,0,1504.2,2,1500.0,0,1500.0,0
Cacic N.,1522.0,2,1500.0,0,1517.5,2,1500.0,0,1500.0,0
Lee Y.R.,1521.9,2,1515.3,2,1500.0,0,1500.0,0,1500.0,0
Stebe C.M.,1521.9,74,1505.4,34,1576.0,31,1371.0,9,1500.0,0
Basic M.,1521.7,20,1490.7,13,1496.7,5,1489.4,2,1500.0,0
Gadecki O.,1521.6,34,1594.2,26,1382.0,4,1321.2,4,1500.0,0
Mager G.,1521.5,59,1472.2,28,1570.5,29,1518.7,2,1500.0,0
Rufin G.,1521.4,35,1559.2,14,1420.3,15,1480.3,6,1500.0,0
Feldbausch K.,1521.3,3,1500.0,0,1519.3,3,1500.0,0,1500.0,0
Fruhvirtova B.,1520.8,19,1439.6,12,1455.4,5,1548.3,2,1500.0,0
Arvidsson S.,1520.7,142,1579.9,88,1462.9,44,1386.4,10,1500.0,0
Khazaniuk D.,1520.7,2,1519.7,2,1500.0,0,1500.0,0,1500.0,0
Sandgren T.,1520.5,86,1479.2,57,1358.9,14,1564.5,15,1500.0,0
Gombos N.,1520.4,63,1448.4,38,1578.4,21,1362.2,4,1500.0,0
Gibbs N.,1520.4,91,1516.5,77,1306.3,11,1342.1,3,1500.0,0
Osorio Serrano M.C.,1520.3,4,1500.0,0,1495.2,4,1500.0,0,1500.0,0
Larriere V.,1520.3,4,1534.6,3,1431.7,1,1500.0,0,1500.0,0
Kamke T.,1520.2,140,1466.9,83,1545.2,37,1510.4,20,1500.0,0
Dutra Da Silva R.,1520.1,2,1513.4,2,1500.0,0,1500.0,0,1500.0,0
Renavand N.,1520.0,2,1478.6,2,1500.0,0,1500.0,0,1500.0,0
Routliffe E.,1519.0,3,1448.0,1,1539.1,2,1500.0,0,1500.0,0
Jorda Sanchis D.,1519.0,2,1500.0,0,1510.3,2,1500.0,0,1500.0,0
Hantuchova D.,1519.0,301,1487.1,202,1527.5,56,1586.0,43,1500.0,0
Baadi T.,1518.5,3,1500.0,0,1475.7,3,1500.0,0,1500.0,0
Burdette M.,1517.7,23,1470.6,15,1523.4,7,1446.6,1,1500.0,0
Shimabukuro S.,1517.6,24,1416.5,17,1500.0,0,1527.5,7,1500.0,0
Dodig I.,1517.5,207,1419.3,130,1633.0,49,1621.1,28,1500.0,0
Szavay A.,1517.4,61,1525.8,33,1609.0,25,1474.4,3,1500.0,0
Pieri T.,1516.8,2,1500.0,0,1499.4,2,1500.0,0,1500.0,0
Wolf J.J.,1516.7,99,1487.2,77,1513.2,16,1547.5,6,1500.0,0
Minar I.,1516.6,2,1500.0,0,1534.5,2,1500.0,0,1500.0,0
Bhambri Y.,1516.5,22,1483.8,22,1500.0,0,1500.0,0,1500.0,0
Adamczak M.,1516.4,2,1500.0,0,1514.4,2,1500.0,0,1500.0,0
Gil F.,1516.2,49,1552.3,17,1501.9,29,1357.3,3,1500.0,0
Otte O.,1516.2,76,1472.0,38,1531.6,20,1578.8,18,1500.0,0
Kabbaj Y.,1516.1,5,1500.0,0,1518.2,5,1500.0,0,1500.0,0
Bukta A.,1516.0,2,1500.0,0,1515.6,2,1500.0,0,1500.0,0
Pous Tio L.,1515.7,12,1500.0,0,1518.2,12,1500.0,0,1500.0,0
Goncalves P.C.,1515.6,14,1391.8,5,1575.3,9,1500.0,0,1500.0,0
Martinez P.,1515.4,209,1460.1,82,1551.7,112,1424.3,15,1500.0,0
Tabur C.,1515.3,8,1544.7,3,1453.1,5,1500.0,0,1500.0,0
Pfizenmaier D.,1515.3,35,1417.3,5,1518.9,29,1414.5,1,1500.0,0
Bellucci T.,1514.9,213,1477.8,83,1557.6,120,1389.7,10,1500.0,0
Ma Y.,1514.4,7,1481.7,7,1500.0,0,1500.0,0,1500.0,0
Noguchi R.,1514.3,2,1506.2,2,1500.0,0,1500.0,0,1500.0,0
Lee S.R.,1514.3,3,1477.9,3,1500.0,0,1500.0,0,1500.0,0
Rosenholm P.,1513.7,3,1498.1,3,1500.0,0,1500.0,0,1500.0,0
Kachmazov A.,1513.0,11,1491.2,11,1500.0,0,1500.0,0,1500.0,0
Broady N.,1512.4,65,1528.2,40,1384.7,4,1275.6,21,1500.0,0
Bhamidipaty S.R.,1512.3,2,1513.6,2,1500.0,0,1500.0,0,1500.0,0
Bueno G.,1512.3,2,1500.0,0,1517.3,2,1500.0,0,1500.0,0
Crawford S.,1512.0,25,1497.5,21,1415.7,2,1520.9,2,1500.0,0
Miyazaki Y.,1511.9,12,1504.3,5,1500.0,0,1435.3,7,1500.0,0
Kolar Z.,1511.9,4,1500.0,0,1536.6,3,1448.3,1,1500.0,0
Soderlund C.,1511.9,2,1500.0,0,1514.4,2,1500.0,0,1500.0,0
Marcora R.,1511.8,7,1505.4,6,1423.9,1,1500.0,0,1500.0,0
Jubb P.,1511.8,9,1500.0,0,1500.0,0,1410.3,9,1500.0,0
Onclin G.,1511.8,3,1470.3,1,1500.0,0,1500.7,2,1500.0,0
Tona M.,1511.5,3,1506.5,3,1500.0,0,1500.0,0,1500.0,0
Gulbis E.,1511.4,245,1533.3,145,1610.6,79,1461.4,21,1500.0,0
Stakhovsky S.,1511.2,192,1475.2,110,1402.4,51,1545.2,31,1500.0,0
Wang J.,1511.0,20,1445.4,6,1485.7,4,1518.7,10,1500.0,0
Klimovicova L.,1511.0,3,1489.0,3,1500.0,0,1500.0,0,1500.0,0
Werner C.,1510.9,3,1457.6,1,1542.1,2,1500.0,0,1500.0,0
Pucinelli de Almeida M.,1510.7,2,1500.0,0,1513.5,2,1500.0,0,1500.0,0
Blake J.,1510.4,78,1551.5,66,1377.8,6,1361.0,6,1500.0,0
Fruhvirtova L.,1510.3,93,1541.7,64,1327.8,22,1520.2,7,1500.0,0
Rodionov J.,1510.2,39,1554.1,13,1425.5,18,1476.3,8,1500.0,0
Duque-Marino M.,1509.9,37,1409.6,11,1588.2,21,1461.4,5,1500.0,0
Timofeeva M.,1509.6,30,1529.2,14,1429.4,14,1560.7,2,1500.0,0
Kulichkova E.,1509.4,45,1498.5,29,1516.9,12,1481.4,4,1500.0,0
Sekulic P.,1509.3,3,1485.8,3,1500.0,0,1500.0,0,1500.0,0
Elias G.,1509.2,55,1389.1,15,1604.6,38,1357.5,2,1500.0,0
Okalova M.,1509.0,2,1498.1,2,1500.0,0,1500.0,0,1500.0,0
Ginepri R.,1509.0,27,1480.8,21,1540.6,5,1434.5,1,1500.0,0
Benesova I.,1508.6,109,1588.5,72,1433.9,31,1331.3,6,1500.0,0
Ajdukovic D.,1508.6,12,1458.7,1,1547.6,11,1500.0,0,1500.0,0
Abramovic M.,1508.5,2,1480.4,2,1500.0,0,1500.0,0,1500.0,0
Buzarnescu M.,1507.9,119,1434.3,54,1556.6,45,1629.0,20,1500.0,0
Vagnozzi S.,1507.8,4,1500.0,0,1507.5,4,1500.0,0,1500.0,0
Hoang A.,1507.7,19,1407.4,13,1566.7,4,1535.2,2,1500.0,0
King D.,1507.2,9,1500.4,9,1500.0,0,1500.0,0,1500.0,0
Bachinger M.,1506.9,62,1515.9,33,1441.9,23,1333.0,6,1500.0,0
Schaefer A.,1506.9,2,1500.0,0,1515.8,2,1500.0,0,1500.0,0
McDonald M.,1506.8,34,1469.7,23,1540.1,5,1451.3,6,1500.0,0
Quinzi G.,1506.7,2,1500.0,0,1525.8,2,1500.0,0,1500.0,0
Hrdinova E.,1506.5,2,1500.0,0,1516.8,2,1500.0,0,1500.0,0
Kratzer A.,1506.3,3,1471.9,3,1500.0,0,1500.0,0,1500.0,0
Todoni A.,1505.9,14,1496.9,4,1494.9,6,1414.7,4,1500.0,0
Shapatava S.,1505.6,9,1500.3,5,1454.9,4,1500.0,0,1500.0,0
Kavcic B.,1505.5,83,1478.1,42,1530.0,36,1275.6,5,1500.0,0
Ponchet J.,1505.5,30,1506.8,19,1414.8,9,1386.8,2,1500.0,0
Lapko V.,1505.4,51,1503.3,33,1469.9,12,1400.3,6,1500.0,0
Morvayova V.,1505.1,3,1504.4,3,1500.0,0,1500.0,0,1500.0,0
Coria F.,1505.0,128,1366.0,30,1571.2,94,1307.6,4,1500.0,0
Travaglia S.,1504.8,75,1474.1,40,1520.8,30,1422.7,5,1500.0,0
Mcclune M.,1504.7,2,1498.3,2,1500.0,0,1500.0,0,1500.0,0
Mchale C.,1504.6,374,1553.0,226,1483.0,105,1348.3,43,1500.0,0
Mijacika A.,1504.4,2,1500.0,0,1491.5,2,1500.0,0,1500.0,0
Ebden M.,1504.2,152,1506.7,106,1255.0,15,1414.3,31,1500.0,0
Lamasine T.,1504.1,9,1497.5,3,1507.9,5,1437.7,1,1500.0,0
Bandecchi S.,1504.0,7,1500.0,0,1502.9,6,1434.3,1,1500.0,0
Granollers M.,1504.0,279,1430.2,141,1530.1,119,1510.8,19,1500.0,0
Hardt N.,1504.0,3,1500.0,0,1492.3,3,1500.0,0,1500.0,0
Chang H.,1503.9,2,1500.0,0,1501.0,2,1500.0,0,1500.0,0
Dulgheru A.,1503.9,175,1478.8,89,1482.4,71,1520.5,15,1500.0,0
Leykina P.,1503.6,2,1500.0,0,1516.9,2,1500.0,0,1500.0,0
Zhukayev B.,1503.3,11,1504.6,10,1500.0,0,1438.9,1,1500.0,0
Amritraj P.,1503.3,4,1499.1,2,1500.0,0,1502.0,2,1500.0,0
Dart H.,1503.3,123,1505.4,62,1290.9,8,1517.7,53,1500.0,0
Stusek J.,1503.1,3,1500.0,0,1503.9,2,1418.7,1,1500.0,0
King E.,1503.1,3,1483.3,3,1500.0,0,1500.0,0,1500.0,0
Yevseyev D.,1502.9,4,1428.1,2,1536.9,2,1500.0,0,1500.0,0
Charaeva A.,1502.8,10,1399.0,3,1537.5,7,1500.0,0,1500.0,0
Verdasco F.,1502.8,414,1525.5,209,1555.0,165,1575.0,40,1500.0,0
Vickery S.,1502.7,93,1512.0,58,1425.0,25,1449.1,10,1500.0,0
Burnett N.,1502.6,20,1452.8,7,1474.3,13,1500.0,0,1500.0,0
Arruabarrena Vecino L.,1502.5,2,1500.0,0,1508.7,2,1500.0,0,1500.0,0
Ymer E.,1502.1,76,1535.2,40,1426.1,33,1396.4,3,1500.0,0
Malisse X.,1502.1,125,1482.1,73,1312.6,23,1709.8,29,1500.0,0
Podoroska N.,1502.0,127,1536.4,68,1471.8,46,1444.2,13,1500.0,0
Paar L.I.,1501.9,2,1500.0,0,1506.8,2,1500.0,0,1500.0,0
Engel J.,1501.5,12,1505.5,2,1420.2,6,1524.4,4,1500.0,0
Balazs A.,1501.4,33,1318.2,5,1629.8,27,1478.8,1,1500.0,0
Trevisan M.,1501.4,136,1476.4,71,1521.4,58,1277.2,7,1500.0,0
Harris B.,1501.4,26,1340.6,8,1456.7,1,1498.2,17,1500.0,0
Satral J.,1501.2,3,1536.5,2,1475.4,1,1500.0,0,1500.0,0
Zverev M.,1501.1,138,1530.5,83,1395.7,31,1573.1,24,1500.0,0
Rieschick S.,1501.1,2,1482.6,2,1500.0,0,1500.0,0,1500.0,0
Farah R.,1501.1,9,1364.7,3,1577.6,6,1500.0,0,1500.0,0
Kohlschreiber P..,1501.0,2,1513.8,2,1500.0,0,1500.0,0,1500.0,0
Pattinama Kerkhove L.,1500.7,15,1388.3,8,1500.0,0,1510.3,7,1500.0,0
Harrison C.,1500.7,14,1478.8,11,1472.8,1,1524.3,2,1500.0,0
Dulko G.,1500.5,79,1429.4,45,1668.6,33,1424.5,1,1500.0,0
Phau B.,1500.4,43,1490.9,29,1458.6,11,1487.7,3,1500.0,0
Scholl C.,1500.4,4,1500.0,0,1478.6,4,1500.0,0,1500.0,0
Kukushkin M.,1500.3,245,1487.7,164,1377.6,54,1450.8,27,1500.0,0
Korashvili O.,1500.1,2,1491.6,2,1500.0,0,1500.0,0,1500.0,0
Beck An.,1500.0,2,1505.5,2,1500.0,0,1500.0,0,1500.0,0
Lepchenko V.,1499.9,325,1497.5,199,1482.5,94,1375.7,32,1500.0,0
Leme Da Silva N.V.,1499.6,2,1489.5,2,1500.0,0,1500.0,0,1500.0,0
Zekic M.,1499.5,3,1500.0,0,1489.6,3,1500.0,0,1500.0,0
Gaubas V.,1499.4,15,1500.0,0,1537.6,14,1424.5,1,1500.0,0
Rodionova An.,1498.9,91,1455.1,47,1484.3,34,1471.7,10,1500.0,0
Petrovic D.,1498.6,5,1447.6,1,1528.4,4,1500.0,0,1500.0,0
Alvarez Varona N.,1498.3,3,1530.9,2,1434.3,1,1500.0,0,1500.0,0
Moreno De Alboran N.,1498.1,18,1418.5,6,1482.7,12,1500.0,0,1500.0,0
Nara K.,1498.0,197,1445.3,141,1545.7,33,1421.7,23,1500.0,0
Rodina E.,1498.0,166,1499.4,101,1354.6,40,1567.2,25,1500.0,0
Copil M.,1497.8,82,1535.7,55,1418.3,21,1271.0,6,1500.0,0
Jimenez V.,1497.8,7,1527.6,5,1461.7,2,1500.0,0,1500.0,0
Brzezicki J.P.,1497.8,2,1500.0,0,1499.3,2,1500.0,0,1500.0,0
Bogdan E.,1497.8,3,1500.0,0,1441.7,3,1500.0,0,1500.0,0
Avidzba A.,1497.8,2,1494.9,2,1500.0,0,1500.0,0,1500.0,0
Daniel T.,1497.7,188,1516.1,110,1452.1,70,1251.3,8,1500.0,0
Saito S.,1497.6,5,1466.9,5,1500.0,0,1500.0,0,1500.0,0
Midon L.,1497.5,3,1500.0,0,1506.5,3,1500.0,0,1500.0,0
Martin A.,1497.4,51,1368.3,13,1529.9,38,1500.0,0,1500.0,0
Gakhov I.,1497.4,5,1500.0,0,1476.0,5,1500.0,0,1500.0,0
Peer S.,1497.3,205,1464.3,135,1522.5,59,1378.8,11,1500.0,0
Cachin P.,1496.8,70,1360.7,20,1551.7,48,1432.7,2,1500.0,0
Gonzalez F.,1496.7,14,1366.8,3,1565.2,8,1585.1,3,1500.0,0
Zhang Yi.,1496.4,2,1492.1,2,1500.0,0,1500.0,0,1500.0,0
Andreeva E.,1496.2,49,1495.9,33,1372.3,14,1550.4,2,1500.0,0
Zampieri C.,1495.9,2,1500.0,0,1504.2,2,1500.0,0,1500.0,0
Denolly C.,1495.6,2,1500.0,0,1481.5,2,1500.0,0,1500.0,0
Sakellaridis S.,1495.6,3,1468.9,1,1524.1,2,1500.0,0,1500.0,0
Alves M.,1495.4,1,1500.0,0,1495.0,1,1500.0,0,1500.0,0
Mikadze T.,1495.3,2,1488.1,2,1500.0,0,1500.0,0,1500.0,0
Zayed M.S.,1495.3,1,1494.7,1,1500.0,0,1500.0,0,1500.0,0
Doi M.,1495.0,262,1528.9,174,1411.0,56,1475.9,32,1500.0,0
Gajdosova J.,1495.0,109,1521.9,72,1464.7,25,1442.0,12,1500.0,0
Hontama M.,1494.8,42,1460.3,40,1500.0,0,1484.6,2,1500.0,0
Lu Jing-Jing,1494.5,2,1496.8,2,1500.0,0,1500.0,0,1500.0,0
Passaro F.,1494.4,32,1421.2,9,1504.6,23,1500.0,0,1500.0,0
Rosatello C.,1494.3,11,1430.1,1,1445.0,10,1500.0,0,1500.0,0
Lazaro A.,1494.0,1,1500.0,0,1445.0,1,1500.0,0,1500.0,0
Kubot L.,1493.9,125,1348.8,61,1505.0,44,1615.2,20,1500.0,0
Squire H.,1493.4,5,1500.0,0,1544.4,2,1369.4,3,1500.0,0
Gronert S.,1493.3,4,1500.0,0,1478.9,2,1517.3,2,1500.0,0
Moser L.M.,1493.1,7,1459.5,1,1500.7,6,1500.0,0,1500.0,0
Wozniak A.,1493.0,105,1474.2,62,1514.2,29,1494.0,14,1500.0,0
Samrej K.,1492.9,1,1492.9,1,1500.0,0,1500.0,0,1500.0,0
Tseng C. H.,1492.9,10,1473.5,7,1488.0,3,1500.0,0,1500.0,0
Marino R.,1492.8,122,1436.5,92,1447.2,10,1450.4,20,1500.0,0
Avdeeva J.,1492.8,1,1500.0,0,1487.1,1,1500.0,0,1500.0,0
Kulikova R.,1492.6,18,1512.9,9,1400.1,5,1535.5,4,1500.0,0
Laaksonen H.,1492.5,90,1448.2,51,1560.8,37,1373.9,2,1500.0,0
Barrios Vera M.T.,1492.4,2,1500.0,0,1497.1,2,1500.0,0,1500.0,0
Bychkova E.,1492.4,11,1505.7,10,1446.6,1,1500.0,0,1500.0,0
Cross K.,1492.3,4,1448.4,4,1500.0,0,1500.0,0,1500.0,0
Mateas M.,1492.1,7,1360.0,3,1573.2,4,1500.0,0,1500.0,0
Larcherde Brito M.,1492.1,44,1258.3,21,1399.9,6,1624.8,17,1500.0,0
Pacheco Mendez R.,1491.9,12,1444.0,12,1500.0,0,1500.0,0,1500.0,0
Cabeza-Candela E.,1491.8,53,1520.8,11,1506.0,41,1459.5,1,1500.0,0
Molteni A.,1491.7,1,1500.0,0,1483.5,1,1500.0,0,1500.0,0
Jakupovic D.,1491.5,55,1506.4,29,1425.8,18,1571.2,8,1500.0,0
Arruabarrena-Vecino L.,1491.3,34,1525.2,15,1496.8,18,1408.9,1,1500.0,0
Dominguez Lino L.,1491.3,147,1365.2,48,1561.4,89,1501.2,10,1500.0,0
Stojanovic N.,1491.3,60,1504.5,39,1394.9,14,1515.3,7,1500.0,0
Yang Zha.,1491.2,1,1489.0,1,1500.0,0,1500.0,0,1500.0,0
Burillo I.,1491.1,4,1500.0,0,1483.0,4,1500.0,0,1500.0,0
Kudla D.,1491.0,153,1471.8,95,1348.0,20,1564.5,38,1500.0,0
Alvarez Valdes L.C.,1491.0,2,1504.8,2,1500.0,0,1500.0,0,1500.0,0
Hlavackova A.,1490.0,97,1497.7,46,1445.8,26,1462.2,25,1500.0,0
Mayer L.,1489.9,197,1510.8,71,1547.0,110,1516.0,16,1500.0,0
Xu Y-F.,1489.9,1,1487.5,1,1500.0,0,1500.0,0,1500.0,0
Erakovic M.,1489.7,181,1455.8,103,1489.5,44,1511.9,34,1500.0,0
Lopez F.,1489.6,419,1472.0,233,1488.9,111,1625.6,75,1500.0,0
Uchida K.,1489.6,4,1485.1,4,1500.0,0,1500.0,0,1500.0,0
Lee P.C.,1489.3,1,1488.9,1,1500.0,0,1500.0,0,1500.0,0
Williams V.,1489.3,418,1484.7,290,1523.9,81,1635.2,47,1500.0,0
Harrison Ca.,1489.0,4,1479.6,1,1445.6,1,1522.4,2,1500.0,0
Monday J.,1488.8,1,1500.0,0,1500.0,0,1478.6,1,1500.0,0
Kamenskaya V.,1488.6,1,1500.0,0,1478.2,1,1500.0,0,1500.0,0
Bonadio R.,1488.5,3,1500.0,0,1456.2,3,1500.0,0,1500.0,0
Bonaventure Y.,1488.4,78,1583.6,51,1385.3,21,1363.7,6,1500.0,0
Zhang K.L.,1488.3,22,1482.6,21,1500.0,0,1426.6,1,1500.0,0
Wolmarans F.,1488.1,2,1488.1,2,1500.0,0,1500.0,0,1500.0,0
Babel O.,1488.1,1,1500.0,0,1484.2,1,1500.0,0,1500.0,0
Mpetshi Perricard G.,1487.6,1,1488.3,1,1500.0,0,1500.0,0,1500.0,0
Marcinkevica D.,1487.3,4,1500.0,0,1467.5,4,1500.0,0,1500.0,0
Komardina A.,1487.3,3,1480.7,3,1500.0,0,1500.0,0,1500.0,0
Camerin M.E.,1486.7,29,1449.0,11,1454.2,14,1363.6,4,1500.0,0
Soler Espinosa S.,1486.7,129,1315.3,53,1571.3,67,1485.2,9,1500.0,0
Efremova K.,1486.5,1,1500.0,0,1471.2,1,1500.0,0,1500.0,0
Mayot H.,1486.5,25,1473.3,15,1488.1,7,1447.0,3,1500.0,0
Solovieva V.,1486.4,5,1481.1,5,1500.0,0,1500.0,0,1500.0,0
Duque Marino M.,1486.4,73,1370.6,16,1540.3,51,1445.1,6,1500.0,0
Garcia-Lopez G.,1486.3,275,1482.0,140,1528.3,117,1374.6,18,1500.0,0
Hossam K.,1486.3,1,1487.4,1,1500.0,0,1500.0,0,1500.0,0
Choinski J.,1486.0,21,1349.7,5,1417.3,5,1474.8,11,1500.0,0
Bondarenko K.,1486.0,179,1539.7,116,1353.5,46,1502.9,17,1500.0,0
Kozlov S.,1485.9,32,1446.1,19,1500.0,0,1462.1,13,1500.0,0
Hourigan P.M.,1485.6,1,1485.9,1,1500.0,0,1500.0,0,1500.0,0
Schmiedlova A.K.,1485.6,1,1484.0,1,1500.0,0,1500.0,0,1500.0,0
Xu M.,1485.5,5,1500.0,0,1500.0,0,1354.5,5,1500.0,0
Middendorf J.,1485.5,1,1500.0,0,1474.1,1,1500.0,0,1500.0,0
Rodriguez Taverna S.,1485.5,1,1500.0,0,1462.4,1,1500.0,0,1500.0,0
Wessels L.,1485.4,3,1500.0,0,1512.3,2,1420.3,1,1500.0,0
Leshem E.,1485.4,3,1487.2,3,1500.0,0,1500.0,0,1500.0,0
Faurel T.,1485.3,1,1500.0,0,1459.1,1,1500.0,0,1500.0,0
Han S-H.,1485.2,1,1478.1,1,1500.0,0,1500.0,0,1500.0,0
Safranek V.,1485.2,1,1487.4,1,1500.0,0,1500.0,0,1500.0,0
Tirante T. A.,1485.0,2,1500.0,0,1500.0,0,1483.0,2,1500.0,0
Cepelova J.,1484.9,147,1440.2,87,1507.0,43,1503.3,17,1500.0,0
Jeong B.,1484.8,1,1484.1,1,1500.0,0,1500.0,0,1500.0,0
Pigossi L.,1484.7,33,1341.9,9,1556.6,23,1409.7,1,1500.0,0
Candiotto A.,1484.5,2,1488.9,2,1500.0,0,1500.0,0,1500.0,0
Schnyder P.,1484.5,64,1593.6,29,1453.0,34,1411.8,1,1500.0,0
Krajicek M.,1484.5,47,1494.7,30,1425.0,8,1479.3,9,1500.0,0
Naito Y.,1484.4,1,1476.4,1,1500.0,0,1500.0,0,1500.0,0
Cressy M.,1484.4,101,1517.4,66,1316.2,11,1522.3,24,1500.0,0
Robbe A.,1484.3,1,1500.0,0,1478.9,1,1500.0,0,1500.0,0
Hibi M.,1484.3,7,1450.4,7,1500.0,0,1500.0,0,1500.0,0
Vandewinkel H.,1484.1,8,1459.0,1,1474.1,4,1454.0,3,1500.0,0
Ahn A.,1484.1,1,1476.1,1,1500.0,0,1500.0,0,1500.0,0
Falkowska W.,1484.1,3,1500.0,0,1473.5,3,1500.0,0,1500.0,0
Zhao Y.J.,1484.1,2,1479.8,2,1500.0,0,1500.0,0,1500.0,0
Lorenzi P.,1484.0,218,1497.7,95,1523.6,104,1258.3,19,1500.0,0
Yao X.,1484.0,3,1471.5,3,1500.0,0,1500.0,0,1500.0,0
Baindl K.,1483.9,33,1400.8,14,1676.3,15,1314.3,4,1500.0,0
Mansouri S.,1483.8,1,1483.7,1,1500.0,0,1500.0,0,1500.0,0
Napolitano S.,1483.8,10,1419.9,1,1496.3,8,1477.7,1,1500.0,0
Galan D.E.,1483.8,112,1431.8,43,1472.4,58,1623.5,11,1500.0,0
Gutierrez-Ferrol S.,1483.7,4,1500.0,0,1505.9,4,1500.0,0,1500.0,0
Berlocq C.,1483.6,217,1487.3,66,1492.8,133,1339.9,18,1500.0,0
Geerts M.,1483.5,1,1489.8,1,1500.0,0,1500.0,0,1500.0,0
Zapata Miralles B.,1483.3,93,1318.8,31,1614.1,56,1270.1,6,1500.0,0
Molik A.,1482.9,24,1497.6,20,1471.7,1,1466.8,3,1500.0,0
Sidorova K.,1482.9,1,1480.1,1,1500.0,0,1500.0,0,1500.0,0
Ahouda A.,1482.8,3,1500.0,0,1470.9,3,1500.0,0,1500.0,0
Lottner A.,1482.6,37,1400.7,11,1368.7,18,1526.7,8,1500.0,0
Watt J.,1482.4,1,1475.2,1,1500.0,0,1500.0,0,1500.0,0
Fuda R.,1482.2,3,1501.6,3,1500.0,0,1500.0,0,1500.0,0
Wongteanchai Vara.,1482.2,1,1475.6,1,1500.0,0,1500.0,0,1500.0,0
Gimeno Valero C.,1482.1,1,1500.0,0,1451.5,1,1500.0,0,1500.0,0
Sobolieva A.,1482.0,1,1500.0,0,1479.9,1,1500.0,0,1500.0,0
Melzer G.,1481.9,29,1375.2,7,1523.4,22,1500.0,0,1500.0,0
Omarkhanov A.,1481.6,1,1470.4,1,1500.0,0,1500.0,0,1500.0,0
Basso A.,1481.6,1,1500.0,0,1482.5,1,1500.0,0,1500.0,0
Struff J-L.,1481.5,1,1482.5,1,1500.0,0,1500.0,0,1500.0,0
Radwanska U.,1481.4,171,1501.0,124,1363.6,26,1489.0,21,1500.0,0
De Gubernatis C.,1481.4,2,1500.0,0,1503.3,2,1500.0,0,1500.0,0
Chan C-W.,1481.3,1,1480.5,1,1500.0,0,1500.0,0,1500.0,0
Tyurnev E.,1481.2,1,1476.5,1,1500.0,0,1500.0,0,1500.0,0
Galdon P.,1480.8,1,1500.0,0,1475.7,1,1500.0,0,1500.0,0
Lu J.J,1480.5,5,1482.7,5,1500.0,0,1500.0,0,1500.0,0
Gimeno-Traver D.,1480.5,140,1310.4,40,1522.1,90,1265.8,10,1500.0,0
Jiang X.,1480.1,1,1471.7,1,1500.0,0,1500.0,0,1500.0,0
Thandi K.,1480.1,5,1477.7,5,1500.0,0,1500.0,0,1500.0,0
Spears A.,1480.0,3,1500.0,0,1528.7,2,1437.7,1,1500.0,0
Chan W.Y.,1479.7,1,1482.0,1,1500.0,0,1500.0,0,1500.0,0
Davydenko P.,1479.6,3,1448.4,1,1525.0,2,1500.0,0,1500.0,0
Hovde L.,1479.5,1,1468.5,1,1500.0,0,1500.0,0,1500.0,0
Soler Espinosa S..,1479.5,3,1529.6,2,1440.9,1,1500.0,0,1500.0,0
Becker B.,1479.4,148,1476.0,104,1314.1,16,1551.9,28,1500.0,0
Whittington A.,1479.4,5,1542.9,4,1500.0,0,1424.5,1,1500.0,0
Langer N.,1479.3,3,1441.8,1,1522.1,2,1500.0,0,1500.0,0
Bernet H.,1479.2,1,1483.5,1,1500.0,0,1500.0,0,1500.0,0
Bolelli S.,1479.1,76,1380.6,31,1490.6,32,1609.0,13,1500.0,0
Gervais J.,1479.0,1,1500.0,0,1456.3,1,1500.0,0,1500.0,0
Peers S.,1479.0,6,1458.7,6,1500.0,0,1500.0,0,1500.0,0
Mo Y.,1478.9,1,1479.9,1,1500.0,0,1500.0,0,1500.0,0
Krawczyk D.,1478.8,1,1500.0,0,1456.5,1,1500.0,0,1500.0,0
McCabe J.,1478.8,4,1440.9,1,1500.0,0,1444.8,3,1500.0,0
De Greef A.,1478.7,6,1511.1,2,1486.5,4,1500.0,0,1500.0,0
Monnet C.,1478.6,9,1563.3,2,1363.9,7,1500.0,0,1500.0,0
Sell K.,1478.6,1,1500.0,0,1470.7,1,1500.0,0,1500.0,0
Navarro-Pastor I.,1478.6,5,1500.0,0,1493.1,5,1500.0,0,1500.0,0
Sousa J.,1478.5,320,1493.6,155,1488.2,137,1407.6,28,1500.0,0
Panova A.,1478.4,73,1420.2,41,1528.6,29,1426.4,3,1500.0,0
Jouan R.,1478.3,1,1482.1,1,1500.0,0,1500.0,0,1500.0,0
Borg L.,1477.9,9,1437.3,6,1510.4,3,1500.0,0,1500.0,0
Zayid M.,1477.8,1,1476.4,1,1500.0,0,1500.0,0,1500.0,0
Bertola R.,1477.8,1,1470.9,1,1500.0,0,1500.0,0,1500.0,0
Aragone J.,1477.7,1,1468.1,1,1500.0,0,1500.0,0,1500.0,0
Jurikova L.,1477.7,1,1500.0,0,1466.0,1,1500.0,0,1500.0,0
Yashina E.,1477.3,1,1500.0,0,1500.0,0,1488.2,1,1500.0,0
Koevermans A.,1477.2,1,1500.0,0,1500.0,0,1451.0,1,1500.0,0
Statham J.,1477.1,4,1459.4,4,1500.0,0,1500.0,0,1500.0,0
Marchenko I.,1477.1,77,1519.9,55,1379.9,10,1242.1,12,1500.0,0
Klizan M.,1476.9,190,1481.9,97,1559.1,79,1350.4,14,1500.0,0
Sanchez Izquierdo N.,1476.8,1,1500.0,0,1476.6,1,1500.0,0,1500.0,0
Han X.,1476.7,50,1431.9,39,1537.5,10,1449.6,1,1500.0,0
Vaidisova N.,1476.6,6,1465.0,6,1500.0,0,1500.0,0,1500.0,0
Smethurst D.,1476.4,1,1500.0,0,1500.0,0,1464.1,1,1500.0,0
Ram R.,1476.3,81,1481.4,55,1512.8,9,1385.0,17,1500.0,0
Aiava D.,1476.1,22,1431.3,18,1381.5,2,1538.1,2,1500.0,0
Jeanjean L.,1476.0,48,1276.5,19,1574.1,24,1424.2,5,1500.0,0
Uchijima M.,1476.0,81,1487.5,58,1452.6,19,1393.7,4,1500.0,0
Lopez-Perez E.,1476.0,1,1500.0,0,1478.3,1,1500.0,0,1500.0,0
Hui K.,1475.9,1,1471.9,1,1500.0,0,1500.0,0,1500.0,0
Ahn K.H.,1475.6,1,1477.1,1,1500.0,0,1500.0,0,1500.0,0
Petzschner P.,1475.6,79,1478.8,52,1330.9,12,1573.3,15,1500.0,0
Hernandez A.,1475.2,6,1479.6,6,1500.0,0,1500.0,0,1500.0,0
Monova P.,1475.1,1,1475.1,1,1500.0,0,1500.0,0,1500.0,0
Zhang R.,1475.1,1,1470.2,1,1500.0,0,1500.0,0,1500.0,0
Schoolkate T.,1475.1,24,1450.8,22,1466.0,1,1468.9,1,1500.0,0
Dushevina V.,1475.1,100,1492.6,70,1399.6,24,1351.7,6,1500.0,0
Fung S.,1475.1,1,1472.9,1,1500.0,0,1500.0,0,1500.0,0
Furness E.,1475.1,1,1470.5,1,1500.0,0,1500.0,0,1500.0,0
Kotliar Y.,1474.9,3,1500.0,0,1468.9,3,1500.0,0,1500.0,0
Dolgopolov A.,1474.8,1,1500.0,0,1462.5,1,1500.0,0,1500.0,0
Riffice S.,1474.8,1,1479.0,1,1500.0,0,1500.0,0,1500.0,0
Schmiedlova K.,1474.7,1,1500.0,0,1465.6,1,1500.0,0,1500.0,0
Zayed M. S.,1474.7,1,1474.9,1,1500.0,0,1500.0,0,1500.0,0
Tian F.,1474.7,1,1474.3,1,1500.0,0,1500.0,0,1500.0,0
Tsitsipas P.,1474.6,1,1476.3,1,1500.0,0,1500.0,0,1500.0,0
Wagner S.,1474.5,1,1455.3,1,1500.0,0,1500.0,0,1500.0,0
Chan D.,1474.4,1,1446.5,1,1500.0,0,1500.0,0,1500.0,0
Voskoboeva G.,1474.3,104,1446.0,80,1500.0,20,1401.3,4,1500.0,0
Yu E.,1474.2,1,1475.3,1,1500.0,0,1500.0,0,1500.0,0
Yan Z.,1474.0,2,1474.0,2,1500.0,0,1500.0,0,1500.0,0
Ormaechea P.,1474.0,63,1381.2,20,1530.5,40,1321.2,3,1500.0,0
Hamou M.,1473.8,1,1500.0,0,1479.7,1,1500.0,0,1500.0,0
Seguel D.,1473.8,7,1500.0,0,1426.5,7,1500.0,0,1500.0,0
Bryde T.,1473.6,1,1472.2,1,1500.0,0,1500.0,0,1500.0,0
Lodikova D.,1473.4,1,1500.0,0,1476.9,1,1500.0,0,1500.0,0
Olivo R.,1473.3,50,1319.6,8,1531.5,41,1422.0,1,1500.0,0
Cadenasso G.,1473.2,1,1500.0,0,1472.7,1,1500.0,0,1500.0,0
Hibino N.,1473.1,194,1495.5,142,1359.2,39,1275.1,13,1500.0,0
Rocha H.,1473.1,10,1500.0,0,1470.5,10,1500.0,0,1500.0,0
Neff A.,1472.7,1,1467.4,1,1500.0,0,1500.0,0,1500.0,0
Duan Y.Y.,1472.5,92,1453.3,78,1348.2,4,1476.7,10,1500.0,0
Darcis S.,1472.4,114,1481.1,69,1430.4,26,1489.9,19,1500.0,0
Gleason Q.,1472.2,1,1473.5,1,1500.0,0,1500.0,0,1500.0,0
Huesler M.,1472.2,1,1500.0,0,1461.5,1,1500.0,0,1500.0,0
Okamura K.,1472.1,5,1468.4,4,1451.7,1,1500.0,0,1500.0,0
Rybakov A.,1472.1,1,1469.8,1,1500.0,0,1500.0,0,1500.0,0
Reis Da Silva J.,1472.0,1,1500.0,0,1459.2,1,1500.0,0,1500.0,0
Vrbensky M.,1472.0,1,1470.7,1,1500.0,0,1500.0,0,1500.0,0
Roca Batalla O.,1472.0,1,1500.0,0,1468.7,1,1500.0,0,1500.0,0
Adkar V.,1471.9,1,1467.2,1,1500.0,0,1500.0,0,1500.0,0
Blanch U.,1471.9,1,1442.2,1,1500.0,0,1500.0,0,1500.0,0
Durasovic V.,1471.7,2,1470.5,2,1500.0,0,1500.0,0,1500.0,0
Blumberg W.,1471.6,1,1500.0,0,1500.0,0,1455.4,1,1500.0,0
Ritschard A.,1471.6,11,1531.4,3,1443.3,7,1462.3,1,1500.0,0
Rodionova Ar.,1471.5,60,1445.2,44,1381.8,6,1467.4,10,1500.0,0
Kudryavtseva A.,1471.5,130,1436.5,86,1390.3,26,1457.5,18,1500.0,0
Martin D.,1471.3,1,1456.1,1,1500.0,0,1500.0,0,1500.0,0
Prado Angelo J.C.,1470.9,3,1500.0,0,1447.3,3,1500.0,0,1500.0,0
Levine J.,1470.8,43,1465.5,30,1401.1,5,1441.2,8,1500.0,0
Van den Broek I.L.,1470.8,1,1500.0,0,1500.0,0,1428.3,1,1500.0,0
Kostic N.,1470.7,1,1467.8,1,1500.0,0,1500.0,0,1500.0,0
Ruggeri J.,1470.6,1,1500.0,0,1437.6,1,1500.0,0,1500.0,0
Skatov T.,1470.5,17,1386.6,8,1524.9,9,1500.0,0,1500.0,0
Turcanu R.D.,1470.5,1,1500.0,0,1461.1,1,1500.0,0,1500.0,0
Dietrich D.,1470.5,1,1500.0,0,1449.1,1,1500.0,0,1500.0,0
Lu Jing Jing,1470.5,3,1455.9,3,1500.0,0,1500.0,0,1500.0,0
Wachiramanowong K.,1470.4,1,1452.2,1,1500.0,0,1500.0,0,1500.0,0
Ivanov I.,1470.4,1,1467.2,1,1500.0,0,1500.0,0,1500.0,0
De Bakker T.,1470.3,63,1445.9,33,1482.9,22,1444.2,8,1500.0,0
Tiurnev E.,1470.0,1,1466.8,1,1500.0,0,1500.0,0,1500.0,0
Nakamura A.,1469.9,3,1462.9,3,1500.0,0,1500.0,0,1500.0,0
Vrljic A.,1469.9,5,1414.2,2,1562.9,3,1500.0,0,1500.0,0
Nahimana S.,1469.7,6,1500.0,0,1467.7,6,1500.0,0,1500.0,0
Yuksel A.,1469.6,1,1446.5,1,1500.0,0,1500.0,0,1500.0,0
Zayid M. S.,1469.4,1,1464.1,1,1500.0,0,1500.0,0,1500.0,0
Maden Y.,1469.4,13,1441.0,9,1526.3,4,1500.0,0,1500.0,0
Seidel E.,1469.2,47,1480.2,32,1492.5,13,1422.7,2,1500.0,0
Cepede Royg V.,1469.1,67,1411.8,31,1594.6,27,1412.3,9,1500.0,0
Yamaguchi M.,1469.0,4,1448.2,4,1500.0,0,1500.0,0,1500.0,0
Jianu F.C.,1468.9,3,1500.0,0,1478.9,3,1500.0,0,1500.0,0
Collins C.,1468.8,1,1473.6,1,1500.0,0,1500.0,0,1500.0,0
Fridman O.,1468.8,1,1500.0,0,1470.0,1,1500.0,0,1500.0,0
Silva F.,1468.6,1,1500.0,0,1473.2,1,1500.0,0,1500.0,0
Tubello A.,1468.6,1,1500.0,0,1462.2,1,1500.0,0,1500.0,0
Tetreault V.,1468.6,6,1466.2,6,1500.0,0,1500.0,0,1500.0,0
Garcia Vidagany B.,1468.6,16,1511.1,2,1453.4,14,1500.0,0,1500.0,0
Barranco Cosano J.,1468.5,1,1500.0,0,1455.4,1,1500.0,0,1500.0,0
Tang H.C.,1468.5,1,1459.4,1,1500.0,0,1500.0,0,1500.0,0
Johansson M.,1468.5,77,1350.8,17,1443.2,52,1523.0,8,1500.0,0
Rosol L.,1468.4,201,1443.5,114,1552.2,70,1446.7,17,1500.0,0
Hewitt D.,1468.3,1,1466.7,1,1500.0,0,1500.0,0,1500.0,0
Becroft I.,1468.3,1,1460.3,1,1500.0,0,1500.0,0,1500.0,0
Barbieri G.,1468.1,1,1500.0,0,1476.4,1,1500.0,0,1500.0,0
Bai A.,1468.0,1,1466.0,1,1500.0,0,1500.0,0,1500.0,0
Yang T.H.,1468.0,1,1452.3,1,1500.0,0,1500.0,0,1500.0,0
Miedler L.,1467.8,1,1500.0,0,1463.1,1,1500.0,0,1500.0,0
Vikhlyantseva N.,1467.8,89,1417.6,45,1489.6,29,1491.7,15,1500.0,0
Ciric Bagaric L.,1467.8,1,1500.0,0,1478.6,1,1500.0,0,1500.0,0
Parrizas Diaz N.,1467.6,97,1510.7,59,1385.9,33,1295.7,5,1500.0,0
Sesko Z.,1467.5,1,1500.0,0,1458.9,1,1500.0,0,1500.0,0
Baluda V.,1467.3,1,1466.4,1,1500.0,0,1500.0,0,1500.0,0
Rejchtman Vinciguerra W.,1467.3,1,1500.0,0,1466.1,1,1500.0,0,1500.0,0
Higuita Barraza M.,1467.2,1,1500.0,0,1472.3,1,1500.0,0,1500.0,0
Fanselow S.,1467.2,1,1500.0,0,1461.9,1,1500.0,0,1500.0,0
Tanasugarn T.,1466.9,49,1517.9,38,1411.3,2,1384.8,9,1500.0,0
Giraldo S.,1466.8,221,1452.8,97,1493.0,109,1456.0,15,1500.0,0
Smyczek T.,1466.6,86,1444.7,71,1509.1,7,1410.2,8,1500.0,0
Sutjiadi A.,1466.6,1,1448.1,1,1500.0,0,1500.0,0,1500.0,0
Peliwo F.,1466.5,5,1482.3,3,1528.4,2,1500.0,0,1500.0,0
Uchiyama Y.,1466.4,34,1509.0,29,1427.2,2,1333.9,3,1500.0,0
Villanueva G.,1466.4,1,1458.8,1,1500.0,0,1500.0,0,1500.0,0
Suresh D.,1466.4,1,1434.0,1,1500.0,0,1500.0,0,1500.0,0
Alawadhi O.,1466.3,1,1465.1,1,1500.0,0,1500.0,0,1500.0,0
Sorensen L.,1466.2,3,1424.5,1,1518.3,2,1500.0,0,1500.0,0
Bhatia R.,1466.1,1,1500.0,0,1500.0,0,1421.4,1,1500.0,0
Friberg K.,1466.0,1,1470.7,1,1500.0,0,1500.0,0,1500.0,0
Soto M.,1465.8,1,1500.0,0,1463.3,1,1500.0,0,1500.0,0
Bai Y.,1465.8,2,1471.7,2,1500.0,0,1500.0,0,1500.0,0
Smith C.,1465.7,10,1418.2,6,1526.1,4,1500.0,0,1500.0,0
Lovric P.,1465.6,1,1462.9,1,1500.0,0,1500.0,0,1500.0,0
Buchina Y.,1465.6,1,1441.7,1,1500.0,0,1500.0,0,1500.0,0
Sarmiento R.,1465.4,1,1457.7,1,1500.0,0,1500.0,0,1500.0,0
Guarachi A.,1465.4,1,1465.7,1,1500.0,0,1500.0,0,1500.0,0
Knittel B.,1465.3,4,1500.0,0,1482.0,3,1420.6,1,1500.0,0
Chakravarthi C.,1465.3,1,1467.2,1,1500.0,0,1500.0,0,1500.0,0
Zopp J.,1465.2,34,1493.1,18,1429.0,13,1337.2,3,1500.0,0
Pavic A.,1465.1,11,1448.1,4,1416.0,2,1544.6,5,1500.0,0
Noel A.,1465.1,1,1451.4,1,1500.0,0,1500.0,0,1500.0,0
Altamirano C.,1465.1,1,1451.5,1,1500.0,0,1500.0,0,1500.0,0
Ungur L.,1465.0,1,1500.0,0,1470.4,1,1500.0,0,1500.0,0
Blanch D.,1465.0,2,1463.3,1,1497.2,1,1500.0,0,1500.0,0
Lee Y-H.,1464.9,1,1459.3,1,1500.0,0,1500.0,0,1500.0,0
Iliev S.,1464.9,1,1500.0,0,1431.0,1,1500.0,0,1500.0,0
Ruse E-G.,1464.9,1,1500.0,0,1470.4,1,1500.0,0,1500.0,0
Singh S.,1464.9,1,1467.2,1,1500.0,0,1500.0,0,1500.0,0
Urhobo A.,1464.8,4,1421.6,1,1448.4,3,1500.0,0,1500.0,0
Miguel L.,1464.6,1,1500.0,0,1462.0,1,1500.0,0,1500.0,0
Herazo M.,1464.5,1,1500.0,0,1446.7,1,1500.0,0,1500.0,0
Dubrivnyy A.,1464.5,1,1456.0,1,1500.0,0,1500.0,0,1500.0,0
Meister N.,1464.5,1,1435.9,1,1500.0,0,1500.0,0,1500.0,0
Papamalamis T.,1464.5,1,1439.9,1,1500.0,0,1500.0,0,1500.0,0
Arevalo M.,1464.5,1,1500.0,0,1475.2,1,1500.0,0,1500.0,0
Lopez San Martin A.,1464.5,1,1500.0,0,1466.7,1,1500.0,0,1500.0,0
Wuerth T.,1464.4,1,1500.0,0,1453.5,1,1500.0,0,1500.0,0
Grenier H.,1464.4,27,1419.7,17,1440.3,8,1495.4,2,1500.0,0
Ghibaudo A.,1464.4,1,1500.0,0,1500.0,0,1449.6,1,1500.0,0
Jeong S.Y.,1464.2,1,1468.7,1,1500.0,0,1500.0,0,1500.0,0
Thorpe L.,1464.0,1,1500.0,0,1451.9,1,1500.0,0,1500.0,0
Klugman H.,1464.0,6,1500.0,0,1500.0,0,1408.7,6,1500.0,0
Gomez F.,1464.0,4,1502.3,3,1425.2,1,1500.0,0,1500.0,0
Dostanic S.,1463.9,3,1461.7,3,1500.0,0,1500.0,0,1500.0,0
Buyukakcay C.,1463.8,70,1413.0,34,1469.1,34,1445.4,2,1500.0,0
Wang X.,1463.7,7,1439.0,7,1500.0,0,1500.0,0,1500.0,0
Ng K.Y.,1463.7,1,1460.0,1,1500.0,0,1500.0,0,1500.0,0
Baszak W.,1463.6,1,1500.0,0,1456.9,1,1500.0,0,1500.0,0
Bechri C.,1463.5,1,1457.6,1,1500.0,0,1500.0,0,1500.0,0
Parra Santonja A.,1463.5,68,1246.1,15,1503.8,46,1398.6,7,1500.0,0
Rajecki A.,1463.4,1,1500.0,0,1500.0,0,1417.7,1,1500.0,0
Njiric S.,1463.4,1,1500.0,0,1462.3,1,1500.0,0,1500.0,0
Yang Y.,1463.4,1,1430.5,1,1500.0,0,1500.0,0,1500.0,0
Pous-Tio L.,1463.4,43,1391.8,11,1549.3,30,1337.0,2,1500.0,0
Morderger Y.,1463.4,1,1500.0,0,1412.1,1,1500.0,0,1500.0,0
Koryttseva M.,1463.2,21,1551.3,10,1367.9,10,1428.5,1,1500.0,0
Raducànu E.,1463.2,1,1456.8,1,1500.0,0,1500.0,0,1500.0,0
Lazov A.,1463.1,1,1442.1,1,1500.0,0,1500.0,0,1500.0,0
Burquier G.,1463.0,1,1433.4,1,1500.0,0,1500.0,0,1500.0,0
Clement A.,1463.0,22,1447.0,12,1473.0,4,1418.8,6,1500.0,0
Gromley C.,1463.0,1,1436.3,1,1500.0,0,1500.0,0,1500.0,0
Dodig M.,1462.9,4,1500.0,0,1462.4,4,1500.0,0,1500.0,0
Kuzmanov D.,1462.8,12,1333.1,10,1608.7,2,1500.0,0,1500.0,0
Paoletti M.,1462.6,4,1500.0,0,1440.8,4,1500.0,0,1500.0,0
Kucova K.,1462.6,99,1458.8,49,1444.7,44,1457.5,6,1500.0,0
Giovine C.,1462.4,1,1500.0,0,1460.4,1,1500.0,0,1500.0,0
Sakamoto P.,1462.3,1,1500.0,0,1461.0,1,1500.0,0,1500.0,0
Pervolarakis M.,1462.3,1,1464.9,1,1500.0,0,1500.0,0,1500.0,0
Lock B.,1462.3,1,1466.9,1,1500.0,0,1500.0,0,1500.0,0
Schuurs D.,1462.1,1,1456.1,1,1500.0,0,1500.0,0,1500.0,0
Liebens K.,1462.1,1,1448.2,1,1500.0,0,1500.0,0,1500.0,0
Hernandez-Fernandez J.,1462.0,1,1500.0,0,1452.4,1,1500.0,0,1500.0,0
Tepavac M.,1462.0,1,1459.4,1,1500.0,0,1500.0,0,1500.0,0
Galarneau A.,1462.0,7,1433.6,6,1500.0,0,1468.5,1,1500.0,0
Patterson T.,1461.9,2,1454.6,2,1500.0,0,1500.0,0,1500.0,0
Nuudi M.,1461.9,1,1460.1,1,1500.0,0,1500.0,0,1500.0,0
Torro Flor M.T.,1461.7,79,1501.3,30,1435.6,45,1439.4,4,1500.0,0
Schwaerzler J.,1461.6,2,1491.8,1,1458.9,1,1500.0,0,1500.0,0
Baltacha E.,1461.6,83,1418.6,50,1418.6,17,1503.6,16,1500.0,0
Koukalova K.,1461.6,68,1317.0,33,1561.6,20,1555.8,15,1500.0,0
Zantedeschi A.,1461.5,1,1500.0,0,1458.5,1,1500.0,0,1500.0,0
Rodesch C.,1461.4,1,1500.0,0,1500.0,0,1453.9,1,1500.0,0
Gonzalez M.,1461.3,40,1486.7,10,1420.9,28,1386.1,2,1500.0,0
Valdmannova V.,1461.3,1,1451.3,1,1500.0,0,1500.0,0,1500.0,0
Gentzsch T.,1461.2,1,1500.0,0,1500.0,0,1434.8,1,1500.0,0
Barthel M.,1461.1,331,1539.1,207,1445.9,90,1355.4,34,1500.0,0
Antonitsch M.,1461.1,1,1500.0,0,1429.2,1,1500.0,0,1500.0,0
Topic J.,1461.0,1,1500.0,0,1465.7,1,1500.0,0,1500.0,0
Medina Garrigues A.,1461.0,178,1381.4,76,1584.7,92,1417.2,10,1500.0,0
Fleming C.,1460.9,1,1500.0,0,1500.0,0,1450.3,1,1500.0,0
Menezes J.,1460.8,1,1500.0,0,1453.3,1,1500.0,0,1500.0,0
Schoenhaus M.,1460.7,2,1500.0,0,1469.2,1,1442.8,1,1500.0,0
Estrella Burgos V.,1460.7,65,1371.2,19,1569.5,34,1314.5,12,1500.0,0
Hennemann C.W.,1460.6,1,1500.0,0,1425.2,1,1500.0,0,1500.0,0
Radisic N.,1460.5,1,1457.4,1,1500.0,0,1500.0,0,1500.0,0
Elie J.,1460.5,1,1464.3,1,1500.0,0,1500.0,0,1500.0,0
Roumane R.,1460.4,1,1444.8,1,1500.0,0,1500.0,0,1500.0,0
Moro Canas A.,1460.2,4,1459.5,1,1553.7,2,1413.9,1,1500.0,0
Dahlin M.,1460.2,1,1500.0,0,1458.8,1,1500.0,0,1500.0,0
Volodko K.,1460.2,2,1484.8,1,1473.8,1,1500.0,0,1500.0,0
Wang Xiyu,1460.2,1,1466.4,1,1500.0,0,1500.0,0,1500.0,0
Oprandi R.,1460.1,107,1498.3,52,1495.4,42,1436.8,13,1500.0,0
Slabinsky A.,1460.1,1,1500.0,0,1500.0,0,1450.3,1,1500.0,0
Brace C.,1460.0,5,1431.7,5,1500.0,0,1500.0,0,1500.0,0
Solovyeva V.,1460.0,4,1476.3,1,1481.7,3,1500.0,0,1500.0,0
Guth M.,1459.9,1,1500.0,0,1500.0,0,1434.3,1,1500.0,0
Ouyang B.,1459.9,1,1426.2,1,1500.0,0,1500.0,0,1500.0,0
Zhou Y.M.,1459.9,8,1461.0,8,1500.0,0,1500.0,0,1500.0,0
Duval V.,1459.8,20,1426.3,12,1487.4,2,1406.4,6,1500.0,0
Zaar L.,1459.7,1,1500.0,0,1458.0,1,1500.0,0,1500.0,0
Garcia-Vidagany B.,1459.7,1,1500.0,0,1455.5,1,1500.0,0,1500.0,0
Huesler M.A.,1459.6,69,1483.1,38,1419.6,23,1394.7,8,1500.0,0
Melichar N.,1459.6,1,1450.8,1,1500.0,0,1500.0,0,1500.0,0
Gray A.,1459.3,4,1500.0,0,1500.0,0,1448.2,4,1500.0,0
Spiteri D.,1459.1,1,1500.0,0,1440.8,1,1500.0,0,1500.0,0
Falconi I.,1459.0,114,1407.2,66,1572.8,34,1466.1,14,1500.0,0
Lisnard J.R.,1458.9,4,1529.9,2,1403.6,2,1500.0,0,1500.0,0
Paszek T.,1458.9,142,1432.9,89,1288.2,21,1571.8,32,1500.0,0
Kang J.,1458.9,1,1466.8,1,1500.0,0,1500.0,0,1500.0,0
Trongcharoenchaikul W.,1458.8,1,1461.4,1,1500.0,0,1500.0,0,1500.0,0
Glozman V.,1458.8,1,1446.2,1,1500.0,0,1500.0,0,1500.0,0
Shoshyna A.,1458.8,1,1500.0,0,1434.4,1,1500.0,0,1500.0,0
Bassols Ribera M.,1458.8,1,1500.0,0,1454.3,1,1500.0,0,1500.0,0
Cui J.,1458.3,1,1440.2,1,1500.0,0,1500.0,0,1500.0,0
Petersson R.,1458.1,1,1500.0,0,1454.5,1,1500.0,0,1500.0,0
Janicijevic S.,1458.0,11,1430.2,1,1481.1,10,1500.0,0,1500.0,0
Guillen Meza A.,1458.0,1,1500.0,0,1458.5,1,1500.0,0,1500.0,0
Ivanov V.,1457.9,1,1419.7,1,1500.0,0,1500.0,0,1500.0,0
Cako J.,1457.7,3,1455.9,3,1500.0,0,1500.0,0,1500.0,0
Llagostera Vives N.,1457.5,23,1367.0,8,1499.3,14,1410.4,1,1500.0,0
Bona A.,1457.5,1,1500.0,0,1461.5,1,1500.0,0,1500.0,0
Tursunov D.,1457.3,145,1498.1,95,1502.7,31,1379.4,19,1500.0,0
Kung L.,1457.2,16,1574.2,8,1372.2,6,1523.4,2,1500.0,0
Olaso G.,1457.2,6,1411.7,1,1502.3,5,1500.0,0,1500.0,0
Veger F.,1457.2,1,1439.5,1,1500.0,0,1500.0,0,1500.0,0
Lenz J.,1456.9,2,1476.5,1,1477.8,1,1500.0,0,1500.0,0
Minca I.,1456.9,1,1500.0,0,1461.6,1,1500.0,0,1500.0,0
De Schepper K.,1456.8,72,1491.9,32,1332.3,22,1533.0,18,1500.0,0
Paire B.,1456.6,431,1520.7,233,1436.2,156,1548.5,42,1500.0,0
Shelbayh A.,1456.6,14,1435.4,6,1425.3,4,1467.9,4,1500.0,0
Zahlavova Strycova B..,1456.6,7,1424.9,5,1518.0,2,1500.0,0,1500.0,0
Takahashi Y.,1456.5,1,1458.0,1,1500.0,0,1500.0,0,1500.0,0
Meffert D.,1456.5,1,1500.0,0,1500.0,0,1440.9,1,1500.0,0
Te R.,1456.4,1,1416.6,1,1500.0,0,1500.0,0,1500.0,0
Anderson O.,1456.3,1,1451.5,1,1500.0,0,1500.0,0,1500.0,0
Krawietz K.,1456.3,3,1500.0,0,1454.2,1,1479.7,2,1500.0,0
Novikov D.,1456.3,15,1418.8,7,1500.0,0,1471.8,8,1500.0,0
Reid M.,1456.2,1,1500.0,0,1500.0,0,1459.1,1,1500.0,0
Jacquet K.,1456.2,14,1420.1,7,1451.2,5,1544.2,2,1500.0,0
Heide G.,1456.1,10,1500.0,0,1420.5,10,1500.0,0,1500.0,0
Falla A.,1456.1,123,1396.9,75,1497.3,33,1550.2,15,1500.0,0
Pavlovic L.,1456.0,2,1467.8,1,1469.1,1,1500.0,0,1500.0,0
Rolle A.,1455.7,1,1500.0,0,1462.5,1,1500.0,0,1500.0,0
Yang V.,1455.6,1,1438.5,1,1500.0,0,1500.0,0,1500.0,0
Trotter J.K.,1455.4,2,1444.1,2,1500.0,0,1500.0,0,1500.0,0
Papadakis L.,1455.2,2,1500.0,0,1500.0,0,1404.3,2,1500.0,0
Okuno A.,1455.1,1,1456.1,1,1500.0,0,1500.0,0,1500.0,0
Maestrelli F.,1455.1,6,1498.7,4,1418.8,2,1500.0,0,1500.0,0
Mu T.,1455.0,1,1464.3,1,1500.0,0,1500.0,0,1500.0,0
Kulambayeva Z.,1454.9,1,1457.9,1,1500.0,0,1500.0,0,1500.0,0
Duerst J.,1454.8,1,1500.0,0,1463.9,1,1500.0,0,1500.0,0
Bennani R.,1454.8,1,1500.0,0,1435.4,1,1500.0,0,1500.0,0
Alves C.M.,1454.6,1,1451.4,1,1500.0,0,1500.0,0,1500.0,0
Rampre P.,1454.5,6,1459.4,3,1459.3,3,1500.0,0,1500.0,0
Marterer M.,1454.2,72,1434.6,34,1387.0,29,1473.2,9,1500.0,0
Aragone J.C.,1453.9,1,1457.1,1,1500.0,0,1500.0,0,1500.0,0
Baker J.,1453.9,7,1416.9,1,1500.0,0,1477.4,6,1500.0,0
Liu F.,1453.8,23,1435.1,23,1500.0,0,1500.0,0,1500.0,0
Martin F.,1453.8,1,1500.0,0,1500.0,0,1440.9,1,1500.0,0
Schoofs B.,1453.7,14,1472.3,9,1515.3,2,1463.7,3,1500.0,0
Rueffer L.,1453.6,1,1500.0,0,1448.7,1,1500.0,0,1500.0,0
Han N.L.,1453.4,15,1405.8,15,1500.0,0,1500.0,0,1500.0,0
Gaydarzhi K.,1453.4,1,1451.1,1,1500.0,0,1500.0,0,1500.0,0
Borsanyi C.,1453.2,1,1500.0,0,1421.3,1,1500.0,0,1500.0,0
Cervantes I.,1452.8,47,1466.8,12,1446.9,31,1443.4,4,1500.0,0
Arseneault A.,1452.8,2,1434.9,2,1500.0,0,1500.0,0,1500.0,0
Robillard-Millette C.,1452.7,1,1454.0,1,1500.0,0,1500.0,0,1500.0,0
Sakamoto R.,1452.6,6,1442.7,6,1500.0,0,1500.0,0,1500.0,0
Martineau M.,1452.6,2,1480.4,1,1500.0,0,1463.2,1,1500.0,0
Marosi K.,1452.6,4,1445.7,1,1465.8,3,1500.0,0,1500.0,0
Aragone JC,1452.5,1,1500.0,0,1500.0,0,1432.4,1,1500.0,0
Date K.,1452.2,1,1441.5,1,1500.0,0,1500.0,0,1500.0,0
Wurth T.,1452.1,2,1457.4,1,1471.7,1,1500.0,0,1500.0,0
Forbes M.,1452.0,1,1453.5,1,1500.0,0,1500.0,0,1500.0,0
Perez A.,1451.9,1,1449.7,1,1500.0,0,1500.0,0,1500.0,0
Chrysochos P.,1451.9,1,1455.1,1,1500.0,0,1500.0,0,1500.0,0
Starace P.,1451.8,79,1352.4,20,1511.1,55,1279.0,4,1500.0,0
Damas M.,1451.7,1,1500.0,0,1462.0,1,1500.0,0,1500.0,0
Shi H.,1451.7,6,1445.0,6,1500.0,0,1500.0,0,1500.0,0
Bolsova A.,1451.6,32,1472.5,14,1450.3,17,1415.7,1,1500.0,0
Kovackova J.,1451.5,1,1443.0,1,1500.0,0,1500.0,0,1500.0,0
Meligeni Rodrigues F,1451.5,2,1500.0,0,1451.4,2,1500.0,0,1500.0,0
Vrancken Peeters A.,1451.4,1,1500.0,0,1500.0,0,1470.8,1,1500.0,0
Feuerstein C.,1451.3,16,1392.5,4,1428.3,12,1500.0,0,1500.0,0
Monteiro J.,1451.2,1,1447.1,1,1500.0,0,1500.0,0,1500.0,0
Strode B.,1450.9,1,1450.9,1,1500.0,0,1500.0,0,1500.0,0
Echeverria Alam N.,1450.9,1,1500.0,0,1460.1,1,1500.0,0,1500.0,0
Pigato L.,1450.9,5,1500.0,0,1437.3,5,1500.0,0,1500.0,0
Hong H.H.,1450.7,1,1449.5,1,1500.0,0,1500.0,0,1500.0,0
Biryukov M.,1450.6,1,1421.6,1,1500.0,0,1500.0,0,1500.0,0
Bertea E.R.,1450.6,1,1436.5,1,1500.0,0,1500.0,0,1500.0,0
Krall L.,1450.5,1,1453.8,1,1500.0,0,1500.0,0,1500.0,0
Li Zh.,1450.4,1,1447.7,1,1500.0,0,1500.0,0,1500.0,0
Zhang Ze.,1450.3,2,1445.9,2,1500.0,0,1500.0,0,1500.0,0
Altick F.,1450.3,1,1500.0,0,1427.8,1,1500.0,0,1500.0,0
Pridankina E.,1450.2,10,1440.6,6,1431.7,4,1500.0,0,1500.0,0
Choi J-H.,1450.2,1,1445.4,1,1500.0,0,1500.0,0,1500.0,0
Rodionova A.,1450.2,14,1424.6,8,1484.9,4,1494.9,2,1500.0,0
Toth A.,1450.1,3,1500.0,0,1428.5,3,1500.0,0,1500.0,0
Arn G.,1450.1,78,1460.4,43,1482.4,30,1439.8,5,1500.0,0
Vogt S.,1450.1,1,1500.0,0,1455.8,1,1500.0,0,1500.0,0
Shi B.,1450.0,1,1446.8,1,1500.0,0,1500.0,0,1500.0,0
Lisjak I.,1450.0,1,1437.8,1,1500.0,0,1500.0,0,1500.0,0
Zhang Z.,1449.9,13,1409.5,11,1500.0,0,1520.1,2,1500.0,0
Jimenez Kasintseva V.,1449.9,24,1540.8,15,1360.0,8,1415.6,1,1500.0,0
Mejia N.,1449.8,8,1409.2,6,1500.0,0,1503.8,2,1500.0,0
Fullana L.,1449.8,1,1445.6,1,1500.0,0,1500.0,0,1500.0,0
Vaisse M.,1449.6,1,1500.0,0,1427.8,1,1500.0,0,1500.0,0
Vicens Mas R.,1449.6,1,1500.0,0,1434.3,1,1500.0,0,1500.0,0
Vardhan V.,1449.3,1,1452.0,1,1500.0,0,1500.0,0,1500.0,0
Fancutt T.,1449.3,1,1419.0,1,1500.0,0,1500.0,0,1500.0,0
Kiick A.,1449.3,17,1367.3,12,1495.3,5,1500.0,0,1500.0,0
Curmi F.,1449.3,1,1500.0,0,1421.4,1,1500.0,0,1500.0,0
Ortega-Olmedo R.,1449.1,1,1500.0,0,1455.8,1,1500.0,0,1500.0,0
Casanova H.,1449.0,1,1500.0,0,1437.9,1,1500.0,0,1500.0,0
Geerlings Martinez A.,1449.0,1,1500.0,0,1457.6,1,1500.0,0,1500.0,0
Pavlasek A.,1449.0,12,1354.4,4,1525.5,6,1558.7,2,1500.0,0
Crugnola M.,1448.9,1,1448.9,1,1500.0,0,1500.0,0,1500.0,0
Malygina E.,1448.9,2,1484.2,1,1434.3,1,1500.0,0,1500.0,0
Mesaros K.,1448.7,1,1433.2,1,1500.0,0,1500.0,0,1500.0,0
Molleker R.,1448.6,13,1475.6,1,1441.1,10,1440.6,2,1500.0,0
Grey S.,1448.5,1,1500.0,0,1500.0,0,1434.3,1,1500.0,0
Marcondes I.,1448.5,1,1500.0,0,1445.0,1,1500.0,0,1500.0,0
Prozorova T.,1448.4,11,1393.5,8,1502.2,3,1500.0,0,1500.0,0
Hofmanova N.,1448.4,3,1500.0,0,1454.4,3,1500.0,0,1500.0,0
Gomez E.,1448.3,26,1425.1,19,1469.4,7,1500.0,0,1500.0,0
Escoffier A.,1448.2,1,1442.6,1,1500.0,0,1500.0,0,1500.0,0
Scandalis Z.G.,1448.2,1,1432.9,1,1500.0,0,1500.0,0,1500.0,0
Siriluethaiwattana P.,1448.2,1,1434.3,1,1500.0,0,1500.0,0,1500.0,0
Londero J.I.,1448.1,82,1370.3,18,1528.2,60,1395.4,4,1500.0,0
Elgin M.,1448.1,2,1444.6,2,1500.0,0,1500.0,0,1500.0,0
Moundir A.,1448.1,1,1500.0,0,1439.8,1,1500.0,0,1500.0,0
Rosca A.,1448.0,1,1500.0,0,1448.8,1,1500.0,0,1500.0,0
Garcia Perez G.,1447.9,15,1392.2,6,1411.5,6,1520.0,3,1500.0,0
Minella M.,1447.8,145,1422.3,79,1489.1,57,1322.9,9,1500.0,0
Oswald P.,1447.8,3,1451.9,1,1494.5,2,1500.0,0,1500.0,0
Kasnikowski M.,1447.7,1,1425.2,1,1500.0,0,1500.0,0,1500.0,0
Flink V.,1447.5,18,1377.9,10,1442.8,6,1557.0,2,1500.0,0
Arvidsson I.,1447.5,1,1500.0,0,1439.2,1,1500.0,0,1500.0,0
Crawley F.,1447.5,2,1466.5,1,1453.7,1,1500.0,0,1500.0,0
Lu Jia Jing,1447.4,1,1448.8,1,1500.0,0,1500.0,0,1500.0,0
Simmonds P.,1447.4,1,1439.7,1,1500.0,0,1500.0,0,1500.0,0
Melander H.,1447.3,1,1500.0,0,1436.8,1,1500.0,0,1500.0,0
Hsu C.W.,1447.3,1,1451.5,1,1500.0,0,1500.0,0,1500.0,0
Argyrokastriti M.,1447.2,1,1462.6,1,1500.0,0,1500.0,0,1500.0,0
Rochus C.,1447.2,1,1445.9,1,1500.0,0,1500.0,0,1500.0,0
Knowle J.,1447.1,1,1441.8,1,1500.0,0,1500.0,0,1500.0,0
Ferrer Suarez I,1447.0,1,1500.0,0,1442.1,1,1500.0,0,1500.0,0
Koubek S.,1447.0,1,1447.0,1,1500.0,0,1500.0,0,1500.0,0
Moraru G.,1446.9,1,1500.0,0,1458.0,1,1500.0,0,1500.0,0
King K.,1446.8,5,1452.2,4,1452.3,1,1500.0,0,1500.0,0
Juricova J.,1446.7,1,1444.9,1,1500.0,0,1500.0,0,1500.0,0
Habib H.,1446.6,6,1442.6,6,1500.0,0,1500.0,0,1500.0,0
Lew Yan Foon A.,1446.6,1,1445.7,1,1500.0,0,1500.0,0,1500.0,0
Thompson C.,1446.4,1,1500.0,0,1500.0,0,1441.9,1,1500.0,0
Ciorcila P.,1446.3,1,1500.0,0,1420.6,1,1500.0,0,1500.0,0
Plazas J.,1446.2,1,1500.0,0,1451.6,1,1500.0,0,1500.0,0
Olaru R.,1446.1,1,1500.0,0,1452.0,1,1500.0,0,1500.0,0
Gong M.X.,1446.0,2,1440.5,2,1500.0,0,1500.0,0,1500.0,0
Aksu A.,1445.9,6,1523.1,2,1411.8,4,1500.0,0,1500.0,0
Bogomolov A.,1445.9,108,1451.3,86,1279.2,6,1413.3,16,1500.0,0
Perez Garcia M.P.,1445.8,1,1500.0,0,1464.0,1,1500.0,0,1500.0,0
Luz B.,1445.8,2,1500.0,0,1449.8,2,1500.0,0,1500.0,0
Andreev A.,1445.8,7,1441.2,7,1500.0,0,1500.0,0,1500.0,0
Wallace I.,1445.7,1,1500.0,0,1436.6,1,1500.0,0,1500.0,0
Zahraj P.,1445.5,1,1500.0,0,1446.2,1,1500.0,0,1500.0,0
Bega A.,1445.5,1,1463.3,1,1500.0,0,1500.0,0,1500.0,0
Tkacheva M.,1445.2,1,1441.5,1,1500.0,0,1500.0,0,1500.0,0
Choi J.H.,1445.2,1,1441.5,1,1500.0,0,1500.0,0,1500.0,0
Added D.,1445.1,1,1450.7,1,1500.0,0,1500.0,0,1500.0,0
Eysseric J.,1445.1,1,1445.7,1,1500.0,0,1500.0,0,1500.0,0
Schuettler R.,1445.1,18,1400.7,9,1356.5,3,1512.1,6,1500.0,0
Zhang Y.,1445.0,1,1443.3,1,1500.0,0,1500.0,0,1500.0,0
Brands D.,1444.7,100,1468.6,58,1498.2,34,1387.3,8,1500.0,0
Benhadi G.,1444.7,1,1500.0,0,1454.7,1,1500.0,0,1500.0,0
Falkner Z.,1444.7,1,1440.5,1,1500.0,0,1500.0,0,1500.0,0
De Loore J.,1444.6,1,1443.7,1,1500.0,0,1500.0,0,1500.0,0
Buchanan C.,1444.4,1,1453.9,1,1500.0,0,1500.0,0,1500.0,0
Noordin J.,1444.3,1,1439.1,1,1500.0,0,1500.0,0,1500.0,0
Grigelis L.,1444.3,1,1433.0,1,1500.0,0,1500.0,0,1500.0,0
Ignatik A.,1444.3,1,1449.8,1,1500.0,0,1500.0,0,1500.0,0
Fabbiano T.,1444.3,64,1359.8,39,1318.4,14,1604.8,11,1500.0,0
Granillo A.,1444.1,1,1500.0,0,1440.9,1,1500.0,0,1500.0,0
McDonald N.,1444.1,1,1500.0,0,1440.8,1,1500.0,0,1500.0,0
Reyngold E.,1444.0,1,1500.0,0,1432.7,1,1500.0,0,1500.0,0
Kostovic T.,1443.9,3,1456.7,1,1453.5,1,1483.3,1,1500.0,0
Folts A.,1443.8,1,1425.2,1,1500.0,0,1500.0,0,1500.0,0
Halebian A.,1443.8,1,1445.9,1,1500.0,0,1500.0,0,1500.0,0
Etcheverry T. M.,1443.7,1,1424.0,1,1500.0,0,1500.0,0,1500.0,0
Oktiabreva A.,1443.7,1,1441.6,1,1500.0,0,1500.0,0,1500.0,0
Smith A.,1443.5,1,1451.1,1,1500.0,0,1500.0,0,1500.0,0
Kubka M.,1443.5,1,1500.0,0,1440.8,1,1500.0,0,1500.0,0
Wu D.,1443.4,19,1411.3,19,1500.0,0,1500.0,0,1500.0,0
Poutchek T.,1443.4,1,1500.0,0,1449.7,1,1500.0,0,1500.0,0
Golubev A.,1443.4,71,1435.5,40,1404.9,27,1346.3,4,1500.0,0
Bourgue M.,1443.4,6,1437.7,2,1473.8,4,1500.0,0,1500.0,0
Chakhnashvili M.,1443.2,1,1500.0,0,1434.3,1,1500.0,0,1500.0,0
Rapolu M.,1443.2,1,1445.4,1,1500.0,0,1500.0,0,1500.0,0
Fujiwara R.,1443.2,4,1395.3,2,1500.0,0,1500.8,2,1500.0,0
Baker B.,1443.2,43,1390.9,26,1539.9,9,1567.2,8,1500.0,0
Birnerova E.,1443.2,34,1452.4,17,1352.2,14,1569.1,3,1500.0,0
Bammer S.,1443.1,46,1492.3,30,1410.0,12,1382.4,4,1500.0,0
Moeller M.,1443.1,1,1500.0,0,1443.0,1,1500.0,0,1500.0,0
Albano S.,1443.1,1,1500.0,0,1450.8,1,1500.0,0,1500.0,0
Kustova D.,1443.0,6,1458.5,5,1438.7,1,1500.0,0,1500.0,0
Bogaerts R.,1442.9,1,1437.8,1,1500.0,0,1500.0,0,1500.0,0
Ianchuk O.,1442.8,1,1440.9,1,1500.0,0,1500.0,0,1500.0,0
Wu T.L.,1442.7,6,1430.8,6,1500.0,0,1500.0,0,1500.0,0
Mediorreal Arias V.,1442.7,1,1500.0,0,1447.3,1,1500.0,0,1500.0,0
Kirillov E.,1442.7,1,1500.0,0,1500.0,0,1430.9,1,1500.0,0
Bara I.,1442.7,46,1375.1,10,1475.1,34,1508.4,2,1500.0,0
Magadan A.,1442.7,1,1464.3,1,1500.0,0,1500.0,0,1500.0,0
Khaddari H.,1442.7,1,1500.0,0,1461.8,1,1500.0,0,1500.0,0
Rochus O.,1442.5,63,1509.5,33,1271.9,13,1484.8,17,1500.0,0
Fita Boluda A.,1442.4,2,1500.0,0,1440.0,2,1500.0,0,1500.0,0
Zander N.,1442.4,1,1500.0,0,1440.4,1,1500.0,0,1500.0,0
Savinykh V.,1442.4,31,1466.5,26,1365.8,4,1432.8,1,1500.0,0
Torpegaard M.,1442.3,4,1436.8,4,1500.0,0,1500.0,0,1500.0,0
Glushko J.,1442.3,44,1413.8,22,1437.7,20,1413.4,2,1500.0,0
Schukin Y.,1442.3,1,1442.3,1,1500.0,0,1500.0,0,1500.0,0
Brockmann T.J.,1442.3,1,1500.0,0,1428.1,1,1500.0,0,1500.0,0
Salamanca C.,1442.2,1,1500.0,0,1440.3,1,1500.0,0,1500.0,0
Kuznetsov A.,1442.2,2,1432.4,2,1500.0,0,1500.0,0,1500.0,0
Bektas E.,1442.1,27,1325.4,15,1514.2,3,1522.4,9,1500.0,0
Amariei I.D.,1442.0,1,1500.0,0,1424.5,1,1500.0,0,1500.0,0
Escobedo E.,1441.9,48,1400.0,35,1474.4,7,1405.6,6,1500.0,0
Peya A.,1441.9,1,1500.0,0,1439.3,1,1500.0,0,1500.0,0
Foretz S.,1441.7,39,1394.0,19,1457.9,14,1511.7,6,1500.0,0
Neuwirth Y.,1441.6,1,1500.0,0,1437.2,1,1500.0,0,1500.0,0
Andreozzi G.,1441.5,29,1465.7,10,1396.3,16,1449.4,3,1500.0,0
Artunedo Martinavarro A.,1441.4,1,1439.6,1,1500.0,0,1500.0,0,1500.0,0
Albie A.,1441.4,1,1500.0,0,1426.9,1,1500.0,0,1500.0,0
Shinikova I.,1441.3,10,1434.1,3,1449.2,7,1500.0,0,1500.0,0
Barrios M.,1441.3,27,1436.8,5,1427.1,19,1509.0,3,1500.0,0
Reix S.,1441.3,3,1432.2,1,1497.6,2,1500.0,0,1500.0,0
Ghioroaie I.G,1441.2,1,1444.6,1,1500.0,0,1500.0,0,1500.0,0
Al Mutawa J.,1441.1,1,1441.5,1,1500.0,0,1500.0,0,1500.0,0
Christie F.,1441.0,1,1500.0,0,1500.0,0,1427.4,1,1500.0,0
Marti Y.,1441.0,6,1500.0,0,1462.0,6,1500.0,0,1500.0,0
Dzehalevich E.,1440.9,3,1500.0,0,1499.9,2,1440.9,1,1500.0,0
Wienerova L.,1440.9,1,1500.0,0,1440.9,1,1500.0,0,1500.0,0
Voegele,1440.9,1,1440.9,1,1500.0,0,1500.0,0,1500.0,0
Galvani S.,1440.9,1,1440.9,1,1500.0,0,1500.0,0,1500.0,0
Sabry S.,1440.9,1,1440.9,1,1500.0,0,1500.0,0,1500.0,0
Hocevar R.,1440.9,1,1500.0,0,1440.9,1,1500.0,0,1500.0,0
Simonsson F.,1440.9,1,1500.0,0,1440.9,1,1500.0,0,1500.0,0
Hsu C.Y.,1440.9,1,1440.9,1,1500.0,0,1500.0,0,1500.0,0
Ali Mutawa J.M.,1440.9,1,1440.9,1,1500.0,0,1500.0,0,1500.0,0
Stewart H.,1440.9,1,1500.0,0,1500.0,0,1440.9,1,1500.0,0
Smitkova T.,1440.9,48,1492.9,24,1389.3,15,1390.7,9,1500.0,0
Dutra Da Silva D.,1440.9,1,1500.0,0,1440.9,1,1500.0,0,1500.0,0
Chirico L.,1440.9,65,1377.8,34,1511.2,29,1374.0,2,1500.0,0
Safarova Z.,1440.9,1,1440.9,1,1500.0,0,1500.0,0,1500.0,0
Lajola D.,1440.9,1,1440.9,1,1500.0,0,1500.0,0,1500.0,0
Khrisanova N.,1440.9,1,1440.9,1,1500.0,0,1500.0,0,1500.0,0
Minor B.,1440.7,1,1429.4,1,1500.0,0,1500.0,0,1500.0,0
Zucchini A.,1440.7,1,1500.0,0,1434.3,1,1500.0,0,1500.0,0
Inoue H.,1440.6,2,1438.4,2,1500.0,0,1500.0,0,1500.0,0
Black T.A.,1440.5,2,1448.9,1,1449.2,1,1500.0,0,1500.0,0
Maristany G.,1440.4,4,1428.5,1,1462.9,3,1500.0,0,1500.0,0
Contreras Gomez F.,1440.3,11,1409.1,8,1545.7,2,1420.6,1,1500.0,0
Talaba G.,1440.3,1,1500.0,0,1439.5,1,1500.0,0,1500.0,0
Crawford O.,1440.3,1,1500.0,0,1500.0,0,1406.3,1,1500.0,0
Umarova K.,1440.3,1,1435.3,1,1500.0,0,1500.0,0,1500.0,0
Chang S.,1440.3,2,1500.0,0,1430.1,2,1500.0,0,1500.0,0
Jani R-L.,1440.2,1,1500.0,0,1428.3,1,1500.0,0,1500.0,0
Corrie E.,1440.1,1,1500.0,0,1500.0,0,1425.0,1,1500.0,0
Brantmeier R.,1440.0,1,1423.4,1,1500.0,0,1500.0,0,1500.0,0
Capurro Taborda M.,1440.0,1,1415.9,1,1500.0,0,1500.0,0,1500.0,0
Groth S.,1440.0,49,1340.8,33,1512.2,3,1488.4,13,1500.0,0
Patino L.,1439.9,1,1431.3,1,1500.0,0,1500.0,0,1500.0,0
Mott B.,1439.8,2,1431.3,2,1500.0,0,1500.0,0,1500.0,0
Kicker N.,1439.8,28,1306.7,4,1555.9,23,1461.8,1,1500.0,0
Govortsova O.,1439.8,184,1473.8,111,1304.5,52,1444.8,21,1500.0,0
Lapentti G.,1439.8,3,1500.0,0,1465.7,3,1500.0,0,1500.0,0
Yani M.,1439.7,10,1387.3,5,1425.3,1,1601.7,4,1500.0,0
Russell M.,1439.4,91,1502.7,62,1370.8,13,1432.2,16,1500.0,0
Dancevic F.,1439.4,35,1357.4,21,1324.8,2,1456.5,12,1500.0,0
Kudryavtsev A.,1439.2,9,1476.7,8,1500.0,0,1441.3,1,1500.0,0
Herazo Gonzalez M.,1439.2,4,1500.0,0,1435.0,4,1500.0,0,1500.0,0
Idmbarek Y.,1439.2,1,1500.0,0,1422.2,1,1500.0,0,1500.0,0
Chang K.C.,1439.1,81,1473.1,65,1305.4,8,1271.9,8,1500.0,0
Matteucci A.,1439.0,1,1500.0,0,1443.9,1,1500.0,0,1500.0,0
Ku Y.,1438.9,2,1379.4,2,1500.0,0,1500.0,0,1500.0,0
Moore T.,1438.9,17,1434.3,1,1500.0,0,1405.2,16,1500.0,0
Deen Heshaam A.,1438.7,1,1432.5,1,1500.0,0,1500.0,0,1500.0,0
Piros Z.,1438.6,4,1412.2,2,1504.3,2,1500.0,0,1500.0,0
Samudio A.,1438.4,1,1500.0,0,1455.2,1,1500.0,0,1500.0,0
Robson L.,1438.4,98,1454.2,54,1541.8,20,1437.7,24,1500.0,0
Djuric B.,1438.4,1,1435.9,1,1500.0,0,1500.0,0,1500.0,0
Herrero Linana A.,1438.2,1,1500.0,0,1435.0,1,1500.0,0,1500.0,0
Jones F.,1438.2,53,1447.2,22,1463.5,14,1352.6,17,1500.0,0
Gjorcheska L.,1437.8,2,1440.9,1,1500.0,0,1481.7,1,1500.0,0
Meligeni Alves F.,1437.7,12,1533.1,5,1429.0,6,1403.0,1,1500.0,0
Mikrut L.,1437.6,1,1500.0,0,1434.5,1,1500.0,0,1500.0,0
Imanishi M.,1437.4,1,1437.2,1,1500.0,0,1500.0,0,1500.0,0
Ren Y.,1437.4,1,1437.6,1,1500.0,0,1500.0,0,1500.0,0
Urgesi F.,1437.0,2,1500.0,0,1405.0,2,1500.0,0,1500.0,0
Pasha N.,1436.8,1,1435.9,1,1500.0,0,1500.0,0,1500.0,0
Zhuk S.,1436.8,9,1450.8,8,1450.8,1,1500.0,0,1500.0,0
Zaniewska S.,1436.7,4,1476.4,2,1482.3,1,1458.5,1,1500.0,0
Cassone M.,1436.7,2,1474.1,1,1500.0,0,1457.9,1,1500.0,0
Hogenkamp R.,1436.6,42,1393.7,16,1470.3,18,1401.9,8,1500.0,0
Polansky P.,1436.5,22,1441.2,17,1410.7,4,1444.9,1,1500.0,0
Fernandez L. A.,1436.1,1,1436.9,1,1500.0,0,1500.0,0,1500.0,0
Jung J.,1436.1,27,1407.8,21,1443.6,1,1483.5,5,1500.0,0
Broom C.,1436.0,2,1500.0,0,1500.0,0,1413.2,2,1500.0,0
Vedder E.,1436.0,3,1500.0,0,1432.2,2,1448.2,1,1500.0,0
Kremen I.,1435.8,1,1434.7,1,1500.0,0,1500.0,0,1500.0,0
Castano C.,1435.8,18,1465.9,1,1463.8,17,1500.0,0,1500.0,0
King-Turner D.,1435.7,1,1421.5,1,1500.0,0,1500.0,0,1500.0,0
Ivakhnenko V.,1435.5,9,1450.3,1,1469.9,8,1500.0,0,1500.0,0
Manasieva V.,1435.4,9,1485.8,7,1397.2,2,1500.0,0,1500.0,0
Stefkova B.,1435.3,5,1429.7,4,1500.0,0,1422.5,1,1500.0,0
Lalami Laaroussi Y.,1435.2,2,1500.0,0,1434.7,2,1500.0,0,1500.0,0
Cheapchandej P.,1435.2,1,1440.9,1,1500.0,0,1500.0,0,1500.0,0
Jorovic I.,1435.1,27,1436.4,14,1369.3,9,1527.6,4,1500.0,0
Escobar G.,1435.0,1,1500.0,0,1442.5,1,1500.0,0,1500.0,0
Gensse A.,1435.0,2,1467.7,1,1444.9,1,1500.0,0,1500.0,0
Lewis J.,1435.0,2,1430.3,2,1500.0,0,1500.0,0,1500.0,0
Gomez-Herrera C.,1435.0,1,1500.0,0,1439.9,1,1500.0,0,1500.0,0
Knoll X.,1435.0,1,1500.0,0,1446.1,1,1500.0,0,1500.0,0
Kosakowski D.,1434.9,3,1450.1,3,1500.0,0,1500.0,0,1500.0,0
Krumich M.,1434.8,1,1500.0,0,1433.8,1,1500.0,0,1500.0,0
Decoud S.,1434.8,1,1500.0,0,1500.0,0,1431.5,1,1500.0,0
Floris A.,1434.7,3,1500.0,0,1408.0,3,1500.0,0,1500.0,0
Echargui M.,1434.7,3,1428.5,3,1500.0,0,1500.0,0,1500.0,0
Han S.H.,1434.5,1,1430.6,1,1500.0,0,1500.0,0,1500.0,0
Hodzic M.,1434.5,1,1435.9,1,1500.0,0,1500.0,0,1500.0,0
Ito T.,1434.5,60,1433.1,42,1371.6,5,1453.3,13,1500.0,0
Glushko L.,1434.5,5,1442.1,4,1431.6,1,1500.0,0,1500.0,0
Rajeshwaran Revathi M.,1434.3,1,1434.3,1,1500.0,0,1500.0,0,1500.0,0
Wong Hong Yi C.,1434.3,1,1434.3,1,1500.0,0,1500.0,0,1500.0,0
Nugroho P.M.,1434.3,1,1434.3,1,1500.0,0,1500.0,0,1500.0,0
Zhu C.,1434.3,1,1434.3,1,1500.0,0,1500.0,0,1500.0,0
Sanchez Uribe M.J.,1434.3,1,1500.0,0,1434.3,1,1500.0,0,1500.0,0
Herbert P.,1434.0,14,1453.8,4,1398.0,7,1452.8,3,1500.0,0
Gabueva A.,1434.0,2,1500.0,0,1445.1,2,1500.0,0,1500.0,0
Arcangioli M.,1433.4,1,1500.0,0,1422.5,1,1500.0,0,1500.0,0
Mertens Y.,1433.3,1,1434.7,1,1500.0,0,1500.0,0,1500.0,0
Paganetti V.,1433.1,1,1500.0,0,1423.6,1,1500.0,0,1500.0,0
Ivanova E.,1433.1,13,1465.4,11,1399.4,2,1500.0,0,1500.0,0
Cherubini D.,1433.1,1,1500.0,0,1432.6,1,1500.0,0,1500.0,0
Barbat K.,1433.0,1,1431.8,1,1500.0,0,1500.0,0,1500.0,0
De Vroome I.,1432.9,6,1448.5,4,1490.2,1,1471.9,1,1500.0,0
Lertpitaksinchai N.,1432.8,7,1421.7,7,1500.0,0,1500.0,0,1500.0,0
Kirkin E.,1432.7,2,1478.3,1,1500.0,0,1443.1,1,1500.0,0
Lestienne C.,1432.7,58,1453.4,45,1348.6,6,1315.3,7,1500.0,0
De Paula F.,1432.6,1,1500.0,0,1430.9,1,1500.0,0,1500.0,0
Prisacariu A.,1432.5,2,1457.6,1,1464.2,1,1500.0,0,1500.0,0
Granollers Pujol G.,1432.5,1,1500.0,0,1451.9,1,1500.0,0,1500.0,0
Valkusz M.,1432.5,4,1444.8,3,1440.9,1,1500.0,0,1500.0,0
Costas L.,1432.4,1,1500.0,0,1435.3,1,1500.0,0,1500.0,0
Kirchheimer S.,1432.3,2,1445.8,2,1500.0,0,1500.0,0,1500.0,0
Ekshibarova V.,1432.2,1,1430.5,1,1500.0,0,1500.0,0,1500.0,0
Karatancheva L.,1432.0,1,1500.0,0,1427.1,1,1500.0,0,1500.0,0
Couacaud E.,1431.9,11,1459.0,5,1429.4,4,1401.7,2,1500.0,0
Jaziri M.,1431.9,143,1455.9,95,1457.4,32,1339.1,16,1500.0,0
Andreev I.,1431.8,67,1398.0,24,1463.3,36,1458.1,7,1500.0,0
Remondina A.,1431.8,1,1500.0,0,1432.7,1,1500.0,0,1500.0,0
Ramialison I.,1431.8,1,1429.7,1,1500.0,0,1500.0,0,1500.0,0
Fraile G.,1431.8,1,1500.0,0,1424.9,1,1500.0,0,1500.0,0
Vasilevski A.,1431.8,1,1434.7,1,1500.0,0,1500.0,0,1500.0,0
Kolar N.,1431.7,3,1500.0,0,1418.4,3,1500.0,0,1500.0,0
Radivojevic L.,1431.3,1,1500.0,0,1436.3,1,1500.0,0,1500.0,0
Barry M.,1431.1,2,1389.4,2,1500.0,0,1500.0,0,1500.0,0
Sirotkina M.,1431.1,2,1429.1,2,1500.0,0,1500.0,0,1500.0,0
Bangoura S.,1431.1,1,1446.2,1,1500.0,0,1500.0,0,1500.0,0
Soler-E. S.,1431.1,1,1423.7,1,1500.0,0,1500.0,0,1500.0,0
Castiblanco K.,1431.1,1,1500.0,0,1440.9,1,1500.0,0,1500.0,0
Babos T.,1431.0,301,1489.5,197,1373.3,75,1352.0,29,1500.0,0
Betov S.,1431.0,1,1428.7,1,1500.0,0,1500.0,0,1500.0,0
Laskutova K.,1431.0,1,1430.7,1,1500.0,0,1500.0,0,1500.0,0
Boitan G.A.,1430.8,1,1500.0,0,1433.5,1,1500.0,0,1500.0,0
Hu Y.Y.,1430.8,2,1434.6,2,1500.0,0,1500.0,0,1500.0,0
Viratprasert S.,1430.4,1,1430.4,1,1500.0,0,1500.0,0,1500.0,0
Lin J.M.,1430.4,1,1430.2,1,1500.0,0,1500.0,0,1500.0,0
Wu H.C.,1430.3,2,1420.6,2,1500.0,0,1500.0,0,1500.0,0
Brodsky G.,1430.3,1,1420.2,1,1500.0,0,1500.0,0,1500.0,0
Zaja A.,1430.2,8,1421.5,1,1486.7,6,1434.3,1,1500.0,0
Naydenova A.,1430.2,1,1431.7,1,1500.0,0,1500.0,0,1500.0,0
Kovackova A.,1429.9,1,1431.1,1,1500.0,0,1500.0,0,1500.0,0
Sakellaridi S.,1429.9,1,1428.1,1,1500.0,0,1500.0,0,1500.0,0
Sakharov G.,1429.9,3,1393.2,1,1529.1,2,1500.0,0,1500.0,0
Guo H.,1429.7,12,1407.6,11,1426.1,1,1500.0,0,1500.0,0
Roma S.,1429.6,1,1500.0,0,1435.4,1,1500.0,0,1500.0,0
Ewald W.,1429.4,1,1500.0,0,1421.1,1,1500.0,0,1500.0,0
Brianti A.,1429.4,98,1428.7,57,1455.4,33,1316.4,8,1500.0,0
Madaras D.,1429.2,2,1453.3,1,1456.1,1,1500.0,0,1500.0,0
Jasika O.,1429.0,6,1413.8,6,1500.0,0,1500.0,0,1500.0,0
Wei S.,1429.0,13,1388.2,13,1500.0,0,1500.0,0,1500.0,0
Bains N.,1428.8,2,1432.8,1,1500.0,0,1465.7,1,1500.0,0
Ce G.,1428.8,10,1434.6,5,1470.3,5,1500.0,0,1500.0,0
Robert S.,1428.6,72,1419.8,43,1516.4,22,1419.6,7,1500.0,0
Soboleva A.,1428.6,2,1426.0,1,1459.1,1,1500.0,0,1500.0,0
Oudin M.,1428.6,103,1389.9,61,1404.9,29,1505.8,13,1500.0,0
Zabala P.,1428.3,1,1500.0,0,1440.9,1,1500.0,0,1500.0,0
Westerhof B.,1428.2,1,1500.0,0,1421.4,1,1500.0,0,1500.0,0
Brugues-Davi A.,1428.2,4,1489.6,3,1422.8,1,1500.0,0,1500.0,0
Burger C.,1428.1,9,1368.3,2,1528.6,7,1500.0,0,1500.0,0
Goodall J.,1427.7,1,1500.0,0,1500.0,0,1428.8,1,1500.0,0
O'Connell C.,1427.7,3,1408.6,3,1500.0,0,1500.0,0,1500.0,0
Chan Y.J.,1427.5,46,1389.3,35,1493.8,8,1465.7,3,1500.0,0
Basing M.,1427.3,1,1500.0,0,1500.0,0,1409.2,1,1500.0,0
Rogers A.S.,1427.3,1,1420.1,1,1500.0,0,1500.0,0,1500.0,0
Schoorel T.,1427.2,5,1360.7,3,1521.2,2,1500.0,0,1500.0,0
Ryderstedt M.,1427.0,5,1440.9,1,1496.2,4,1500.0,0,1500.0,0
Bogdanovic A.,1427.0,1,1500.0,0,1500.0,0,1438.2,1,1500.0,0
Chung Y.,1427.0,2,1455.5,1,1500.0,0,1463.8,1,1500.0,0
Dinu C.,1426.8,4,1500.0,0,1399.1,4,1500.0,0,1500.0,0
Nikles J.,1426.6,4,1500.0,0,1410.5,4,1500.0,0,1500.0,0
Abdala N.,1426.5,1,1500.0,0,1438.7,1,1500.0,0,1500.0,0
Pochabova M.,1426.4,1,1500.0,0,1429.6,1,1500.0,0,1500.0,0
Bailly G.,1426.4,2,1401.8,2,1500.0,0,1500.0,0,1500.0,0
Jafarova N.,1426.4,2,1405.3,2,1500.0,0,1500.0,0,1500.0,0
Rachidi Y.,1426.4,1,1500.0,0,1433.8,1,1500.0,0,1500.0,0
Moriya H.,1426.3,10,1411.3,10,1500.0,0,1500.0,0,1500.0,0
Mansouri Y.,1426.1,2,1383.3,2,1500.0,0,1500.0,0,1500.0,0
Ramirez C.,1426.0,2,1500.0,0,1443.5,2,1500.0,0,1500.0,0
Czink M.,1426.0,65,1426.8,35,1324.3,18,1534.3,12,1500.0,0
Rezai A.,1425.9,100,1453.6,54,1498.7,34,1510.3,12,1500.0,0
Myneni S.,1425.8,2,1380.4,2,1500.0,0,1500.0,0,1500.0,0
Takeuchi K.,1425.7,1,1428.6,1,1500.0,0,1500.0,0,1500.0,0
Habler H.,1425.6,1,1500.0,0,1430.9,1,1500.0,0,1500.0,0
Gerlach K.,1425.6,3,1500.0,0,1433.7,3,1500.0,0,1500.0,0
Cina F.,1425.4,13,1487.7,3,1409.0,10,1500.0,0,1500.0,0
Nedovyesov O.,1425.2,1,1449.2,1,1500.0,0,1500.0,0,1500.0,0
Georges M.,1425.1,6,1466.7,1,1445.7,5,1500.0,0,1500.0,0
Stevenson A.,1425.1,4,1500.2,2,1446.2,1,1443.4,1,1500.0,0
Rios F.,1425.0,1,1500.0,0,1440.9,1,1500.0,0,1500.0,0
Mecir M.,1424.9,4,1462.9,3,1412.1,1,1500.0,0,1500.0,0
Kim S-J.,1424.9,1,1432.1,1,1500.0,0,1500.0,0,1500.0,0
Kucova Z.,1424.8,20,1292.8,10,1530.1,9,1411.8,1,1500.0,0
Chakvetadze A.,1424.8,55,1489.4,40,1267.9,8,1484.5,7,1500.0,0
Gill F.,1424.7,2,1500.0,0,1500.0,0,1370.7,2,1500.0,0
Samper-Montana J.,1424.5,1,1500.0,0,1424.5,1,1500.0,0,1500.0,0
Stadler S.,1424.5,1,1424.5,1,1500.0,0,1500.0,0,1500.0,0
Delic M.,1424.2,8,1479.1,1,1435.1,7,1500.0,0,1500.0,0
Paquet C.,1424.0,62,1230.2,22,1501.0,37,1454.4,3,1500.0,0
Bennani L.,1424.0,1,1500.0,0,1433.0,1,1500.0,0,1500.0,0
Kypson P.,1423.8,20,1439.4,13,1319.0,5,1560.2,2,1500.0,0
Bossel A.,1423.7,1,1500.0,0,1500.0,0,1446.3,1,1500.0,0
Sekulic M.,1423.6,1,1423.8,1,1500.0,0,1500.0,0,1500.0,0
Mueller A.,1423.6,2,1420.2,2,1500.0,0,1500.0,0,1500.0,0
Hendler T.,1423.5,1,1500.0,0,1421.3,1,1500.0,0,1500.0,0
Schunk N.,1423.5,9,1467.7,1,1414.7,7,1450.3,1,1500.0,0
Popa G.S.,1423.3,1,1500.0,0,1424.6,1,1500.0,0,1500.0,0
Ghem A.,1423.3,4,1500.0,0,1423.3,4,1500.0,0,1500.0,0
Dhamne M.,1423.2,1,1426.0,1,1500.0,0,1500.0,0,1500.0,0
Scholtz N.,1423.2,1,1423.2,1,1500.0,0,1500.0,0,1500.0,0
Borvanov R.,1422.9,1,1422.9,1,1500.0,0,1500.0,0,1500.0,0
Van D. Merwe I.,1422.6,1,1422.9,1,1500.0,0,1500.0,0,1500.0,0
Costoulas S.,1422.5,6,1483.7,5,1434.3,1,1500.0,0,1500.0,0
Stefani L.,1422.3,1,1431.3,1,1500.0,0,1500.0,0,1500.0,0
Luz O.,1422.1,2,1500.0,0,1439.1,2,1500.0,0,1500.0,0
Herbert P-H.,1421.9,1,1421.2,1,1500.0,0,1500.0,0,1500.0,0
Han N-L.,1421.9,2,1388.0,2,1500.0,0,1500.0,0,1500.0,0
Ozaki R.,1421.8,58,1438.9,49,1404.1,3,1381.1,6,1500.0,0
Klaasen R.,1421.8,1,1421.8,1,1500.0,0,1500.0,0,1500.0,0
Vinciguerra A.,1421.5,2,1500.0,0,1416.8,2,1500.0,0,1500.0,0
Walter L.,1421.3,1,1500.0,0,1500.0,0,1430.9,1,1500.0,0
Wang M.,1421.3,2,1383.7,2,1500.0,0,1500.0,0,1500.0,0
Harkleroad A.,1421.3,2,1425.8,2,1500.0,0,1500.0,0,1500.0,0
Yonemura T.,1421.1,1,1420.8,1,1500.0,0,1500.0,0,1500.0,0
Dokic J.,1421.0,49,1442.4,36,1321.6,7,1570.4,6,1500.0,0
Dellien H.,1420.9,89,1274.1,13,1458.5,72,1326.2,4,1500.0,0
Ma S.,1420.7,1,1419.8,1,1500.0,0,1500.0,0,1500.0,0
Dutra Silva R.,1420.6,59,1469.8,18,1444.6,36,1285.9,5,1500.0,0
Bellotti R.,1420.5,1,1500.0,0,1410.6,1,1500.0,0,1500.0,0
Ngounoue C.,1420.5,8,1439.2,7,1438.7,1,1500.0,0,1500.0,0
Malek T.,1420.5,40,1459.3,24,1324.1,15,1425.4,1,1500.0,0
El Allami M.,1420.3,2,1500.0,0,1417.1,2,1500.0,0,1500.0,0
Trusendi W.,1420.2,1,1500.0,0,1417.6,1,1500.0,0,1500.0,0
Marcan D.,1420.1,2,1404.0,2,1500.0,0,1500.0,0,1500.0,0
Kapshay V.,1419.9,1,1428.4,1,1500.0,0,1500.0,0,1500.0,0
Pieri J.,1419.5,2,1447.7,1,1448.0,1,1500.0,0,1500.0,0
Mina G.,1419.3,1,1500.0,0,1428.1,1,1500.0,0,1500.0,0
Krstin P.,1419.3,5,1427.3,2,1468.3,3,1500.0,0,1500.0,0
Fidirko N.,1419.3,1,1416.3,1,1500.0,0,1500.0,0,1500.0,0
Sanchez O.,1419.2,4,1500.0,0,1410.6,4,1500.0,0,1500.0,0
Sun S.N.,1419.0,1,1421.9,1,1500.0,0,1500.0,0,1500.0,0
Gallovits E.,1419.0,47,1410.9,18,1448.8,24,1361.6,5,1500.0,0
Niland C.,1419.0,2,1496.7,1,1500.0,0,1433.2,1,1500.0,0
Brancaccio R.,1418.9,2,1500.0,0,1418.6,2,1500.0,0,1500.0,0
Evtimova D.,1418.7,10,1500.0,0,1435.5,10,1500.0,0,1500.0,0
Pedone G.,1418.4,2,1500.0,0,1391.2,2,1500.0,0,1500.0,0
Mishina D.,1418.3,1,1409.6,1,1500.0,0,1500.0,0,1500.0,0
Xun F.Y.,1418.2,10,1418.4,10,1500.0,0,1500.0,0,1500.0,0
Anderson R.,1418.1,2,1423.2,1,1473.8,1,1500.0,0,1500.0,0
Dolonts V.,1418.1,12,1349.5,6,1611.0,5,1432.8,1,1500.0,0
Tvaroskova L.,1417.9,1,1500.0,0,1423.4,1,1500.0,0,1500.0,0
Chua A.,1417.7,1,1418.4,1,1500.0,0,1500.0,0,1500.0,0
Guskova N.,1417.3,1,1419.7,1,1500.0,0,1500.0,0,1500.0,0
Knutson G.,1417.2,3,1432.6,2,1476.9,1,1500.0,0,1500.0,0
Sprem K.,1417.0,21,1441.4,11,1375.4,5,1474.4,5,1500.0,0
Mccabe J.,1416.9,6,1426.5,5,1500.0,0,1440.9,1,1500.0,0
Day K.,1416.6,38,1436.0,26,1345.7,10,1437.1,2,1500.0,0
Granollers G.,1416.6,1,1500.0,0,1430.7,1,1500.0,0,1500.0,0
Inglot D.,1416.5,2,1391.3,2,1500.0,0,1500.0,0,1500.0,0
Bloomfield R.,1416.5,1,1500.0,0,1500.0,0,1426.9,1,1500.0,0
Ilkel C.,1416.4,16,1437.0,12,1414.0,2,1395.2,2,1500.0,0
Chidekh C.,1416.0,2,1407.5,2,1500.0,0,1500.0,0,1500.0,0
Mirza S.,1416.0,46,1395.3,32,1493.7,9,1344.8,5,1500.0,0
Tinjic J.,1415.8,2,1500.0,0,1413.3,2,1500.0,0,1500.0,0
Taylor G.,1415.6,2,1500.0,0,1500.0,0,1408.6,2,1500.0,0
Sadecky A.,1415.5,1,1500.0,0,1430.9,1,1500.0,0,1500.0,0
Romboli F.,1415.4,1,1500.0,0,1430.9,1,1500.0,0,1500.0,0
Devvarman S.,1415.3,80,1496.0,58,1365.4,15,1426.2,7,1500.0,0
Bondarenko A.,1415.0,61,1426.8,38,1494.4,18,1443.6,5,1500.0,0
Lopez M.,1414.7,2,1500.0,0,1439.6,2,1500.0,0,1500.0,0
Min G.,1414.5,44,1417.8,17,1393.0,25,1407.8,2,1500.0,0
Washington M.,1414.5,1,1500.0,0,1423.3,1,1500.0,0,1500.0,0
Kichenok L.,1414.5,16,1420.8,15,1500.0,0,1470.4,1,1500.0,0
Papamichail D.,1414.1,17,1459.5,11,1419.1,6,1500.0,0,1500.0,0
Eikeri U.,1414.0,11,1422.4,6,1405.7,5,1500.0,0,1500.0,0
Zueger J.,1414.0,2,1407.5,2,1500.0,0,1500.0,0,1500.0,0
Sarkissian A.,1413.5,4,1416.6,4,1500.0,0,1500.0,0,1500.0,0
Olyanovskaya V.,1413.2,1,1500.0,0,1421.8,1,1500.0,0,1500.0,0
Desein N.,1412.9,2,1433.0,1,1453.5,1,1500.0,0,1500.0,0
Muramatsu C.,1412.8,1,1418.4,1,1500.0,0,1500.0,0,1500.0,0
Voegele S.,1412.6,246,1399.3,149,1445.1,81,1211.9,16,1500.0,0
Cecil M.,1412.2,1,1500.0,0,1416.3,1,1500.0,0,1500.0,0
Mathieu P.H.,1412.1,132,1408.0,64,1493.6,53,1413.9,15,1500.0,0
Osaka M.,1412.0,1,1410.7,1,1500.0,0,1500.0,0,1500.0,0
Ruano Pascual V.,1411.9,2,1500.0,0,1409.1,2,1500.0,0,1500.0,0
Aguilar J.,1411.6,2,1500.0,0,1403.7,2,1500.0,0,1500.0,0
Abdurakhimova A.,1411.6,1,1417.4,1,1500.0,0,1500.0,0,1500.0,0
Hosogi S.,1411.5,1,1418.7,1,1500.0,0,1500.0,0,1500.0,0
Udomchoke D.,1411.4,4,1396.6,4,1500.0,0,1500.0,0,1500.0,0
Millot V.,1411.4,23,1415.0,20,1335.9,3,1500.0,0,1500.0,0
Kuhn N.,1411.3,10,1471.1,4,1469.3,4,1425.1,2,1500.0,0
Shimizu Y.,1411.2,1,1408.4,1,1500.0,0,1500.0,0,1500.0,0
Pereira T.,1410.9,77,1404.3,25,1452.1,48,1333.2,4,1500.0,0
Gamiz A.,1410.9,4,1415.7,1,1440.3,3,1500.0,0,1500.0,0
Olivetti A.,1410.7,14,1492.2,11,1436.9,1,1369.6,2,1500.0,0
Saigo R.,1410.7,3,1399.8,3,1500.0,0,1500.0,0,1500.0,0
Jang S.,1410.7,9,1367.6,9,1500.0,0,1500.0,0,1500.0,0
Oliel Y.,1410.4,2,1408.4,2,1500.0,0,1500.0,0,1500.0,0
Baldi F.,1410.2,2,1500.0,0,1421.3,2,1500.0,0,1500.0,0
Poljicak M.,1410.1,3,1500.0,0,1406.5,3,1500.0,0,1500.0,0
Wongteanchai V.,1410.0,5,1395.9,5,1500.0,0,1500.0,0,1500.0,0
Gabashvili T.,1409.8,116,1380.5,61,1459.6,43,1370.3,12,1500.0,0
Barrena A.,1409.7,2,1500.0,0,1408.3,2,1500.0,0,1500.0,0
Viola M.,1409.7,14,1457.5,7,1397.8,6,1459.4,1,1500.0,0
De Los Rios R.,1409.5,15,1430.4,4,1390.4,10,1424.5,1,1500.0,0
Kobori M.,1409.5,2,1400.8,2,1500.0,0,1500.0,0,1500.0,0
Zeppieri G.,1409.5,27,1405.9,10,1430.4,16,1396.7,1,1500.0,0
Park S.,1409.5,3,1399.0,3,1500.0,0,1500.0,0,1500.0,0
Appleton E.,1409.2,2,1500.0,0,1500.0,0,1424.1,2,1500.0,0
Dustov F.,1408.9,3,1500.0,0,1423.0,1,1408.2,2,1500.0,0
Nedunchezhiyan J.,1408.3,1,1412.8,1,1500.0,0,1500.0,0,1500.0,0
Ghedin R.,1408.0,2,1447.7,1,1500.0,0,1449.0,1,1500.0,0
Pannu K.,1407.7,3,1379.5,3,1500.0,0,1500.0,0,1500.0,0
Semenistaja D.,1407.6,12,1404.7,6,1467.9,5,1399.7,1,1500.0,0
Gonzalez A.,1407.5,32,1461.1,13,1398.9,17,1365.5,2,1500.0,0
Higuita Barraza M. I.,1407.3,1,1500.0,0,1425.8,1,1500.0,0,1500.0,0
Tearney F.,1407.3,2,1392.6,2,1500.0,0,1500.0,0,1500.0,0
Eraydin B.,1407.1,7,1443.1,1,1443.4,6,1500.0,0,1500.0,0
Dunne K.,1407.0,3,1500.0,0,1500.0,0,1370.3,3,1500.0,0
Saville L.,1406.7,7,1382.3,2,1500.0,0,1458.4,5,1500.0,0
Bubka S.,1406.7,15,1426.9,13,1471.3,1,1462.9,1,1500.0,0
Kim S.J.,1406.6,2,1374.2,2,1500.0,0,1500.0,0,1500.0,0
Soylu I.,1406.0,13,1464.5,9,1340.8,4,1500.0,0,1500.0,0
Mena F.,1406.0,1,1412.4,1,1500.0,0,1500.0,0,1500.0,0
Hartono A.,1405.6,24,1388.8,19,1373.1,2,1495.0,3,1500.0,0
Searle H.,1405.5,3,1500.0,0,1500.0,0,1372.6,3,1500.0,0
Weinhold A.,1405.3,2,1373.8,2,1500.0,0,1500.0,0,1500.0,0
Schwaerzler J.J.,1405.2,3,1500.0,0,1369.9,3,1500.0,0,1500.0,0
Nagal S.,1405.2,40,1317.9,20,1519.5,19,1428.8,1,1500.0,0
Ferreira Silva F.,1405.2,3,1426.5,2,1454.4,1,1500.0,0,1500.0,0
Kato M.,1405.1,24,1457.1,21,1392.2,2,1451.9,1,1500.0,0
Nedovyesov A.,1404.7,18,1471.6,8,1400.8,8,1388.9,2,1500.0,0
Grandin N.,1404.7,2,1373.3,2,1500.0,0,1500.0,0,1500.0,0
Di Lorenzo F.,1404.4,21,1487.7,10,1334.7,11,1500.0,0,1500.0,0
Palkina K.,1404.3,2,1394.6,2,1500.0,0,1500.0,0,1500.0,0
Williams R.,1404.3,24,1422.4,16,1460.7,6,1421.7,2,1500.0,0
Brazhnikova A.,1404.2,2,1500.0,0,1405.7,2,1500.0,0,1500.0,0
Popko D.,1404.2,3,1397.2,3,1500.0,0,1500.0,0,1500.0,0
Karatantcheva S.,1404.1,72,1453.6,39,1427.3,25,1480.3,8,1500.0,0
Dougaz A.,1404.0,4,1416.2,3,1472.9,1,1500.0,0,1500.0,0
Puchkova O.,1403.7,35,1394.4,27,1446.0,4,1445.5,4,1500.0,0
El Amrani R.,1403.6,5,1440.9,1,1451.4,4,1500.0,0,1500.0,0
Mayo A.,1403.3,2,1443.0,1,1437.1,1,1500.0,0,1500.0,0
Rincon D.,1403.1,3,1500.0,0,1393.0,3,1500.0,0,1500.0,0
Ledovskikh M.,1403.1,2,1457.5,1,1500.0,0,1430.9,1,1500.0,0
Luzhanska T.,1403.0,6,1466.1,5,1429.8,1,1500.0,0,1500.0,0
Kalashnikova O.,1402.8,2,1412.1,2,1500.0,0,1500.0,0,1500.0,0
Ouahab L.,1402.7,4,1500.0,0,1427.9,4,1500.0,0,1500.0,0
Wendelken H.,1402.6,2,1500.0,0,1500.0,0,1377.8,2,1500.0,0
Arnaboldi A.,1402.6,8,1448.8,1,1442.1,6,1451.2,1,1500.0,0
Linzer M.,1402.6,2,1500.0,0,1405.4,2,1500.0,0,1500.0,0
Ristic M.,1402.6,2,1500.0,0,1399.0,2,1500.0,0,1500.0,0
Viola Mat.,1402.4,2,1380.8,2,1500.0,0,1500.0,0,1500.0,0
Mayr P.,1402.3,93,1428.0,46,1414.8,44,1341.1,3,1500.0,0
Dudeney A.,1402.3,3,1500.0,0,1500.0,0,1360.6,3,1500.0,0
Sun F.,1402.0,2,1377.7,2,1500.0,0,1500.0,0,1500.0,0
Lukacs V.,1401.8,4,1500.0,0,1415.5,4,1500.0,0,1500.0,0
Polmans M.,1401.5,24,1340.5,15,1515.7,5,1425.7,4,1500.0,0
Radanovic D.,1401.3,3,1388.6,2,1488.6,1,1500.0,0,1500.0,0
Savchuk O.,1401.3,35,1389.2,30,1444.0,5,1500.0,0,1500.0,0
Donskoy E.,1401.0,112,1399.7,78,1260.3,22,1367.3,12,1500.0,0
Pervushina O.,1400.9,2,1402.1,2,1500.0,0,1500.0,0,1500.0,0
Dedura D.,1400.9,4,1500.0,0,1434.5,3,1441.8,1,1500.0,0
Giustino L.,1400.9,7,1439.5,2,1419.6,5,1500.0,0,1500.0,0
Tjandramulia O.,1400.7,1,1403.4,1,1500.0,0,1500.0,0,1500.0,0
Reynolds B.,1400.6,20,1353.4,12,1529.9,4,1477.0,4,1500.0,0
Ball C.,1400.6,1,1400.6,1,1500.0,0,1500.0,0,1500.0,0
Rottgering M.,1400.4,3,1409.5,2,1500.0,0,1442.5,1,1500.0,0
Back D.,1400.4,5,1388.6,5,1500.0,0,1500.0,0,1500.0,0
Gorgodze E.,1400.3,16,1385.5,4,1416.9,11,1414.8,1,1500.0,0
Gullickson C.,1400.2,3,1491.5,1,1379.9,2,1500.0,0,1500.0,0
Berrer M.,1400.1,82,1433.1,54,1361.9,20,1422.1,8,1500.0,0
Hozumi E.,1400.0,12,1402.9,11,1500.0,0,1447.6,1,1500.0,0
Lalami N.,1399.9,6,1455.9,1,1461.2,5,1500.0,0,1500.0,0
Wolfe J.,1399.7,2,1398.8,2,1500.0,0,1500.0,0,1500.0,0
Muster T.,1399.7,2,1428.8,1,1446.1,1,1500.0,0,1500.0,0
Lazarov A.,1399.5,7,1375.4,7,1500.0,0,1500.0,0,1500.0,0
Krutykh O.,1399.2,3,1424.0,2,1448.7,1,1500.0,0,1500.0,0
Krajicek A.,1399.2,17,1449.8,12,1436.2,1,1430.9,4,1500.0,0
Giannessi A.,1399.0,33,1384.1,7,1447.8,26,1500.0,0,1500.0,0
Chvojka E.,1398.9,2,1470.8,1,1464.4,1,1500.0,0,1500.0,0
Topalova G.,1398.8,2,1500.0,0,1400.5,2,1500.0,0,1500.0,0
Zayid M.S.,1398.6,3,1384.1,3,1500.0,0,1500.0,0,1500.0,0
Serban R.,1398.4,5,1500.0,0,1378.3,5,1500.0,0,1500.0,0
Novak D.,1398.4,47,1401.5,28,1370.1,14,1400.7,5,1500.0,0
Keothavong A.,1398.3,68,1449.1,46,1316.1,9,1401.7,13,1500.0,0
Barros V.L.,1398.0,1,1396.9,1,1500.0,0,1500.0,0,1500.0,0
Gojnea M.,1397.8,4,1500.0,0,1408.5,4,1500.0,0,1500.0,0
Cohen Aloro S.,1397.6,6,1350.9,4,1535.9,2,1500.0,0,1500.0,0
Strakhova V.,1397.6,2,1434.3,1,1468.2,1,1500.0,0,1500.0,0
Maleckova J.,1397.6,4,1463.9,1,1392.8,3,1500.0,0,1500.0,0
Alves C.,1397.4,6,1434.3,1,1414.3,5,1500.0,0,1500.0,0
Sun S.,1396.9,3,1394.6,3,1500.0,0,1500.0,0,1500.0,0
Guccione C.,1396.8,8,1392.9,5,1491.3,2,1457.3,1,1500.0,0
Reyes-Varela M.A.,1396.6,2,1448.1,1,1441.0,1,1500.0,0,1500.0,0
Przysiezny M.,1396.6,49,1456.2,32,1294.6,8,1404.3,9,1500.0,0
Lu J.,1396.2,2,1397.7,2,1500.0,0,1500.0,0,1500.0,0
Caruso S.,1396.1,59,1470.1,28,1337.8,27,1375.6,4,1500.0,0
Sijsling I.,1395.9,112,1385.0,62,1426.5,30,1470.7,20,1500.0,0
Allgurin E.,1395.8,3,1500.0,0,1374.1,3,1500.0,0,1500.0,0
Benoit M.,1395.8,2,1500.0,0,1400.8,2,1500.0,0,1500.0,0
Nugroho P.,1395.7,2,1394.0,2,1500.0,0,1500.0,0,1500.0,0
Botto B.,1395.2,2,1500.0,0,1395.2,2,1500.0,0,1500.0,0
Holland I.,1395.1,2,1398.6,2,1500.0,0,1500.0,0,1500.0,0
Badosa Gibert P.,1394.9,12,1343.7,3,1456.9,6,1448.5,3,1500.0,0
Nam J.S.,1394.9,3,1388.1,3,1500.0,0,1500.0,0,1500.0,0
Yang Z.,1394.9,8,1369.3,8,1500.0,0,1500.0,0,1500.0,0
Sanchez M.,1394.7,13,1356.3,8,1421.5,1,1517.5,4,1500.0,0
Martinez Cirez C.,1394.4,3,1500.0,0,1343.8,3,1500.0,0,1500.0,0
Zhao C.,1394.4,26,1375.0,19,1444.5,4,1420.4,3,1500.0,0
Balleret B.,1394.3,3,1500.0,0,1389.7,3,1500.0,0,1500.0,0
Torebko P.,1394.2,2,1500.0,0,1389.4,2,1500.0,0,1500.0,0
Mitu A.,1394.2,36,1296.6,10,1467.6,23,1358.5,3,1500.0,0
Chong E.,1394.1,5,1386.7,5,1500.0,0,1500.0,0,1500.0,0
Lister C.,1393.8,3,1500.0,0,1424.7,2,1446.5,1,1500.0,0
Granollers-Pujol G.,1393.4,2,1500.0,0,1408.8,2,1500.0,0,1500.0,0
Menendez-Maceiras A.,1393.0,13,1367.7,7,1474.5,3,1447.7,3,1500.0,0
Lu Y.,1393.0,7,1506.6,4,1475.4,1,1398.2,2,1500.0,0
Tatishvili A.,1392.9,118,1390.9,58,1471.4,47,1378.8,13,1500.0,0
Sadikovic A.,1392.7,11,1365.2,3,1454.4,7,1493.4,1,1500.0,0
Naso G.,1392.5,4,1500.0,0,1391.4,4,1500.0,0,1500.0,0
Struvay E.,1392.2,2,1500.0,0,1411.0,2,1500.0,0,1500.0,0
Plipuech P.,1392.0,9,1363.3,9,1500.0,0,1500.0,0,1500.0,0
Date-Krumm K.,1391.9,15,1438.5,10,1384.9,5,1500.0,0,1500.0,0
Jones G.,1391.9,6,1411.1,5,1500.0,0,1450.5,1,1500.0,0
Luczak P.,1391.8,5,1382.5,2,1477.1,3,1500.0,0,1500.0,0
Lizarazo Y.,1391.7,8,1500.0,0,1400.5,8,1500.0,0,1500.0,0
Matoula M.,1391.6,2,1384.9,2,1500.0,0,1500.0,0,1500.0,0
Kerkhove L.,1391.3,13,1477.7,8,1336.9,3,1395.4,2,1500.0,0
Chappell N.,1391.0,2,1395.4,2,1500.0,0,1500.0,0,1500.0,0
Mediorreal A.V.,1391.0,2,1500.0,0,1402.1,2,1500.0,0,1500.0,0
Chela J.I.,1390.9,65,1394.8,20,1479.9,42,1429.1,3,1500.0,0
Klec I.,1390.7,2,1452.8,1,1442.3,1,1500.0,0,1500.0,0
Loffhagen G.,1390.5,4,1500.0,0,1500.0,0,1297.3,4,1500.0,0
Collarini A.,1390.4,2,1500.0,0,1391.3,2,1500.0,0,1500.0,0
Di Sarra F.,1390.1,2,1500.0,0,1382.0,2,1500.0,0,1500.0,0
Burillo Escorihuela I.,1389.9,4,1500.0,0,1395.7,4,1500.0,0,1500.0,0
Amanmuradova A.,1389.7,75,1391.8,49,1404.2,21,1316.9,5,1500.0,0
Hobgarski K.,1389.7,4,1500.0,0,1376.4,4,1500.0,0,1500.0,0
Stoiana M.,1388.8,4,1402.1,3,1434.9,1,1500.0,0,1500.0,0
Steiner V.,1388.7,2,1500.0,0,1394.7,2,1500.0,0,1500.0,0
Gremelmayr D.,1388.1,16,1450.8,7,1455.2,3,1388.9,6,1500.0,0
Eguchi M.,1387.7,21,1373.1,19,1517.9,2,1500.0,0,1500.0,0
Szabanin N.,1387.1,3,1500.0,0,1385.6,3,1500.0,0,1500.0,0
Zheng W.,1387.0,6,1370.7,6,1500.0,0,1500.0,0,1500.0,0
Kumantsov A.,1386.7,2,1387.0,2,1500.0,0,1500.0,0,1500.0,0
Teixeira M.,1386.6,5,1423.5,2,1449.7,3,1500.0,0,1500.0,0
Lee G.,1386.5,6,1500.0,0,1377.8,6,1500.0,0,1500.0,0
Cabal J.S.,1386.4,2,1500.0,0,1380.1,2,1500.0,0,1500.0,0
Pavic M.,1386.2,12,1390.5,2,1419.9,5,1480.7,5,1500.0,0
Molinero F.,1386.2,2,1418.0,1,1445.2,1,1500.0,0,1500.0,0
Schruff J.,1386.1,2,1440.9,1,1425.6,1,1500.0,0,1500.0,0
Stojsavljevic M.,1385.9,4,1415.8,1,1500.0,0,1386.8,3,1500.0,0
Arefyeva T.,1385.8,5,1424.4,4,1451.7,1,1500.0,0,1500.0,0
Jamrichova R.,1385.7,3,1399.9,2,1434.1,1,1500.0,0,1500.0,0
Rehberg M.,1385.4,4,1500.0,0,1344.4,4,1500.0,0,1500.0,0
De Lattre M.,1385.3,2,1500.0,0,1405.2,2,1500.0,0,1500.0,0
Cipolla F.,1385.3,68,1390.5,42,1420.3,20,1332.6,6,1500.0,0
Bratchikova N.,1385.2,47,1464.3,26,1342.5,19,1302.6,2,1500.0,0
Masur D.,1384.9,3,1446.4,1,1451.2,1,1435.3,1,1500.0,0
Granville L.,1384.8,2,1384.8,2,1500.0,0,1500.0,0,1500.0,0
Zavatska K.,1384.8,33,1434.5,17,1379.8,16,1500.0,0,1500.0,0
Ouanna J.,1384.7,2,1431.4,1,1423.3,1,1500.0,0,1500.0,0
Catarina L.,1384.7,3,1500.0,0,1368.5,3,1500.0,0,1500.0,0
Moroni G.M.,1384.2,2,1420.0,1,1434.2,1,1500.0,0,1500.0,0
Albanese L.,1383.9,2,1432.1,1,1440.9,1,1500.0,0,1500.0,0
Sitak A.,1383.9,2,1383.4,2,1500.0,0,1500.0,0,1500.0,0
Soeda G.,1383.7,69,1389.0,54,1242.3,5,1465.6,10,1500.0,0
Ferrando C.,1383.7,3,1383.2,2,1450.9,1,1500.0,0,1500.0,0
Neumayer L.,1383.6,6,1500.0,0,1372.6,6,1500.0,0,1500.0,0
Liang E.S.,1383.6,14,1404.6,13,1477.6,1,1500.0,0,1500.0,0
El Jardi D.,1383.6,2,1500.0,0,1399.0,2,1500.0,0,1500.0,0
Odesnik W.,1383.5,21,1358.9,8,1604.8,10,1324.8,3,1500.0,0
Lee Y.H.,1383.3,6,1356.6,6,1500.0,0,1500.0,0,1500.0,0
Qostal L.,1383.2,2,1500.0,0,1410.1,2,1500.0,0,1500.0,0
Luangnam N.,1383.1,9,1372.9,9,1500.0,0,1500.0,0,1500.0,0
Chiesa D.,1383.0,3,1500.0,0,1328.6,3,1500.0,0,1500.0,0
Kremer A.,1382.5,7,1367.4,7,1500.0,0,1500.0,0,1500.0,0
Ziadi M.,1382.4,2,1500.0,0,1383.9,2,1500.0,0,1500.0,0
Svajda T.,1382.3,3,1362.2,3,1500.0,0,1500.0,0,1500.0,0
Gerasimou A.,1382.1,2,1382.1,2,1500.0,0,1500.0,0,1500.0,0
Sema E.,1381.8,11,1367.7,11,1500.0,0,1500.0,0,1500.0,0
Lu Jia-Jing,1381.8,3,1383.8,3,1500.0,0,1500.0,0,1500.0,0
Silva E.,1381.5,2,1500.0,0,1500.0,0,1368.8,2,1500.0,0
Sugnaux T.,1381.5,2,1500.0,0,1379.5,2,1500.0,0,1500.0,0
Monroy Y.,1380.9,2,1500.0,0,1395.6,2,1500.0,0,1500.0,0
Nedelko I.,1380.6,2,1381.2,2,1500.0,0,1500.0,0,1500.0,0
Junqueira D.,1380.5,13,1483.9,3,1376.4,10,1500.0,0,1500.0,0
Awadhy O.,1380.4,2,1383.0,2,1500.0,0,1500.0,0,1500.0,0
Zhang Yux.,1379.6,9,1380.8,9,1500.0,0,1500.0,0,1500.0,0
Sanders S.,1379.5,35,1394.5,27,1369.0,7,1451.7,1,1500.0,0
Zacarias M.,1379.5,8,1433.6,5,1403.3,3,1500.0,0,1500.0,0
El Aouni A.,1379.1,3,1500.0,0,1386.3,3,1500.0,0,1500.0,0
Olaru I.,1379.0,20,1327.7,6,1406.4,11,1490.7,3,1500.0,0
Munoz-De La Nava D.,1378.9,24,1433.3,10,1364.7,14,1500.0,0,1500.0,0
Diez S.,1378.7,10,1462.3,3,1324.2,7,1500.0,0,1500.0,0
Kern R.,1378.2,3,1500.0,0,1385.1,3,1500.0,0,1500.0,0
Garbin T.,1378.1,27,1404.1,14,1426.1,12,1415.5,1,1500.0,0
Rottmann N.,1377.5,2,1432.9,1,1436.5,1,1500.0,0,1500.0,0
Serra F.,1377.4,34,1331.8,23,1406.1,7,1413.9,4,1500.0,0
Falei A.,1377.4,3,1403.5,2,1430.5,1,1500.0,0,1500.0,0
Rola B.,1377.3,17,1407.7,7,1415.8,6,1397.6,4,1500.0,0
Scott K.,1377.3,7,1392.5,6,1440.4,1,1500.0,0,1500.0,0
Naklo T.,1377.0,3,1364.7,3,1500.0,0,1500.0,0,1500.0,0
Barte H.,1376.9,2,1382.9,2,1500.0,0,1500.0,0,1500.0,0
Hesse A.,1376.9,21,1404.9,6,1323.5,14,1439.1,1,1500.0,0
Hemery C.,1375.7,5,1375.9,2,1486.2,3,1500.0,0,1500.0,0
Bobusic B.,1375.6,4,1365.6,4,1500.0,0,1500.0,0,1500.0,0
Korolev E.,1375.4,8,1435.9,1,1415.8,6,1441.3,1,1500.0,0
Haider-Maurer A.,1375.3,47,1275.9,11,1455.0,27,1411.7,9,1500.0,0
Brancaccio N.,1375.1,14,1500.0,0,1328.6,14,1500.0,0,1500.0,0
Erjavec V.,1375.0,12,1405.6,6,1394.4,3,1426.5,3,1500.0,0
Fedak Y.,1374.9,2,1376.2,2,1500.0,0,1500.0,0,1500.0,0
Alves T.,1374.4,2,1425.9,1,1440.9,1,1500.0,0,1500.0,0
Craybas J.,1373.7,74,1367.0,38,1414.6,31,1355.7,5,1500.0,0
Hajek J.,1373.4,45,1207.3,20,1511.7,23,1415.9,2,1500.0,0
Jaksic J.,1373.2,17,1459.2,12,1382.0,3,1411.0,2,1500.0,0
Raina A.,1373.1,18,1362.5,14,1404.1,2,1377.3,2,1500.0,0
Diatchenko V.,1372.9,53,1322.0,35,1464.3,9,1407.0,9,1500.0,0
Galovic V.,1372.4,3,1500.0,0,1420.7,2,1433.2,1,1500.0,0
Hatouka Y.,1372.3,6,1455.7,1,1415.9,3,1414.9,2,1500.0,0
Grymalska A.,1372.0,4,1500.0,0,1346.1,4,1500.0,0,1500.0,0
Muhammad A.,1371.7,20,1422.0,15,1336.4,3,1413.8,2,1500.0,0
Torres Murcia M.C.,1371.7,2,1500.0,0,1371.6,2,1500.0,0,1500.0,0
Simmonds C.,1371.7,2,1365.9,2,1500.0,0,1500.0,0,1500.0,0
Benchetrit E.,1371.5,9,1413.8,2,1371.6,7,1500.0,0,1500.0,0
Sfar S.,1371.1,2,1407.1,1,1423.3,1,1500.0,0,1500.0,0
Lim A.,1370.9,17,1458.5,8,1317.0,9,1500.0,0,1500.0,0
Souza J.,1370.5,45,1323.9,3,1393.8,42,1500.0,0,1500.0,0
Majeric T.,1370.2,14,1411.1,11,1376.1,3,1500.0,0,1500.0,0
Pavlovic I.,1370.0,5,1371.5,2,1430.7,3,1500.0,0,1500.0,0
Bozoljac I.,1369.3,5,1389.1,2,1500.0,0,1451.9,3,1500.0,0
Pospisil J.,1369.3,7,1478.9,3,1400.3,2,1370.8,2,1500.0,0
Shimizu A.,1369.2,3,1347.0,3,1500.0,0,1500.0,0,1500.0,0
Veic A.,1368.3,23,1380.6,7,1410.7,16,1500.0,0,1500.0,0
Klein B.,1368.0,6,1430.6,3,1500.0,0,1380.8,3,1500.0,0
Kadhe A.,1367.9,3,1343.5,3,1500.0,0,1500.0,0,1500.0,0
Zuk K.,1367.1,3,1425.0,2,1418.6,1,1500.0,0,1500.0,0
Setkic A.,1366.9,3,1435.5,1,1419.0,2,1500.0,0,1500.0,0
Aoyama S.,1366.3,5,1391.8,4,1500.0,0,1440.9,1,1500.0,0
Ditty J.,1365.6,2,1397.6,1,1423.3,1,1500.0,0,1500.0,0
Marand S.,1365.6,3,1404.5,2,1440.9,1,1500.0,0,1500.0,0
Hank T.,1364.8,3,1368.8,3,1500.0,0,1500.0,0,1500.0,0
Bremond I.,1364.5,9,1359.4,6,1482.9,3,1500.0,0,1500.0,0
Holt B.,1364.5,18,1326.3,14,1440.9,1,1458.4,3,1500.0,0
Gomez L.,1364.2,4,1320.2,4,1500.0,0,1500.0,0,1500.0,0
Rodriguez V.,1363.7,9,1366.3,7,1415.0,2,1500.0,0,1500.0,0
South M.,1363.5,6,1500.0,0,1500.0,0,1353.1,6,1500.0,0
Olmos G.,1363.2,4,1346.2,4,1500.0,0,1500.0,0,1500.0,0
Pous-T L.,1363.1,2,1429.4,1,1437.3,1,1500.0,0,1500.0,0
Tu L.,1362.9,14,1337.0,10,1500.0,0,1404.8,4,1500.0,0
Velotti A.,1362.7,3,1500.0,0,1354.2,3,1500.0,0,1500.0,0
Massu N.,1362.4,3,1500.0,0,1369.3,3,1500.0,0,1500.0,0
Barrois K.,1362.4,60,1243.6,23,1521.1,28,1494.9,9,1500.0,0
Gaio F.,1362.3,15,1280.7,8,1494.8,7,1500.0,0,1500.0,0
Mukund S.,1360.8,3,1387.1,2,1500.0,0,1440.9,1,1500.0,0
Bulgaru M.,1360.7,10,1465.8,3,1343.3,7,1500.0,0,1500.0,0
El Allami Zhara F.,1360.5,4,1500.0,0,1358.4,4,1500.0,0,1500.0,0
Atik R.,1360.1,2,1500.0,0,1373.7,2,1500.0,0,1500.0,0
Rubin N.,1360.0,18,1409.7,15,1413.8,2,1407.9,1,1500.0,0
Garza D.,1360.0,3,1500.0,0,1373.1,3,1500.0,0,1500.0,0
Pous-T. L.,1359.9,3,1359.0,3,1500.0,0,1500.0,0,1500.0,0
Zhang L.,1359.6,11,1340.1,11,1500.0,0,1500.0,0,1500.0,0
Cohen J.,1359.5,22,1387.7,13,1389.0,9,1500.0,0,1500.0,0
Cadantu A.,1359.2,92,1384.9,38,1387.3,47,1382.1,7,1500.0,0
Kraus S.,1359.0,22,1331.5,10,1438.4,10,1393.8,2,1500.0,0
Honcova M.,1358.9,3,1500.0,0,1376.8,3,1500.0,0,1500.0,0
Ward A.,1358.9,4,1500.0,0,1476.2,1,1301.0,3,1500.0,0
De Voest R.,1358.6,13,1359.6,11,1500.0,0,1503.2,2,1500.0,0
Cengiz B.,1358.6,6,1507.6,2,1314.9,4,1500.0,0,1500.0,0
Coppejans K.,1358.3,10,1419.6,7,1414.6,1,1450.3,2,1500.0,0
Rouvroy M.,1358.1,2,1500.0,0,1334.8,2,1500.0,0,1500.0,0
Melzer I.,1358.0,5,1427.9,2,1321.2,3,1500.0,0,1500.0,0
Tseng C.H.,1357.9,28,1378.4,15,1441.9,10,1317.6,3,1500.0,0
Daniel M.,1357.9,3,1403.5,2,1441.3,1,1500.0,0,1500.0,0
Lopez Villasenor G.,1357.8,4,1337.3,4,1500.0,0,1500.0,0,1500.0,0
Celik S.,1357.7,3,1419.2,1,1402.9,2,1500.0,0,1500.0,0
Mcgee J.,1357.5,2,1369.0,2,1500.0,0,1500.0,0,1500.0,0
Kostova E.,1356.5,23,1261.6,8,1438.5,15,1500.0,0,1500.0,0
Georgatou E.,1356.3,3,1357.2,3,1500.0,0,1500.0,0,1500.0,0
Gunneswaran P.,1356.1,23,1332.2,18,1438.0,1,1421.4,4,1500.0,0
Palicova B.,1355.7,5,1398.9,4,1413.3,1,1500.0,0,1500.0,0
Srebotnik K.,1355.5,13,1365.0,9,1407.8,4,1500.0,0,1500.0,0
Golding O.,1355.5,3,1500.0,0,1500.0,0,1351.5,3,1500.0,0
Djokovic M.,1355.4,2,1433.5,1,1440.1,1,1500.0,0,1500.0,0
Caregaro M.,1355.3,2,1409.3,1,1439.8,1,1500.0,0,1500.0,0
Mendez S.,1355.1,2,1329.9,2,1500.0,0,1500.0,0,1500.0,0
Oz I.,1353.7,9,1377.7,4,1394.3,5,1500.0,0,1500.0,0
Jones S.,1353.6,10,1321.5,7,1483.6,3,1500.0,0,1500.0,0
Kutuzova V.,1353.5,3,1401.1,2,1425.0,1,1500.0,0,1500.0,0
Fossa Huergo N.,1352.7,3,1434.7,1,1406.6,2,1500.0,0,1500.0,0
Delic A.,1352.3,2,1359.8,2,1500.0,0,1500.0,0,1500.0,0
Blancaneaux G.,1351.9,6,1336.9,5,1451.4,1,1500.0,0,1500.0,0
Dasnieres de Veigy J.,1351.6,5,1370.7,2,1455.7,3,1500.0,0,1500.0,0
Ejdesgaard M.,1351.3,3,1359.2,3,1500.0,0,1500.0,0,1500.0,0
Nielsen F.,1351.0,4,1402.3,2,1447.7,1,1432.9,1,1500.0,0
Kwiatkowski T.S.,1351.0,6,1339.4,5,1500.0,0,1445.2,1,1500.0,0
Alves M.F.,1350.7,3,1347.8,3,1500.0,0,1500.0,0,1500.0,0
Jani R.L.,1350.3,21,1390.7,2,1347.1,19,1500.0,0,1500.0,0
Klepac A.,1350.0,3,1428.3,1,1391.6,2,1500.0,0,1500.0,0
Klaffner M.,1349.4,3,1436.3,1,1390.2,2,1500.0,0,1500.0,0
Jugic-Salkic M.,1349.4,3,1486.5,1,1358.4,2,1500.0,0,1500.0,0
Kania P.,1348.7,16,1393.0,10,1398.1,4,1408.6,2,1500.0,0
Mandlik E.,1348.5,25,1339.0,18,1363.5,3,1537.0,4,1500.0,0
Crivoi V.,1348.2,6,1500.0,0,1379.6,6,1500.0,0,1500.0,0
Kendrick R.,1347.8,14,1486.6,9,1318.8,4,1430.9,1,1500.0,0
Piter K.,1347.7,26,1341.6,13,1427.8,11,1425.9,2,1500.0,0
Draxl L.,1347.7,5,1319.8,4,1430.9,1,1500.0,0,1500.0,0
Gicquel M.,1347.3,12,1448.9,7,1359.8,3,1346.8,2,1500.0,0
Lu J.J.,1347.3,4,1353.5,4,1500.0,0,1500.0,0,1500.0,0
Santillan A.,1347.1,9,1365.0,5,1401.2,2,1494.9,2,1500.0,0
Authom M.,1346.9,2,1333.7,2,1500.0,0,1500.0,0,1500.0,0
Weintraub A.,1346.7,6,1358.3,5,1500.0,0,1444.1,1,1500.0,0
Serdarusic N.,1346.4,8,1440.8,3,1370.5,5,1500.0,0,1500.0,0
Abduraimova N.,1346.2,22,1388.3,19,1390.8,3,1500.0,0,1500.0,0
Horansky F.,1346.2,4,1500.0,0,1362.6,4,1500.0,0,1500.0,0
Jang S.J.,1345.8,17,1330.4,17,1500.0,0,1500.0,0,1500.0,0
Sousa P.,1345.7,31,1402.0,7,1383.6,23,1453.7,1,1500.0,0
Safwat M.,1345.6,11,1342.7,8,1441.4,1,1510.1,2,1500.0,0
Bassols M.,1345.6,18,1254.1,9,1480.7,9,1500.0,0,1500.0,0
Lemoine Q.,1344.8,4,1434.1,1,1387.8,3,1500.0,0,1500.0,0
Dentoni C.,1344.7,14,1394.9,2,1378.5,12,1500.0,0,1500.0,0
Hassan B.,1344.7,6,1384.7,4,1414.1,2,1500.0,0,1500.0,0
Gatto-Monticone G.,1342.8,21,1420.7,7,1356.2,11,1397.6,3,1500.0,0
Pelletier M.E.,1341.1,3,1354.5,3,1500.0,0,1500.0,0,1500.0,0
Sharipova S.,1340.3,16,1348.2,16,1500.0,0,1500.0,0,1500.0,0
Guez D.,1340.0,4,1379.8,3,1428.3,1,1500.0,0,1500.0,0
Perry S.,1339.5,11,1319.7,5,1377.6,2,1497.4,4,1500.0,0
Eriksson M.,1338.8,3,1414.7,1,1396.9,2,1500.0,0,1500.0,0
Sema Y.,1338.8,3,1333.4,3,1500.0,0,1500.0,0,1500.0,0
Dabrowski G.,1338.6,12,1285.2,7,1496.7,5,1500.0,0,1500.0,0
Mello R.,1338.4,31,1359.1,13,1418.6,15,1476.0,3,1500.0,0
Von Deichmann K.,1338.3,12,1333.8,6,1442.0,6,1500.0,0,1500.0,0
Mektic N.,1337.4,6,1345.1,3,1459.3,3,1500.0,0,1500.0,0
Ozgen P.,1337.4,5,1488.3,1,1297.8,4,1500.0,0,1500.0,0
Schnur B.,1337.1,18,1384.2,15,1500.0,0,1328.0,3,1500.0,0
Fichman S.,1336.7,28,1437.2,12,1370.1,14,1371.3,2,1500.0,0
Bopanna R.,1335.5,3,1387.5,2,1500.0,0,1442.1,1,1500.0,0
Lao D.,1335.1,10,1383.8,7,1500.0,0,1371.5,3,1500.0,0
Vatutin A.,1334.6,5,1378.0,3,1377.2,2,1500.0,0,1500.0,0
Yakimova A.,1334.6,36,1322.5,19,1315.1,12,1441.6,5,1500.0,0
Zhang Ze,1334.5,6,1334.0,6,1500.0,0,1500.0,0,1500.0,0
Clarke J.,1334.5,10,1434.4,1,1500.0,0,1327.3,9,1500.0,0
Chiudinelli M.,1332.8,36,1346.2,28,1390.0,3,1444.1,5,1500.0,0
Vanni L.,1332.7,9,1366.2,7,1417.7,2,1500.0,0,1500.0,0
Betova M.,1332.6,3,1354.2,2,1500.0,0,1440.1,1,1500.0,0
Osuigwe W.,1332.5,20,1320.1,19,1442.0,1,1500.0,0,1500.0,0
Janvier M.,1332.0,5,1436.8,1,1392.6,3,1435.7,1,1500.0,0
Irigoyen M.,1331.9,9,1328.3,3,1416.7,6,1500.0,0,1500.0,0
Venus M.,1330.6,6,1318.9,6,1500.0,0,1500.0,0,1500.0,0
Arconada U.M.,1330.5,8,1341.8,6,1394.0,2,1500.0,0,1500.0,0
Glatch A.,1330.1,31,1359.4,23,1377.9,6,1421.8,2,1500.0,0
Klahn B.,1329.9,42,1350.9,31,1279.4,4,1363.7,7,1500.0,0
Fourlis J.,1328.7,20,1293.6,11,1384.2,6,1492.3,3,1500.0,0
Zahlavova S.,1328.4,42,1388.3,13,1346.9,22,1346.3,7,1500.0,0
Mitchell B.,1327.6,5,1316.1,5,1500.0,0,1500.0,0,1500.0,0
Lama G.,1326.2,4,1440.9,1,1370.3,3,1500.0,0,1500.0,0
Lindell C.,1325.6,6,1426.6,1,1381.3,5,1500.0,0,1500.0,0
Kostanic Tosic J.,1324.7,4,1397.4,2,1408.3,2,1500.0,0,1500.0,0
Beygelzimer Y.,1323.9,16,1360.1,7,1384.3,8,1422.3,1,1500.0,0
Bovina E.,1322.2,9,1309.7,8,1430.7,1,1500.0,0,1500.0,0
Ehrat S.,1320.1,3,1500.0,0,1311.7,3,1500.0,0,1500.0,0
Kuznetsov Al.,1320.0,21,1367.3,12,1405.6,3,1340.4,6,1500.0,0
Daniilidou E.,1320.0,67,1340.1,49,1293.1,11,1301.0,7,1500.0,0
Osterloh L.,1319.9,7,1396.5,4,1433.2,2,1440.9,1,1500.0,0
Hermoso X.,1319.5,8,1320.9,4,1401.4,4,1500.0,0,1500.0,0
Danilina A.,1319.0,7,1327.7,5,1478.8,1,1448.9,1,1500.0,0
Marti J.,1317.9,12,1486.0,1,1303.8,9,1504.8,2,1500.0,0
Haas B.,1317.3,20,1390.3,9,1308.1,11,1500.0,0,1500.0,0
Murray S.,1316.1,6,1444.7,1,1500.0,0,1307.5,5,1500.0,0
Topo M.,1316.0,8,1451.5,1,1301.9,7,1500.0,0,1500.0,0
Ramanathan R.,1316.0,28,1254.1,23,1500.0,0,1567.9,5,1500.0,0
Kuwata H.,1316.0,9,1328.0,8,1424.8,1,1500.0,0,1500.0,0
Riba P.,1315.6,58,1296.2,16,1378.9,39,1338.7,3,1500.0,0
Barrientos N.,1315.2,3,1430.4,1,1380.0,2,1500.0,0,1500.0,0
Munoz De La Nava D.,1315.0,8,1500.0,0,1307.6,8,1500.0,0,1500.0,0
Webley-Smith E.,1314.4,4,1370.1,2,1500.0,0,1399.7,2,1500.0,0
You X.,1314.2,15,1334.4,13,1375.5,2,1500.0,0,1500.0,0
Soler-Espinosa S.,1313.8,22,1315.7,5,1336.0,17,1500.0,0,1500.0,0
Ward J.,1313.5,39,1405.6,9,1433.5,3,1223.2,27,1500.0,0
Bohli S.,1312.6,6,1367.7,4,1447.2,1,1440.9,1,1500.0,0
Xu S.,1312.0,7,1360.0,5,1411.9,2,1500.0,0,1500.0,0
Groenefeld A.L.,1310.1,17,1405.9,10,1352.1,6,1410.4,1,1500.0,0
Reister J.,1309.6,33,1312.6,3,1326.6,23,1452.6,7,1500.0,0
Farhad K.,1309.1,4,1307.5,4,1500.0,0,1500.0,0,1500.0,0
Beck K.,1307.4,25,1331.6,18,1410.5,2,1446.0,5,1500.0,0
Dabul B.,1305.0,10,1368.4,7,1395.1,2,1446.3,1,1500.0,0
Skugor F.,1304.7,14,1421.9,5,1344.2,7,1361.7,2,1500.0,0
Li Z.,1304.2,9,1299.5,9,1500.0,0,1500.0,0,1500.0,0
Zec Peskiric M.,1304.1,8,1424.6,1,1350.6,7,1500.0,0,1500.0,0
Voracova R.,1303.9,39,1267.9,16,1419.4,22,1425.4,1,1500.0,0
Cox D.,1303.1,5,1500.0,0,1500.0,0,1290.9,5,1500.0,0
Coin J.,1302.5,24,1378.2,16,1286.5,5,1351.9,3,1500.0,0
Tikhonova A.,1301.1,6,1410.8,2,1347.9,3,1460.7,1,1500.0,0
Gao X.,1300.7,10,1301.4,10,1500.0,0,1500.0,0,1500.0,0
Mestach A.S.,1300.2,12,1316.9,6,1455.4,4,1384.0,2,1500.0,0
Huta Galung J.,1299.9,20,1261.5,13,1381.0,2,1472.7,5,1500.0,0
Perrin C.,1298.9,14,1392.2,2,1320.3,11,1440.9,1,1500.0,0
Grammatikopoulou V.,1297.4,17,1377.7,9,1292.0,7,1444.5,1,1500.0,0
Kravchuk K.,1296.6,26,1210.3,17,1562.0,4,1374.6,5,1500.0,0
El Tabakh H.,1295.2,6,1319.1,4,1422.2,2,1500.0,0,1500.0,0
Cabrera L.,1294.8,31,1304.1,27,1355.9,2,1502.3,2,1500.0,0
In-Albon Y.,1291.9,10,1434.3,1,1312.1,8,1462.2,1,1500.0,0
Lokoli L.,1290.1,6,1355.7,3,1385.8,2,1417.7,1,1500.0,0
Kunitsyn I.,1288.9,62,1329.8,41,1329.8,8,1384.9,13,1500.0,0
Xu Y.F.,1285.4,10,1284.8,8,1435.7,1,1466.5,1,1500.0,0
Mrdeza T.,1285.4,16,1398.9,7,1293.7,9,1500.0,0,1500.0,0
Khromacheva I.,1284.6,25,1348.0,12,1351.3,12,1424.5,1,1500.0,0
Capdeville P.,1283.9,15,1322.3,6,1333.1,8,1431.1,1,1500.0,0
Ramirez-Hidalgo R.,1283.6,46,1396.0,11,1271.7,31,1316.9,4,1500.0,0
Al Nabhani F.,1280.6,10,1264.9,10,1500.0,0,1500.0,0,1500.0,0
Rogowska O.,1280.3,38,1312.3,32,1308.2,5,1431.1,1,1500.0,0
Koehler M.J.,1277.7,17,1473.6,4,1282.0,11,1428.3,2,1500.0,0
Andrianjafitrimo T.,1273.1,6,1424.2,1,1291.0,5,1500.0,0,1500.0,0
Riske-Amritraj A.,1272.7,11,1274.3,8,1465.3,1,1434.6,2,1500.0,0
Sanchez A.S.,1270.5,13,1309.2,9,1336.4,4,1500.0,0,1500.0,0
Domachowska M.,1270.0,9,1392.5,4,1292.8,5,1500.0,0,1500.0,0
Dubois S.,1269.3,33,1313.4,21,1287.1,5,1427.8,7,1500.0,0
Ungur A.,1268.6,31,1299.8,5,1339.7,23,1355.8,3,1500.0,0
Volandri F.,1265.6,99,1183.7,16,1328.5,78,1346.5,5,1500.0,0
Kichenok N.,1262.6,21,1328.1,11,1252.3,6,1544.7,4,1500.0,0
Melnikova M.,1261.1,18,1316.4,4,1289.8,10,1401.6,4,1500.0,0
Pivovarova A.,1259.8,25,1221.4,9,1455.8,14,1396.3,2,1500.0,0
Loeb J.,1253.1,14,1273.6,10,1376.1,3,1474.4,1,1500.0,0
Smith J.P.,1250.5,15,1227.5,13,1500.0,0,1480.0,2,1500.0,0
O'Brien K.,1246.7,11,1344.1,5,1402.2,3,1337.0,3,1500.0,0
Perez E.,1246.4,15,1278.2,11,1410.7,2,1382.5,2,1500.0,0
Clezar G.,1246.0,7,1393.4,1,1327.8,6,1500.0,0,1500.0,0
Ferguson S.,1245.2,12,1259.4,6,1493.5,5,1440.9,1,1500.0,0
Machado R.,1238.1,32,1263.6,8,1282.6,23,1424.5,1,1500.0,0
Woerle K.,1233.8,15,1298.5,9,1324.7,6,1500.0,0,1500.0,0
Fischer M.,1231.5,11,1343.1,3,1355.4,6,1409.8,2,1500.0,0
Ilhan M.,1220.1,34,1235.9,18,1277.1,10,1443.3,6,1500.0,0
Ondraskova Z.,1214.5,18,1296.1,7,1333.5,10,1407.4,1,1500.0,0
Prodon E.,1212.7,10,1316.1,3,1281.9,7,1500.0,0,1500.0,0
Namigata J.,1210.8,14,1226.4,13,1427.8,1,1500.0,0,1500.0,0
Lertcheewakarn N.,1208.7,19,1241.6,16,1500.0,0,1360.0,3,1500.0,0
Arguello F.,1208.5,11,1500.0,0,1192.6,10,1464.9,1,1500.0,0
