elo_rank,player,age,elo,helo_rank,helo,celo_rank,celo,gelo_rank,gelo,peak_elo,peak_month,official_rank,log_diff,tour
1.0,Jannik Sinner,24.8,2321.9,1.0,2259.3,1.0,2211.8,1.0,2125.5,2339.8,2026-05,1.0,0.0,atp
2.0,Carlos Alcaraz,22.9,2146.8,2.0,2073.3,2.0,2086.6,2.0,2014.2,2308.5,2026-03,3.0,-0.41,atp
3.0,Alexander Zverev,29.3,2093.1,3.0,2027.1,3.0,2047.8,3.0,1946.7,2176.5,2022-01,2.0,0.41,atp
4.0,Novak Djokovic,39.2,2061.0,4.0,2013.1,5.0,1960.1,4.0,1939.0,2463.2,2016-05,5.0,-0.22,atp
5.0,Arthur Fils,22.1,2055.1,5.0,1996.3,4.0,1972.3,12.0,1813.8,2055.1,2026-08,11.0,-0.79,atp
6.0,Rafael Jodar,19.8,2014.5,8.0,1934.7,6.0,1956.9,23.0,1736.5,2051.1,2026-08,13.0,-0.77,atp
7.0,Ben Shelton,23.8,1977.5,6.0,1948.5,17.0,1853.6,6.0,1852.9,2024.4,2025-08,9.0,-0.25,atp
8.0,Felix Auger Aliassime,26.0,1973.3,7.0,1937.7,10.0,1871.6,10.0,1819.6,2062.7,2022-10,4.0,0.69,atp
9.0,Taylor Fritz,28.7,1958.6,13.0,1888.6,35.0,1785.7,5.0,1886.2,2070.2,2025-09,10.0,-0.11,atp
10.0,Alex De Minaur,27.4,1950.3,10.0,1919.4,15.0,1864.0,7.0,1835.0,2053.1,2024-06,7.0,0.36,atp
11.0,Joao Fonseca,19.9,1943.3,9.0,1929.7,14.0,1864.2,28.0,1720.3,1992.5,2025-03,26.0,-0.86,atp
12.0,Casper Ruud,27.6,1939.5,19.0,1856.2,7.0,1943.8,46.0,1681.8,2071.9,2022-05,20.0,-0.51,atp
13.0,Tommy Paul,29.2,1938.0,17.0,1872.0,8.0,1880.2,14.0,1792.4,2028.8,2025-05,21.0,-0.48,atp
14.0,Daniil Medvedev,30.5,1935.4,11.0,1918.4,12.0,1868.0,8.0,1831.6,2201.2,2022-01,8.0,0.56,atp
15.0,Frances Tiafoe,28.5,1934.2,14.0,1883.7,21.0,1835.6,9.0,1825.9,1974.0,2023-06,12.0,0.22,atp
16.0,Learner Tien,20.6,1924.8,12.0,1891.0,25.0,1813.2,37.0,1703.1,1977.4,2026-03,15.0,0.06,atp
17.0,Brandon Nakashima,25.0,1924.5,15.0,1881.9,36.0,1777.7,17.0,1790.0,1935.4,2026-08,17.0,0.0,atp
18.0,Flavio Cobolli,24.2,1922.2,20.0,1843.8,13.0,1865.0,16.0,1790.9,1931.6,2026-06,6.0,1.1,atp
19.0,Jiri Lehecka,24.7,1921.2,18.0,1869.9,24.0,1825.3,13.0,1807.6,1989.9,2025-10,19.0,0.0,atp
20.0,Jakub Mensik,20.9,1910.4,16.0,1874.9,18.0,1850.6,36.0,1705.4,1969.6,2026-02,18.0,0.11,atp
21.0,Alejandro Davidovich Fokina,27.1,1895.2,21.0,1843.4,26.0,1810.8,15.0,1791.4,1934.8,2025-07,27.0,-0.25,atp
22.0,Alexander Bublik,29.0,1893.8,22.0,1839.0,23.0,1825.9,11.0,1815.6,1988.6,2026-01,16.0,0.32,atp
23.0,Lorenzo Musetti,24.4,1885.8,26.0,1821.3,16.0,1858.6,19.0,1756.4,2050.5,2025-05,14.0,0.5,atp
24.0,Andrey Rublev,28.8,1884.8,23.0,1830.2,9.0,1873.1,18.0,1757.4,2122.1,2021-04,24.0,0.0,atp
25.0,Francisco Cerundolo,27.9,1875.0,25.0,1823.4,19.0,1840.3,25.0,1730.9,1961.6,2025-04,25.0,0.0,atp
26.0,Alexander Blockx,21.3,1869.1,39.0,1770.2,20.0,1838.8,52.0,1670.7,1907.2,2026-05,34.0,-0.27,atp
27.0,Daniel Merida Aguilar,21.8,1863.9,28.0,1805.4,29.0,1789.2,88.0,1628.3,1877.2,2026-08,39.0,-0.37,atp
28.0,Stefanos Tsitsipas,28.0,1852.6,29.0,1804.9,11.0,1869.1,42.0,1687.0,2145.1,2021-05,53.0,-0.64,atp
29.0,Hubert Hurkacz,29.4,1849.2,35.0,1776.9,33.0,1787.8,20.0,1743.9,2022.5,2024-06,47.0,-0.48,atp
30.0,Cameron Norrie,30.9,1847.4,27.0,1809.8,27.0,1797.0,33.0,1708.9,2028.6,2022-08,35.0,-0.15,atp
31.0,Alex Michelsen,21.9,1846.0,24.0,1827.1,67.0,1704.9,31.0,1710.5,1904.8,2025-01,46.0,-0.39,atp
32.0,Ignacio Buse,22.4,1843.0,47.0,1754.5,28.0,1793.0,66.0,1648.5,1844.9,2026-05,30.0,0.06,atp
33.0,Valentin Vacherot,27.7,1835.9,32.0,1786.6,49.0,1747.2,131.0,1571.9,1929.6,2026-04,23.0,0.36,atp
34.0,Tomas Machac,25.8,1832.1,31.0,1792.3,44.0,1765.8,41.0,1689.0,1972.7,2025-04,58.0,-0.53,atp
35.0,Matteo Berrettini,30.3,1829.4,33.0,1786.0,30.0,1789.1,22.0,1740.7,2065.7,2022-07,43.0,-0.21,atp
36.0,Arthur Fery,24.1,1828.3,45.0,1759.5,118.0,1624.3,27.0,1729.8,1847.1,2026-08,33.0,0.09,atp
37.0,Ugo Humbert,28.1,1826.2,30.0,1802.4,62.0,1711.3,24.0,1734.9,2017.7,2024-03,31.0,0.18,atp
38.0,Raphael Collignon,24.6,1825.1,42.0,1763.9,34.0,1786.6,64.0,1650.6,1924.1,2026-05,38.0,0.0,atp
39.0,Thiago Agustin Tirante,25.3,1824.2,49.0,1752.2,43.0,1766.7,109.0,1593.2,1829.7,2026-08,42.0,-0.07,atp
40.0,Nuno Borges,29.4,1821.7,36.0,1775.0,48.0,1748.7,45.0,1683.1,1843.6,2025-03,41.0,-0.02,atp
41.0,Luciano Darderi,24.5,1820.7,82.0,1702.4,22.0,1832.3,97.0,1614.5,1858.1,2026-05,22.0,0.62,atp
42.0,Juan Manuel Cerundolo,24.7,1810.7,70.0,1719.3,38.0,1774.5,128.0,1574.6,1822.8,2026-08,45.0,-0.07,atp
43.0,Alejandro Tabilo,29.1,1807.3,46.0,1757.7,45.0,1761.3,60.0,1656.4,1895.7,2024-07,28.0,0.43,atp
44.0,Yannick Hanfmann,34.7,1802.8,54.0,1743.5,46.0,1756.5,59.0,1657.9,1843.4,2023-06,54.0,-0.2,atp
45.0,Michael Zheng,22.5,1801.4,48.0,1753.3,116.0,1629.4,44.0,1684.7,1819.1,2026-08,107.0,-0.87,atp
46.0,Mariano Navone,25.4,1801.4,80.0,1705.8,37.0,1776.7,144.0,1549.1,1875.9,2024-04,49.0,-0.06,atp
47.0,Jaime Faria,23.0,1798.3,75.0,1710.4,50.0,1746.8,35.0,1706.0,1810.2,2026-08,72.0,-0.43,atp
48.0,Eliot Spizzirri,24.4,1796.1,40.0,1765.0,151.0,1584.1,85.0,1630.0,1835.5,2026-02,112.0,-0.85,atp
49.0,Gael Monfils,39.9,1795.4,38.0,1772.8,84.0,1680.9,68.0,1647.8,2087.1,2016-10,311.0,-1.85,atp
50.0,Ethan Quinn,22.2,1794.3,43.0,1762.3,81.0,1683.3,39.0,1695.9,1842.9,2026-03,61.0,-0.2,atp
51.0,Thanasi Kokkinakis,30.3,1793.8,41.0,1764.5,59.0,1722.7,118.0,1581.6,1890.6,2026-05,417.0,-2.1,atp
52.0,Tallon Griekspoor,30.0,1793.6,34.0,1782.5,57.0,1727.9,38.0,1702.7,1951.8,2025-06,56.0,-0.07,atp
53.0,Arthur Cazaux,23.5,1792.9,58.0,1737.6,69.0,1702.8,58.0,1658.7,1811.9,2025-10,142.0,-0.99,atp
54.0,Dino Prizmic,21.0,1792.1,89.0,1688.7,41.0,1773.2,106.0,1594.7,1886.5,2026-05,102.0,-0.64,atp
55.0,Zizou Bergs,27.1,1792.0,63.0,1731.0,77.0,1688.5,30.0,1711.9,1859.2,2025-03,37.0,0.4,atp
56.0,Karen Khachanov,30.2,1790.8,55.0,1741.6,42.0,1768.6,32.0,1710.2,2029.5,2018-10,50.0,0.11,atp
57.0,Marin Cilic,37.8,1789.0,51.0,1749.7,75.0,1695.5,21.0,1742.3,2100.4,2010-02,81.0,-0.35,atp
58.0,Roman Safiullin,29.0,1788.3,71.0,1717.5,39.0,1773.4,29.0,1713.0,1911.3,2024-01,99.0,-0.53,atp
59.0,Hamad Medjedovic,23.0,1786.1,88.0,1690.1,31.0,1789.1,94.0,1620.7,1859.9,2026-05,79.0,-0.29,atp
60.0,Jan Kumstat,19.6,1784.4,208.0,1519.7,40.0,1773.3,110.0,1592.2,1784.4,2026-08,186.0,-1.13,atp
61.0,Sebastian Korda,25.6,1783.6,56.0,1740.0,98.0,1644.9,63.0,1654.0,2020.7,2023-01,68.0,-0.11,atp
62.0,Quentin Halys,29.8,1781.6,69.0,1720.9,47.0,1754.4,73.0,1643.7,1811.4,2023-04,52.0,0.18,atp
63.0,Arthur Rinderknech,31.0,1779.9,52.0,1746.0,66.0,1706.6,53.0,1669.0,1871.8,2025-10,29.0,0.78,atp
64.0,Titouan Droguet,25.1,1776.1,76.0,1709.4,54.0,1730.6,72.0,1645.0,1788.1,2026-08,103.0,-0.48,atp
65.0,Sebastian Baez,25.6,1774.3,66.0,1727.6,53.0,1735.4,146.0,1544.9,1941.4,2022-07,51.0,0.24,atp
66.0,Fabian Marozsan,26.8,1772.9,65.0,1727.8,63.0,1710.0,67.0,1648.0,1867.2,2024-04,63.0,0.05,atp
67.0,Denis Shapovalov,27.3,1772.7,37.0,1773.4,86.0,1677.1,93.0,1621.0,1983.2,2020-01,48.0,0.33,atp
68.0,Botic Van De Zandschulp,30.8,1772.7,53.0,1743.9,73.0,1696.4,103.0,1608.1,1938.0,2022-09,70.0,-0.03,atp
69.0,Pablo Carreno Busta,35.1,1772.7,72.0,1715.6,51.0,1743.5,113.0,1589.2,2005.1,2021-08,66.0,0.04,atp
70.0,Jaume Munar,29.2,1772.6,50.0,1752.0,71.0,1699.5,81.0,1632.5,1830.4,2025-10,55.0,0.24,atp
71.0,Jack Draper,24.6,1772.5,64.0,1729.3,87.0,1671.7,48.0,1679.1,2103.8,2025-04,141.0,-0.69,atp
72.0,Jordan Thompson,31.7,1772.4,62.0,1732.6,136.0,1604.6,34.0,1708.7,1891.2,2024-12,334.0,-1.53,atp
73.0,Luca Van Assche,22.2,1772.1,67.0,1725.1,58.0,1726.4,117.0,1582.5,1801.5,2023-04,40.0,0.6,atp
74.0,Matteo Arnaldi,25.4,1770.9,86.0,1693.2,32.0,1788.4,115.0,1586.0,1902.9,2024-06,36.0,0.72,atp
75.0,Kamil Majchrzak,30.6,1769.3,78.0,1707.1,65.0,1707.8,26.0,1730.8,1813.4,2026-07,73.0,0.03,atp
76.0,Alex Molcan,28.6,1763.8,104.0,1663.3,55.0,1729.0,75.0,1641.8,1872.5,2022-07,86.0,-0.12,atp
77.0,Tomas Martin Etcheverry,27.0,1763.0,74.0,1713.4,52.0,1740.2,149.0,1541.9,1871.7,2023-05,32.0,0.88,atp
78.0,Terence Atmane,24.5,1762.0,60.0,1733.7,94.0,1657.1,133.0,1569.0,1765.4,2026-08,92.0,-0.17,atp
79.0,Holger Rune,22.4,1756.9,68.0,1724.5,56.0,1728.7,87.0,1628.4,2082.0,2023-05,133.0,-0.52,atp
80.0,Miomir Kecmanovic,26.9,1753.9,83.0,1699.7,61.0,1715.0,83.0,1630.7,1900.6,2022-04,64.0,0.22,atp
81.0,Marton Fucsovics,34.5,1751.1,79.0,1706.2,80.0,1683.6,40.0,1694.4,1924.2,2021-03,122.0,-0.41,atp
82.0,Toby Samuel,23.8,1750.2,57.0,1739.1,108.0,1637.8,120.0,1579.3,1787.4,2026-07,110.0,-0.29,atp
83.0,Grigor Dimitrov,35.2,1750.1,61.0,1733.2,95.0,1652.4,51.0,1677.2,2111.5,2014-08,137.0,-0.5,atp
84.0,Reilly Opelka,28.7,1748.9,59.0,1733.8,99.0,1644.0,79.0,1634.6,1927.5,2022-04,153.0,-0.6,atp
85.0,Benjamin Bonzi,30.2,1747.1,77.0,1709.1,124.0,1620.7,56.0,1662.8,1835.8,2022-06,97.0,-0.13,atp
86.0,Arthur Gea,21.5,1746.4,44.0,1759.9,141.0,1595.9,102.0,1608.6,1746.4,2026-07,87.0,-0.01,atp
87.0,Rinky Hijikata,25.4,1744.0,84.0,1698.2,157.0,1575.4,57.0,1659.2,1757.0,2026-08,85.0,0.02,atp
88.0,Soon Woo Kwon,28.6,1738.8,85.0,1697.4,122.0,1622.5,76.0,1639.0,1830.7,2023-01,150.0,-0.53,atp
89.0,Juncheng Shang,21.5,1736.3,90.0,1680.1,110.0,1635.5,70.0,1646.0,1895.7,2024-09,228.0,-0.94,atp
90.0,Jan Lennard Struff,36.2,1734.2,113.0,1651.3,83.0,1681.3,43.0,1686.2,1935.1,2024-07,44.0,0.72,atp
91.0,Lorenzo Sonego,31.2,1732.5,81.0,1704.9,100.0,1643.1,65.0,1649.4,1895.3,2021-05,89.0,0.02,atp
92.0,Daniel Altmaier,27.9,1732.5,108.0,1657.6,72.0,1696.6,105.0,1596.7,1789.1,2021-08,57.0,0.48,atp
93.0,Corentin Moutet,27.2,1730.9,73.0,1714.0,79.0,1685.1,90.0,1625.9,1881.9,2025-10,62.0,0.41,atp
94.0,Alexei Popyrin,27.0,1727.4,99.0,1668.2,60.0,1719.7,129.0,1573.2,1902.2,2024-10,130.0,-0.32,atp
95.0,Jacob Fearnley,25.0,1726.0,103.0,1664.4,92.0,1661.3,49.0,1679.0,1910.0,2024-10,101.0,-0.06,atp
96.0,Jenson Brooksby,25.8,1723.4,87.0,1690.2,123.0,1621.9,54.0,1666.9,2005.3,2022-03,74.0,0.26,atp
97.0,Adolfo Daniel Vallejo,22.3,1723.2,149.0,1583.9,76.0,1693.2,143.0,1550.4,1780.4,2026-05,60.0,0.48,atp
98.0,Mattia Bellucci,25.2,1719.0,95.0,1672.8,133.0,1609.2,62.0,1655.9,1814.3,2024-10,95.0,0.03,atp
99.0,Adam Walton,27.3,1719.0,101.0,1665.0,174.0,1551.0,92.0,1622.3,1747.1,2025-04,93.0,0.06,atp
100.0,Martin Damm,22.8,1715.6,97.0,1669.7,184.0,1540.0,69.0,1647.2,1767.9,1999-11,90.0,0.11,atp
101.0,Facundo Diaz Acosta,25.6,1715.3,176.0,1550.5,70.0,1701.9,211.0,1482.3,1791.9,2024-02,82.0,0.21,atp
102.0,Kei Nishikori,36.6,1709.7,96.0,1671.1,134.0,1607.4,114.0,1589.0,2194.2,2016-08,481.0,-1.55,atp
103.0,Camilo Ugo Carabelli,27.1,1709.1,140.0,1596.6,64.0,1709.8,252.0,1456.2,1771.9,2025-05,77.0,0.29,atp
104.0,Lloyd Harris,29.4,1706.8,93.0,1677.4,149.0,1586.9,86.0,1628.6,1896.0,2021-10,139.0,-0.29,atp
105.0,Zachary Svajda,23.6,1705.2,102.0,1664.7,154.0,1582.6,55.0,1665.1,1794.0,2026-02,80.0,0.27,atp
106.0,Gabriel Diallo,24.8,1704.0,106.0,1659.6,121.0,1623.1,80.0,1633.1,1889.2,2025-06,114.0,-0.07,atp
107.0,Christopher Oconnell,32.1,1702.0,92.0,1678.3,153.0,1583.5,82.0,1631.1,1814.1,2025-03,106.0,0.01,atp
108.0,Stefanos Sakellaridis,21.9,1701.9,112.0,1652.1,96.0,1647.3,108.0,1593.7,1717.8,2026-08,136.0,-0.23,atp
109.0,Nishesh Basavareddy,21.2,1701.3,111.0,1653.9,119.0,1624.2,162.0,1534.1,1856.6,2025-01,163.0,-0.4,atp
110.0,Marcos Giron,33.0,1699.4,98.0,1668.3,142.0,1594.5,84.0,1630.1,1874.1,2025-03,78.0,0.34,atp
111.0,Vit Kopriva,29.1,1699.0,117.0,1644.2,88.0,1669.5,124.0,1576.1,1760.5,2025-05,69.0,0.48,atp
112.0,Jan Choinski,30.2,1697.1,171.0,1554.0,78.0,1687.5,141.0,1555.9,1740.3,2026-07,76.0,0.39,atp
113.0,Roberto Bautista Agut,38.2,1696.9,100.0,1666.5,106.0,1638.0,71.0,1645.6,2033.8,2016-02,232.0,-0.72,atp
114.0,Laslo Djere,31.1,1696.8,134.0,1612.9,68.0,1703.6,134.0,1565.9,1854.6,2023-09,206.0,-0.59,atp
115.0,Emilio Nava,24.5,1695.6,131.0,1616.9,82.0,1681.8,155.0,1538.2,1742.1,2026-06,111.0,0.04,atp
116.0,Valentin Royer,25.1,1693.8,115.0,1645.1,112.0,1634.5,104.0,1604.0,1800.2,2025-10,75.0,0.44,atp
117.0,Roman Andres Burruchaga,24.5,1693.7,210.0,1514.0,74.0,1695.8,161.0,1535.7,1764.5,2026-04,59.0,0.68,atp
118.0,Leandro Riedi,24.3,1693.1,94.0,1675.3,139.0,1598.6,91.0,1625.8,1823.3,2023-01,131.0,-0.1,atp
119.0,Martin Landaluce,20.6,1691.9,114.0,1646.4,109.0,1637.0,107.0,1594.6,1764.1,2026-05,65.0,0.6,atp
120.0,Zsombor Piros,26.8,1691.6,116.0,1644.6,90.0,1665.7,135.0,1565.8,1731.0,2023-04,118.0,0.02,atp
121.0,Yoshihito Nishioka,30.3,1688.7,107.0,1659.2,126.0,1618.3,154.0,1539.9,1884.7,2023-01,202.0,-0.51,atp
122.0,Andrea Vavassori,30.9,1688.1,110.0,1655.0,101.0,1642.3,156.0,1538.1,1734.8,2023-04,605.0,-1.6,atp
123.0,Jason Kubler,32.7,1684.5,124.0,1635.3,128.0,1615.7,47.0,1679.3,1790.0,2022-07,475.0,-1.35,atp
124.0,James Duckworth,34.5,1680.9,118.0,1642.5,138.0,1599.0,126.0,1574.8,1785.9,2021-11,71.0,0.56,atp
125.0,Yibing Wu,26.8,1680.0,91.0,1679.1,104.0,1638.8,225.0,1469.4,1882.9,2023-03,113.0,0.1,atp
126.0,Jesper De Jong,26.2,1679.9,145.0,1592.5,89.0,1665.9,157.0,1536.6,1741.0,2025-10,100.0,0.23,atp
127.0,Kyrian Jacquet,25.2,1677.6,119.0,1641.9,150.0,1585.0,61.0,1656.3,1735.1,2025-02,108.0,0.16,atp
128.0,Giovanni Mpetshi Perricard,23.1,1676.3,132.0,1616.0,102.0,1642.0,98.0,1611.7,1862.8,2024-12,105.0,0.2,atp
129.0,Otto Virtanen,25.1,1671.4,123.0,1636.5,179.0,1544.5,50.0,1678.5,1768.8,2024-03,109.0,0.17,atp
130.0,Bu Yunchaokete,24.5,1668.2,128.0,1625.5,147.0,1588.0,116.0,1584.4,1834.9,2024-09,124.0,0.05,atp
131.0,Oliver Tarvet,22.8,1667.8,138.0,1604.5,152.0,1583.9,78.0,1635.1,1735.2,2025-08,308.0,-0.85,atp
132.0,Cristian Garin,29.9,1666.9,158.0,1572.1,93.0,1658.7,96.0,1617.3,1889.6,2019-04,135.0,-0.02,atp
133.0,Adrian Mannarino,38.1,1665.6,122.0,1637.8,237.0,1483.8,74.0,1642.9,1896.3,2018-01,67.0,0.69,atp
134.0,Aleksandar Vukic,30.3,1665.1,120.0,1639.3,187.0,1533.0,119.0,1579.6,1773.3,2025-01,96.0,0.33,atp
135.0,Aleksandar Kovacevic,27.9,1665.0,121.0,1638.3,156.0,1577.5,213.0,1480.8,1758.8,2024-04,84.0,0.47,atp
136.0,Stan Wawrinka,41.3,1663.6,109.0,1655.9,140.0,1598.4,125.0,1575.9,2145.5,2016-01,127.0,0.07,atp
137.0,Sebastian Ofner,30.2,1663.5,137.0,1605.6,107.0,1637.9,101.0,1609.3,1812.7,2024-01,125.0,0.09,atp
138.0,Alexander Shevchenko,25.6,1659.4,129.0,1621.2,114.0,1630.7,256.0,1454.3,1792.0,2024-02,98.0,0.34,atp
139.0,Hugo Gaston,25.8,1658.0,126.0,1632.3,129.0,1615.0,132.0,1571.5,1795.1,2021-11,91.0,0.42,atp
140.0,Tom Gentzsch,22.9,1657.1,186.0,1538.0,97.0,1647.0,170.0,1525.7,1657.1,2026-08,145.0,-0.04,atp
141.0,Marco Trungelliti,36.5,1656.5,185.0,1538.1,105.0,1638.2,208.0,1484.1,1693.1,2018-07,83.0,0.53,atp
142.0,Chris Rodesch,24.9,1656.3,105.0,1662.4,171.0,1557.4,139.0,1560.1,1768.5,2026-02,151.0,-0.06,atp
143.0,Kilian Feldbausch,20.8,1655.9,307.0,1420.8,111.0,1635.2,167.0,1528.0,1688.7,2026-07,233.0,-0.49,atp
144.0,David Goffin,35.5,1654.1,130.0,1620.1,113.0,1631.9,89.0,1626.7,2048.7,2017-04,317.0,-0.79,atp
145.0,Mark Lajal,23.2,1654.0,127.0,1630.0,204.0,1517.6,152.0,1540.7,1685.3,2025-07,152.0,-0.05,atp
146.0,Pablo Llamas Ruiz,23.8,1652.9,177.0,1549.5,85.0,1680.1,169.0,1527.5,1773.5,2026-06,126.0,0.15,atp
147.0,Coleman Wong,22.1,1648.4,125.0,1634.6,232.0,1489.9,214.0,1479.9,1730.8,2026-02,94.0,0.45,atp
148.0,Patrick Kypson,26.6,1648.4,133.0,1615.1,168.0,1558.7,174.0,1517.5,1732.4,2026-01,116.0,0.24,atp
149.0,Nicolas Jarry,30.5,1648.3,155.0,1573.5,103.0,1641.5,77.0,1635.2,1903.0,2023-10,756.0,-1.62,atp
150.0,Francisco Comesana,25.8,1647.3,141.0,1596.4,115.0,1629.7,176.0,1514.8,1761.9,2025-08,119.0,0.23,atp
151.0,Andrea Pellegrino,29.3,1641.2,299.0,1426.6,125.0,1620.2,274.0,1445.5,1681.8,2026-06,129.0,0.16,atp
152.0,Jerome Kym,23.4,1640.9,135.0,1612.4,145.0,1590.1,138.0,1560.3,1738.0,2024-10,178.0,-0.16,atp
153.0,Damir Dzumhur,34.2,1640.4,146.0,1591.1,131.0,1611.3,150.0,1541.2,1895.8,2017-09,104.0,0.39,atp
154.0,Borna Gojo,28.4,1631.3,136.0,1612.3,127.0,1616.1,246.0,1458.9,1800.2,2023-10,162.0,-0.05,atp
155.0,Sho Shimabukuro,29.0,1626.8,164.0,1566.8,234.0,1487.0,99.0,1610.4,1692.5,2023-09,88.0,0.57,atp
156.0,Gustavo Heide,24.4,1625.0,239.0,1485.5,117.0,1626.5,212.0,1482.1,1713.8,2026-06,128.0,0.2,atp
157.0,Giulio Zeppieri,24.3,1621.9,147.0,1589.0,164.0,1565.7,121.0,1578.9,1691.2,2022-07,249.0,-0.46,atp
158.0,Alexandre Muller,29.5,1621.1,139.0,1601.6,144.0,1590.9,205.0,1488.1,1801.7,2025-05,138.0,0.14,atp
159.0,Taro Daniel,33.5,1620.9,172.0,1552.0,146.0,1588.1,185.0,1508.1,1766.8,2023-04,160.0,-0.01,atp
160.0,J J Wolf,27.6,1619.7,143.0,1596.0,198.0,1522.3,145.0,1545.4,1847.7,2023-02,253.0,-0.46,atp
161.0,Dusan Lajovic,36.1,1619.5,166.0,1565.7,155.0,1582.5,184.0,1508.4,1854.6,2018-10,167.0,-0.04,atp
162.0,Henrique Rocha,22.3,1616.2,180.0,1548.0,130.0,1613.3,228.0,1468.2,1694.5,2026-06,120.0,0.3,atp
163.0,Zhizhen Zhang,29.7,1615.6,151.0,1580.3,137.0,1600.1,111.0,1591.2,1830.9,2024-09,154.0,0.06,atp
164.0,Dalibor Svrcina,23.8,1614.6,142.0,1596.1,170.0,1558.3,240.0,1462.2,1712.9,2025-04,134.0,0.2,atp
165.0,Mees Rottgering,19.1,1614.2,152.0,1579.4,212.0,1511.9,171.0,1522.9,1629.3,2026-08,340.0,-0.72,atp
166.0,Hugo Dellien,33.1,1612.8,258.0,1463.9,132.0,1609.3,247.0,1458.9,1779.8,2022-05,140.0,0.17,atp
167.0,Dhakshineswar Suresh,26.4,1610.8,154.0,1576.0,307.0,1415.4,191.0,1505.4,1653.4,2026-08,368.0,-0.79,atp
168.0,Nikoloz Basilashvili,34.4,1609.7,161.0,1570.3,160.0,1570.4,137.0,1562.1,1889.8,2019-01,132.0,0.24,atp
169.0,Diego Dedura Palomero,18.4,1609.5,356.0,1380.2,148.0,1587.1,229.0,1467.7,1657.3,2026-08,190.0,-0.12,atp
170.0,Alexis Galarneau,27.4,1609.3,170.0,1557.0,227.0,1492.9,127.0,1574.7,1631.5,2024-04,183.0,-0.07,atp
171.0,Rei Sakamoto,20.1,1609.2,148.0,1587.9,203.0,1518.4,181.0,1508.8,1676.6,2026-02,157.0,0.09,atp
172.0,Tristan Boyer,25.2,1607.8,174.0,1551.3,162.0,1567.9,190.0,1506.0,1753.1,2025-01,182.0,-0.06,atp
173.0,Emil Ruusuvuori,26.6,1606.1,153.0,1576.8,169.0,1558.3,123.0,1576.4,1893.2,2023-06,788.0,-1.52,atp
174.0,Vilius Gaubas,21.5,1604.8,160.0,1571.4,173.0,1552.1,112.0,1590.1,1718.5,2025-05,121.0,0.36,atp
175.0,Lukas Klein,27.8,1601.1,189.0,1535.1,120.0,1623.9,140.0,1557.2,1777.5,2024-03,710.0,-1.4,atp
176.0,Carlos Taberner,29.0,1600.0,285.0,1439.8,143.0,1591.7,311.0,1428.2,1725.0,2021-10,406.0,-0.84,atp
177.0,Jurij Rodionov,27.2,1599.7,169.0,1560.0,166.0,1560.4,136.0,1563.4,1702.1,2023-06,143.0,0.21,atp
178.0,Nicolas Mejia,26.4,1598.2,225.0,1504.7,158.0,1575.3,130.0,1572.5,1616.1,2026-08,115.0,0.44,atp
179.0,Andre Ilagan,25.7,1596.4,159.0,1571.9,314.0,1408.2,207.0,1485.5,1612.2,2026-08,184.0,-0.03,atp
180.0,Marco Cecchinato,33.8,1593.7,266.0,1455.1,161.0,1570.0,288.0,1437.9,1838.6,2018-07,166.0,0.08,atp
181.0,Mackenzie Mcdonald,31.3,1593.0,150.0,1582.0,253.0,1467.1,151.0,1541.0,1847.6,2023-03,146.0,0.21,atp
182.0,Roberto Carballes Baena,33.3,1592.4,157.0,1572.6,159.0,1574.7,203.0,1489.8,1788.1,2024-07,209.0,-0.14,atp
183.0,Pedro Martinez,29.2,1591.2,163.0,1566.9,165.0,1561.0,261.0,1452.7,1844.3,2022-04,148.0,0.21,atp
184.0,Nicolai Budkov Kjaer,19.9,1590.4,156.0,1573.0,183.0,1540.1,186.0,1507.5,1749.3,2025-10,149.0,0.21,atp
185.0,Filip Misolic,24.5,1587.2,253.0,1469.3,91.0,1663.9,163.0,1531.3,1829.4,2025-07,537.0,-1.07,atp
186.0,Daniel Evans,36.1,1586.1,167.0,1560.9,221.0,1498.3,122.0,1577.1,1902.5,2021-04,834.0,-1.5,atp
187.0,Pavel Kotov,27.6,1582.2,144.0,1593.6,211.0,1512.4,195.0,1495.1,1797.1,2024-05,250.0,-0.29,atp
188.0,Clement Tabur,26.5,1582.0,168.0,1560.4,189.0,1529.4,172.0,1520.6,1637.3,2026-06,159.0,0.17,atp
189.0,Andrea Guerrieri,27.6,1580.3,230.0,1498.1,196.0,1523.9,175.0,1516.2,1611.4,2026-08,187.0,0.01,atp
190.0,Liam Draxl,24.6,1578.3,173.0,1551.9,229.0,1492.1,296.0,1434.5,1699.6,2025-07,218.0,-0.14,atp
191.0,Michael Mmoh,28.5,1577.1,162.0,1567.5,231.0,1490.3,223.0,1469.9,1762.3,2017-02,173.0,0.1,atp
192.0,Guy Den Ouden,24.3,1576.8,358.0,1379.3,163.0,1566.9,303.0,1431.2,1722.8,2025-08,213.0,-0.1,atp
193.0,Juan Carlos Prado Angelo,21.4,1576.1,264.0,1455.6,167.0,1558.8,219.0,1472.0,1611.6,2025-10,155.0,0.22,atp
194.0,Henry Searle,20.3,1574.6,304.0,1422.4,315.0,1405.4,95.0,1620.7,1627.8,2026-07,227.0,-0.16,atp
195.0,Dominic Stricker,24.0,1574.2,195.0,1529.2,182.0,1540.2,142.0,1550.6,1798.6,2021-06,273.0,-0.34,atp
196.0,Luca Nardi,22.9,1573.4,165.0,1566.0,201.0,1520.0,315.0,1426.9,1724.6,2024-04,241.0,-0.21,atp
197.0,Luka Mikrut,22.2,1573.3,292.0,1431.4,135.0,1606.6,266.0,1450.4,1735.4,2025-10,176.0,0.11,atp
198.0,Maxim Mrva,19.0,1572.9,184.0,1539.8,176.0,1549.7,159.0,1536.4,1619.4,2025-03,212.0,-0.07,atp
199.0,Daniel Rincon,23.5,1567.0,187.0,1536.5,191.0,1529.1,375.0,1393.8,1618.0,2026-07,208.0,-0.04,atp
200.0,Edas Butvilas,22.0,1560.8,175.0,1551.3,252.0,1469.2,293.0,1436.5,1672.0,2024-09,195.0,0.03,atp
201.0,Thiago Seyboth Wild,26.3,1560.1,193.0,1530.1,181.0,1541.3,199.0,1492.2,1793.4,2024-05,198.0,0.02,atp
202.0,Pierre Hugues Herbert,35.4,1560.0,182.0,1545.8,228.0,1492.1,165.0,1528.3,1867.9,2019-06,286.0,-0.35,atp
203.0,Shintaro Mochizuki,23.1,1559.7,245.0,1482.5,248.0,1475.0,100.0,1610.3,1714.9,2025-10,117.0,0.55,atp
204.0,Alex Bolt,33.5,1559.5,207.0,1520.1,318.0,1403.7,148.0,1542.5,1688.9,2019-03,164.0,0.22,atp
205.0,Harold Mayot,24.5,1558.1,179.0,1548.2,213.0,1511.0,197.0,1493.9,1701.9,2024-06,267.0,-0.26,atp
206.0,Trevor Svajda,20.3,1558.1,203.0,1524.5,337.0,1389.1,215.0,1479.1,1625.4,2025-09,400.0,-0.66,atp
207.0,Marvin Moeller,27.5,1557.0,280.0,1445.2,180.0,1542.3,164.0,1528.5,1610.6,2026-08,278.0,-0.29,atp
208.0,Nicolas Moreno De Alboran,28.9,1556.6,181.0,1548.0,205.0,1517.6,241.0,1461.8,1687.7,2024-11,886.0,-1.45,atp
209.0,Cedrik Marcel Stebe,35.3,1556.4,204.0,1523.2,177.0,1544.9,239.0,1463.3,1824.7,2017-09,622.0,-1.09,atp
210.0,Lautaro Midon,22.3,1555.9,243.0,1483.8,185.0,1537.5,277.0,1445.0,1575.1,2026-08,189.0,0.11,atp
211.0,Chun Hsin Tseng,25.0,1555.5,232.0,1495.7,178.0,1544.6,389.0,1388.7,1715.6,2022-04,221.0,-0.05,atp
212.0,Federico Cina,19.3,1555.1,197.0,1526.4,188.0,1532.5,217.0,1475.2,1656.0,2026-06,181.0,0.16,atp
213.0,Thiago Monteiro,32.1,1554.3,198.0,1526.0,186.0,1534.3,234.0,1464.0,1748.2,2024-05,280.0,-0.27,atp
214.0,Clement Chidekh,25.1,1553.5,178.0,1548.4,346.0,1383.4,178.0,1510.9,1695.5,2024-03,185.0,0.15,atp
215.0,Kimmer Coppejans,32.5,1553.3,252.0,1470.6,194.0,1526.1,220.0,1471.6,1697.0,2015-04,217.0,-0.01,atp
216.0,Dylan Dietrich,21.8,1552.4,281.0,1445.1,207.0,1515.0,216.0,1476.2,1594.5,2026-08,413.0,-0.65,atp
217.0,Mikhail Kukushkin,38.4,1551.6,200.0,1525.7,202.0,1518.4,180.0,1510.3,1864.2,2010-10,336.0,-0.44,atp
218.0,George Loffhagen,25.3,1550.6,183.0,1544.7,386.0,1350.4,251.0,1457.6,1649.0,2025-07,371.0,-0.53,atp
219.0,Lukas Neumayer,23.9,1550.3,282.0,1445.0,193.0,1527.7,354.0,1406.7,1658.4,2026-05,191.0,0.14,atp
220.0,Bernard Tomic,33.8,1550.1,209.0,1519.5,263.0,1458.0,168.0,1528.0,1947.4,2015-03,179.0,0.21,atp
221.0,Andres Andrade,27.6,1548.2,216.0,1510.2,224.0,1495.5,260.0,1452.8,1584.8,2024-08,211.0,0.05,atp
222.0,Tomas Barrios Vera,28.6,1547.6,227.0,1501.9,197.0,1523.6,166.0,1528.1,1710.3,2023-07,144.0,0.43,atp
223.0,Yosuke Watanuki,28.2,1547.5,192.0,1530.9,238.0,1483.0,153.0,1540.6,1798.2,2023-05,420.0,-0.63,atp
224.0,Tristan Schoolkate,25.4,1546.1,218.0,1508.1,264.0,1457.4,160.0,1535.8,1703.1,2025-07,180.0,0.22,atp
225.0,Gauthier Onclin,25.4,1545.3,194.0,1530.0,230.0,1491.0,198.0,1493.7,1591.3,2023-07,158.0,0.35,atp
226.0,Vitaliy Sachko,29.0,1543.4,267.0,1454.9,209.0,1513.4,343.0,1411.7,1643.5,2023-07,188.0,0.18,atp
227.0,Giles Hussey,29.0,1542.8,250.0,1476.5,349.0,1381.4,200.0,1491.9,1600.7,2026-06,294.0,-0.26,atp
228.0,Jack Pinnington Jones,23.3,1542.4,201.0,1525.4,293.0,1426.0,173.0,1518.2,1685.0,2026-02,165.0,0.32,atp
229.0,August Holmgren,28.2,1541.8,223.0,1506.4,243.0,1480.7,158.0,1536.6,1677.9,2021-09,247.0,-0.08,atp
230.0,Luka Pavlovic,26.3,1541.0,196.0,1526.6,251.0,1470.9,189.0,1506.1,1635.0,2025-07,203.0,0.12,atp
231.0,Pol Martin Tiffon,26.9,1540.6,190.0,1534.5,239.0,1482.9,263.0,1451.5,1587.3,2026-05,210.0,0.1,atp
232.0,Marc Andrea Huesler,30.0,1539.7,220.0,1507.4,200.0,1520.1,218.0,1475.0,1817.0,2023-02,256.0,-0.1,atp
233.0,Max Alcala Gurri,23.9,1539.2,374.0,1366.9,199.0,1521.8,224.0,1469.6,1616.3,2026-06,177.0,0.27,atp
234.0,Elmer Moller,23.0,1538.8,283.0,1442.7,190.0,1529.2,194.0,1498.5,1741.1,2025-04,170.0,0.32,atp
235.0,Hugo Grenier,30.4,1537.9,212.0,1513.9,316.0,1405.1,280.0,1443.5,1734.0,2022-09,243.0,-0.03,atp
236.0,Stefano Travaglia,34.6,1537.8,205.0,1522.7,225.0,1494.7,275.0,1445.2,1793.8,2021-02,147.0,0.47,atp
237.0,Hayato Matsuoka,21.5,1537.5,211.0,1514.0,354.0,1378.7,264.0,1451.2,1542.5,2026-03,255.0,-0.07,atp
238.0,Francesco Passaro,25.5,1536.8,191.0,1533.8,208.0,1514.7,322.0,1424.8,1779.0,2022-08,207.0,0.14,atp
239.0,Brandon Holt,27.7,1536.8,222.0,1507.1,381.0,1353.7,188.0,1507.0,1725.5,2025-02,655.0,-1.01,atp
240.0,Rodrigo Pacheco Mendez,21.3,1536.7,213.0,1513.3,265.0,1456.5,227.0,1468.3,1553.6,2026-08,272.0,-0.13,atp
241.0,Braden Shick,22.7,1535.3,199.0,1526.0,328.0,1394.6,272.0,1447.1,1572.8,2026-06,216.0,0.11,atp
242.0,Jay Dylan Hara Friend,22.6,1534.2,215.0,1512.3,361.0,1371.9,230.0,1467.1,1597.4,2026-07,312.0,-0.25,atp
243.0,Timofey Skatov,25.5,1534.2,256.0,1466.6,206.0,1515.5,182.0,1508.5,1672.0,2024-07,205.0,0.17,atp
244.0,Harry Wendelken,24.6,1532.0,188.0,1536.4,397.0,1339.4,273.0,1446.5,1641.5,2026-04,196.0,0.22,atp
245.0,Alejandro Moro Canas,25.6,1532.0,217.0,1509.1,235.0,1486.3,183.0,1508.5,1673.5,2024-07,238.0,0.03,atp
246.0,Matej Dodig,21.0,1531.8,284.0,1442.1,216.0,1504.9,233.0,1465.0,1601.7,2024-09,254.0,-0.03,atp
247.0,Joel Schwaerzler,20.5,1531.5,221.0,1507.4,241.0,1481.7,269.0,1448.0,1660.8,2026-04,171.0,0.37,atp
248.0,Henri Squire,25.8,1530.7,254.0,1469.1,217.0,1504.8,427.0,1369.5,1670.0,2024-06,215.0,0.14,atp
249.0,Liam Broady,32.5,1530.3,224.0,1506.0,261.0,1458.6,206.0,1487.3,1757.4,2022-03,197.0,0.23,atp
250.0,Daniel Milavsky,24.9,1530.3,233.0,1492.9,374.0,1358.4,202.0,1491.0,1549.2,2026-08,322.0,-0.25,atp
251.0,Cezar Cretu,25.3,1530.2,274.0,1450.5,215.0,1506.5,232.0,1465.1,1549.2,2026-06,230.0,0.09,atp
252.0,Alexander Ritschard,31.7,1528.0,268.0,1454.4,172.0,1557.1,226.0,1469.4,1695.9,2024-07,638.0,-0.93,atp
253.0,Elias Ymer,30.3,1527.8,226.0,1502.4,240.0,1481.9,196.0,1494.5,1751.8,2015-06,204.0,0.22,atp
254.0,Jack Kennedy,,1527.3,322.0,1409.9,192.0,1529.0,237.0,1463.6,1633.6,2026-06,394.0,-0.44,atp
255.0,Gonzalo Bueno,22.3,1527.2,355.0,1382.5,214.0,1509.5,301.0,1431.6,1602.2,2025-11,172.0,0.39,atp
256.0,Sumit Nagal,28.9,1526.9,255.0,1467.9,210.0,1513.3,371.0,1395.9,1745.2,2019-09,236.0,0.08,atp
257.0,Ilya Ivashka,32.4,1526.2,231.0,1497.5,175.0,1550.8,179.0,1510.6,1922.5,2021-09,393.0,-0.42,atp
258.0,Nikolas Sanchez Izquierdo,27.4,1525.1,436.0,1313.4,220.0,1498.8,290.0,1437.0,1588.3,2026-06,220.0,0.16,atp
259.0,Hynek Barton,22.3,1522.6,238.0,1485.6,222.0,1497.6,243.0,1461.3,1585.2,2026-06,270.0,-0.04,atp
260.0,Gianluca Cadenasso,21.7,1521.7,369.0,1370.9,223.0,1496.8,306.0,1430.3,1578.5,2026-04,,,atp
261.0,Mili Poljicak,22.1,1520.5,425.0,1321.4,226.0,1493.9,324.0,1424.4,1558.0,2026-07,266.0,-0.02,atp
262.0,Cruz Hewitt,17.7,1517.6,235.0,1491.4,366.0,1368.8,248.0,1458.8,1529.3,2026-08,354.0,-0.3,atp
263.0,Moise Kouame,17.4,1517.5,229.0,1498.5,353.0,1379.2,249.0,1458.7,1579.4,2026-05,200.0,0.27,atp
264.0,Daniil Glinka,26.2,1516.3,206.0,1521.9,269.0,1449.9,344.0,1410.7,1687.5,2026-02,156.0,0.53,atp
265.0,Colton Smith,23.4,1514.5,242.0,1484.2,271.0,1444.6,177.0,1512.5,1837.6,2025-06,222.0,0.18,atp
266.0,Billy Harris,31.5,1513.5,261.0,1458.1,368.0,1365.8,147.0,1542.6,1711.4,2024-06,161.0,0.5,atp
267.0,Remy Bertola,27.9,1513.3,263.0,1456.1,268.0,1450.6,193.0,1499.2,1616.4,2026-06,174.0,0.43,atp
268.0,Daniel Elahi Galan,30.1,1511.9,237.0,1488.0,250.0,1472.8,210.0,1482.9,1757.5,2022-09,335.0,-0.22,atp
269.0,Rio Noguchi,27.5,1510.3,228.0,1500.7,447.0,1297.0,462.0,1350.2,1588.0,2026-04,219.0,0.21,atp
270.0,Matheus Pucinelli De Almeida,25.3,1509.2,419.0,1327.5,218.0,1503.4,253.0,1455.5,1650.0,2022-03,260.0,0.04,atp
271.0,Federico Agustin Gomez,29.7,1508.4,289.0,1434.4,236.0,1485.4,307.0,1430.2,1668.6,2024-09,169.0,0.47,atp
272.0,Inaki Montes De La Torre,23.8,1507.4,236.0,1490.4,266.0,1452.0,258.0,1453.7,1598.1,2026-06,274.0,-0.01,atp
273.0,Stefano Napolitano,31.2,1507.0,278.0,1446.0,219.0,1499.9,250.0,1458.4,1662.1,2024-05,229.0,0.18,atp
274.0,Arthur Bouquier,25.1,1505.4,246.0,1482.0,407.0,1332.6,287.0,1440.2,1732.0,2025-03,684.0,-0.91,atp
275.0,Charles Broom,28.3,1505.1,240.0,1485.2,405.0,1333.3,297.0,1434.0,1536.4,2024-06,237.0,0.15,atp
276.0,Federico Bondioli,21.1,1502.0,451.0,1304.1,233.0,1488.1,342.0,1412.3,1523.6,2026-07,304.0,-0.1,atp
277.0,Ugo Blanchet,27.5,1498.4,214.0,1513.2,292.0,1428.6,376.0,1392.9,1662.1,2025-08,199.0,0.33,atp
278.0,Lucas Poullain,30.6,1497.6,247.0,1481.6,415.0,1326.6,268.0,1448.8,1590.8,2023-10,343.0,-0.21,atp
279.0,Federico Coria,34.3,1497.5,298.0,1429.4,247.0,1476.4,419.0,1375.4,1754.4,2021-07,908.0,-1.18,atp
280.0,Max Houkes,26.1,1494.9,423.0,1322.1,245.0,1478.1,400.0,1384.1,1527.7,2026-04,240.0,0.15,atp
281.0,Ilia Simakin,22.7,1494.4,202.0,1525.0,416.0,1325.2,271.0,1447.2,1679.7,2026-02,275.0,0.02,atp
282.0,Petr Nesterov,23.4,1490.2,276.0,1447.6,257.0,1463.0,276.0,1445.1,1531.5,2026-08,301.0,-0.07,atp
283.0,Abedallah Shelbayh,22.7,1489.9,248.0,1479.9,400.0,1335.9,222.0,1471.1,1648.2,2024-02,251.0,0.12,atp
284.0,Felix Balshaw,20.1,1489.7,334.0,1398.8,244.0,1478.9,278.0,1444.9,1594.8,2026-06,252.0,0.12,atp
285.0,Norbert Gombos,35.9,1489.2,259.0,1460.8,249.0,1473.7,317.0,1426.1,1753.2,2020-11,369.0,-0.26,atp
286.0,Felix Gill,24.1,1489.1,244.0,1483.7,301.0,1419.4,352.0,1407.2,1541.7,2026-06,214.0,0.29,atp
287.0,Hyeon Chung,29.9,1488.4,260.0,1459.1,195.0,1525.7,363.0,1400.1,1991.8,2018-03,567.0,-0.68,atp
288.0,Timo Legout,24.2,1486.6,241.0,1484.4,442.0,1301.3,281.0,1443.3,1524.5,2026-06,445.0,-0.44,atp
289.0,Max Hans Rehberg,22.9,1486.3,249.0,1478.1,285.0,1434.2,415.0,1376.1,1575.0,2025-02,320.0,-0.1,atp
290.0,Francesco Maestrelli,23.6,1486.1,219.0,1508.1,283.0,1436.8,453.0,1357.1,1711.4,2022-07,168.0,0.55,atp
291.0,Stefan Dostanic,24.5,1485.4,234.0,1491.5,321.0,1399.5,282.0,1442.7,1604.9,2026-04,309.0,-0.06,atp
292.0,Nerman Fatic,31.7,1483.8,319.0,1411.0,256.0,1465.3,245.0,1460.2,1584.4,2023-07,439.0,-0.41,atp
293.0,Maks Kasnikowski,23.0,1483.5,317.0,1411.9,246.0,1477.3,201.0,1491.7,1652.1,2024-06,258.0,0.13,atp
294.0,Raul Brancaccio,29.2,1481.3,311.0,1416.3,262.0,1458.4,388.0,1389.8,1644.9,2023-01,224.0,0.27,atp
295.0,Juan Pablo Varillas,30.8,1481.0,363.0,1377.3,254.0,1466.8,428.0,1368.6,1730.0,2021-10,234.0,0.23,atp
296.0,Martin Krumich,23.6,1480.8,368.0,1371.2,267.0,1450.8,286.0,1440.4,1513.5,2026-05,263.0,0.12,atp
297.0,Igor Ribeiro Marcondes,29.1,1477.4,342.0,1391.2,242.0,1481.0,350.0,1408.2,1649.4,2026-01,310.0,-0.04,atp
298.0,Florian Broska,28.6,1473.6,352.0,1385.4,280.0,1439.0,291.0,1436.8,1633.4,2026-07,298.0,0.0,atp
299.0,Moez Echargui,33.5,1473.3,275.0,1449.1,363.0,1371.0,270.0,1448.0,1647.0,2025-09,226.0,0.28,atp
300.0,Dali Blanch,23.3,1473.3,493.0,1253.7,260.0,1459.1,292.0,1436.6,1588.9,2026-06,342.0,-0.13,atp
301.0,Max Schoenhaus,19.0,1472.0,328.0,1405.4,276.0,1440.7,399.0,1385.1,1559.9,2026-07,318.0,-0.05,atp
302.0,Jacopo Vasami,18.6,1470.9,445.0,1309.1,282.0,1437.1,294.0,1435.4,1560.5,2026-06,388.0,-0.25,atp
303.0,Lorenzo Giustino,34.9,1470.6,273.0,1450.9,288.0,1431.2,491.0,1331.3,1643.8,2019-06,201.0,0.41,atp
304.0,Keegan Smith,28.0,1470.2,296.0,1430.7,336.0,1391.0,300.0,1432.0,1510.3,2026-06,193.0,0.45,atp
305.0,Li Tu,30.2,1469.3,270.0,1451.9,373.0,1361.1,187.0,1507.1,1633.5,2022-10,535.0,-0.56,atp
306.0,Yu Hsiou Hsu,27.3,1468.0,269.0,1452.3,325.0,1396.5,474.0,1345.3,1648.0,2023-11,268.0,0.13,atp
307.0,Quinn Vandecasteele,23.9,1467.9,272.0,1451.2,393.0,1344.0,373.0,1394.5,1485.4,2026-08,438.0,-0.36,atp
308.0,Hamish Stewart,26.9,1467.7,291.0,1432.5,394.0,1343.9,242.0,1461.5,1602.2,2025-08,349.0,-0.12,atp
309.0,Felipe Meligeni Alves,28.4,1464.8,327.0,1406.6,258.0,1462.5,231.0,1466.7,1695.3,2023-10,465.0,-0.41,atp
310.0,Marko Topo,22.9,1464.6,251.0,1474.0,306.0,1415.6,285.0,1441.5,1663.9,2022-04,341.0,-0.1,atp
311.0,Gijs Brouwer,30.4,1463.7,286.0,1438.6,319.0,1403.4,257.0,1454.2,1656.6,2023-04,909.0,-1.07,atp
312.0,Yasutaka Uchiyama,33.8,1462.8,297.0,1430.7,389.0,1347.5,335.0,1417.4,1727.5,2019-10,348.0,-0.11,atp
313.0,Zdenek Kolar,29.8,1462.3,324.0,1409.5,275.0,1440.9,351.0,1407.5,1621.1,2021-09,175.0,0.58,atp
314.0,Genaro Alberto Olivieri,27.9,1462.3,397.0,1340.3,274.0,1441.9,489.0,1331.6,1585.6,2023-07,223.0,0.34,atp
315.0,Oliver Crawford,27.2,1461.9,277.0,1446.3,348.0,1382.1,267.0,1450.2,1580.7,2023-10,225.0,0.34,atp
316.0,Guido Ivan Justo,28.6,1461.2,430.0,1316.3,273.0,1443.3,305.0,1430.6,1500.8,2026-02,231.0,0.31,atp
317.0,David Jorda Sanchis,32.1,1460.6,465.0,1288.4,255.0,1465.5,383.0,1391.4,1566.6,2026-06,192.0,0.5,atp
318.0,Dimitar Kuzmanov,33.0,1460.0,290.0,1434.3,298.0,1421.3,321.0,1424.9,1640.1,2021-05,382.0,-0.18,atp
319.0,Benjamin Hassan,31.5,1458.9,340.0,1394.7,259.0,1460.7,316.0,1426.2,1680.2,2023-10,419.0,-0.27,atp
320.0,Christoph Negritu,31.9,1458.7,302.0,1423.4,291.0,1428.7,308.0,1429.3,1540.2,2024-11,577.0,-0.59,atp
321.0,James Mccabe,23.0,1458.4,309.0,1418.7,456.0,1287.8,236.0,1463.7,1584.1,2025-03,246.0,0.27,atp
322.0,Dane Sweeny,25.4,1457.8,316.0,1412.1,459.0,1285.8,259.0,1452.9,1645.7,2026-02,123.0,0.96,atp
323.0,Javier Barranco Cosano,27.7,1457.6,333.0,1399.0,277.0,1440.5,299.0,1432.8,1581.0,2024-07,437.0,-0.3,atp
324.0,Eliakim Coulibaly,24.1,1457.0,262.0,1456.6,351.0,1380.8,309.0,1428.5,1537.1,2025-05,337.0,-0.04,atp
325.0,Darwin Blanch,18.9,1456.3,338.0,1395.9,270.0,1445.9,284.0,1442.0,1610.4,2026-04,245.0,0.28,atp
326.0,Sandro Kopp,26.2,1455.8,400.0,1338.2,279.0,1439.3,313.0,1427.9,1547.1,2025-11,283.0,0.14,atp
327.0,Marat Sharipov,23.7,1454.8,295.0,1430.9,312.0,1410.8,314.0,1427.4,1613.9,2025-02,442.0,-0.3,atp
328.0,Laurent Lokoli,31.6,1454.7,326.0,1406.7,272.0,1444.0,244.0,1460.7,1608.2,2023-07,386.0,-0.16,atp
329.0,Aidan Mayo,23.2,1454.1,287.0,1436.1,387.0,1349.8,298.0,1433.2,1541.1,2024-11,362.0,-0.1,atp
330.0,Mats Rosenkranz,27.4,1453.5,301.0,1424.3,423.0,1320.2,365.0,1398.4,1503.3,2025-10,404.0,-0.2,atp
331.0,Franco Roncadelli,26.4,1452.2,387.0,1355.0,278.0,1440.1,404.0,1383.1,1552.8,2026-05,271.0,0.2,atp
332.0,Keegan Rice,20.1,1452.0,293.0,1431.1,399.0,1336.0,318.0,1426.0,1482.8,2026-07,583.0,-0.56,atp
333.0,Andrej Martin,36.8,1451.8,376.0,1363.7,296.0,1425.2,482.0,1338.2,1674.7,2014-08,401.0,-0.19,atp
334.0,Radu Mihai Papoe,23.9,1450.4,407.0,1335.2,287.0,1431.2,320.0,1425.2,1485.9,2026-08,313.0,0.06,atp
335.0,Enrico Dalla Valle,28.3,1449.1,359.0,1378.7,295.0,1425.2,323.0,1424.5,1543.6,2024-07,333.0,0.01,atp
336.0,Mitchell Krueger,32.6,1448.3,305.0,1421.9,299.0,1420.9,337.0,1417.3,1653.6,2022-04,358.0,-0.06,atp
337.0,Duje Ajdukovic,25.5,1446.9,279.0,1445.4,300.0,1420.3,483.0,1337.4,1687.6,2024-09,324.0,0.04,atp
338.0,Murphy Cassone,23.9,1445.8,308.0,1420.6,414.0,1327.0,392.0,1387.8,1684.9,2025-02,307.0,0.1,atp
339.0,Juan Manuel La Serna,22.5,1445.6,377.0,1363.3,286.0,1432.4,325.0,1422.8,1485.9,2026-06,289.0,0.16,atp
340.0,Mathys Erhard,24.7,1444.4,303.0,1422.5,338.0,1388.1,326.0,1422.2,1458.7,2026-08,339.0,0.0,atp
341.0,Frederico Ferreira Silva,31.3,1444.1,257.0,1466.2,330.0,1393.2,328.0,1420.5,1642.4,2021-05,239.0,0.36,atp
342.0,Fajing Sun,29.8,1444.0,300.0,1426.6,495.0,1252.4,362.0,1401.0,1555.0,2026-05,323.0,0.06,atp
343.0,Philip Henning,25.7,1442.5,265.0,1455.4,358.0,1375.6,221.0,1471.2,1559.8,2021-09,276.0,0.22,atp
344.0,Alex Barrena,23.8,1442.5,463.0,1289.4,305.0,1418.1,377.0,1392.8,1596.1,2025-07,235.0,0.38,atp
345.0,Sascha Gueymard Wayenburg,22.9,1442.2,325.0,1408.2,313.0,1408.9,398.0,1385.5,1563.9,2025-01,332.0,0.04,atp
346.0,Anton Matusevich,25.2,1441.6,314.0,1412.6,360.0,1374.2,408.0,1380.3,1529.4,2023-11,327.0,0.06,atp
347.0,Johannus Monday,24.5,1441.6,315.0,1412.3,408.0,1330.8,366.0,1397.8,1559.8,2026-01,299.0,0.15,atp
348.0,Mika Brunold,21.8,1441.2,294.0,1431.0,327.0,1394.7,327.0,1420.6,1510.9,2025-07,410.0,-0.16,atp
349.0,Beibit Zhukayev,25.8,1440.8,345.0,1389.8,362.0,1371.3,192.0,1502.4,1640.2,2023-11,469.0,-0.3,atp
350.0,Calvin Hemery,31.5,1440.8,350.0,1388.2,281.0,1437.2,422.0,1372.6,1651.1,2015-06,328.0,0.06,atp
351.0,Radu Albot,36.7,1440.7,310.0,1418.0,289.0,1430.8,204.0,1489.2,1823.4,2019-05,497.0,-0.35,atp
352.0,Tommaso Compagnucci,26.7,1439.6,475.0,1276.3,294.0,1426.0,330.0,1419.8,1462.8,2026-08,374.0,-0.06,atp
353.0,Joao Lucas Reis Da Silva,26.3,1439.3,404.0,1336.0,297.0,1424.9,403.0,1383.3,1531.3,2025-11,282.0,0.22,atp
354.0,Paul Inchauspe,22.4,1439.0,306.0,1421.7,409.0,1329.5,331.0,1419.5,1507.4,2026-07,591.0,-0.51,atp
355.0,Lilian Marmousez,24.3,1438.3,347.0,1389.6,308.0,1412.7,332.0,1419.2,1522.8,2026-01,512.0,-0.37,atp
356.0,Buvaysar Gadamauri,26.0,1437.9,330.0,1403.7,323.0,1398.6,333.0,1418.9,1592.8,2026-05,265.0,0.3,atp
357.0,Petr Brunclik,20.1,1436.5,312.0,1414.7,350.0,1380.9,334.0,1418.2,1565.2,2026-06,366.0,-0.02,atp
358.0,Yi Zhou,21.3,1434.9,323.0,1409.9,455.0,1288.3,238.0,1463.6,1610.1,2026-01,248.0,0.37,atp
359.0,Marc Polmans,29.3,1434.9,332.0,1399.8,331.0,1393.0,255.0,1455.2,1618.1,2019-10,375.0,-0.04,atp
360.0,Nicolas Kicker,33.9,1432.9,370.0,1369.3,303.0,1419.1,438.0,1365.9,1706.2,2018-05,329.0,0.09,atp
361.0,Jason Jung,37.0,1431.5,339.0,1394.9,370.0,1364.3,302.0,1431.6,1661.3,2018-03,910.0,-0.92,atp
362.0,Kenta Miyoshi,22.4,1430.3,318.0,1411.3,417.0,1325.1,338.0,1415.1,1512.8,2025-11,467.0,-0.25,atp
363.0,Ivan Gakhov,29.4,1430.2,351.0,1386.6,344.0,1384.3,394.0,1386.6,1659.6,2023-05,476.0,-0.27,atp
364.0,Jamie Mackenzie,,1429.4,414.0,1331.4,290.0,1429.1,420.0,1375.0,1500.0,2026-07,611.0,-0.52,atp
365.0,Andrej Nedic,21.8,1427.9,349.0,1388.6,309.0,1411.6,235.0,1464.0,1572.0,2026-06,257.0,0.35,atp
366.0,Daniel Masur,31.7,1427.6,346.0,1389.7,317.0,1404.0,347.0,1409.4,1621.9,2021-03,378.0,-0.03,atp
367.0,Matias Soto,27.3,1427.3,421.0,1325.6,304.0,1418.1,339.0,1413.7,1487.5,2026-04,261.0,0.34,atp
368.0,Yuta Shimizu,27.1,1426.9,335.0,1398.6,444.0,1299.5,329.0,1420.1,1590.8,2024-05,396.0,-0.07,atp
369.0,Aziz Dougaz,29.3,1426.1,313.0,1413.1,347.0,1383.1,434.0,1366.7,1555.3,2020-02,524.0,-0.35,atp
370.0,Andrea Collarini,34.3,1426.0,424.0,1322.1,311.0,1410.9,488.0,1333.4,1572.5,2019-09,380.0,-0.03,atp
371.0,Jay Clarke,28.0,1421.2,337.0,1397.5,355.0,1378.5,492.0,1327.4,1617.4,2018-07,242.0,0.43,atp
372.0,Edward Winter,21.9,1420.4,348.0,1389.2,422.0,1320.2,289.0,1437.7,1496.0,2026-06,344.0,0.08,atp
373.0,Juan Bautista Torres,24.3,1420.3,439.0,1312.2,322.0,1399.1,345.0,1410.1,1586.6,2022-07,262.0,0.35,atp
374.0,Duncan Chan,21.0,1419.2,361.0,1378.4,425.0,1319.6,346.0,1409.6,1467.2,2025-11,492.0,-0.27,atp
375.0,Ryan Peniston,30.7,1417.9,362.0,1378.2,392.0,1344.9,310.0,1428.4,1723.2,2022-06,455.0,-0.19,atp
376.0,Stefan Kozlov,28.5,1417.4,344.0,1389.9,334.0,1391.4,348.0,1408.5,1724.4,2022-02,297.0,0.24,atp
377.0,Paul Jubb,26.8,1417.1,353.0,1385.2,404.0,1333.7,279.0,1444.5,1632.1,2022-03,504.0,-0.29,atp
378.0,Miguel Damas,26.6,1416.6,401.0,1338.1,339.0,1387.7,349.0,1408.3,1466.4,2026-04,316.0,0.18,atp
379.0,Olle Wallin,24.7,1414.0,434.0,1314.7,310.0,1411.3,353.0,1407.0,1488.2,2025-07,414.0,-0.09,atp
380.0,Hernan Casanova,32.4,1413.7,479.0,1273.1,320.0,1400.3,416.0,1376.0,1474.0,2022-09,363.0,0.05,atp
381.0,Michele Ribecai,23.5,1413.4,336.0,1397.6,411.0,1328.3,355.0,1406.7,1437.5,2026-06,264.0,0.37,atp
382.0,Franco Agamenone,33.3,1412.9,420.0,1326.1,333.0,1391.8,484.0,1335.4,1707.6,2021-10,291.0,0.27,atp
383.0,Carlos Sanchez Jover,26.0,1412.7,473.0,1276.6,326.0,1394.9,356.0,1406.3,1440.5,2023-09,347.0,0.1,atp
384.0,Hady Habib,27.4,1411.6,375.0,1364.1,284.0,1435.4,304.0,1431.0,1624.9,2025-05,794.0,-0.73,atp
385.0,Justin Engel,18.6,1411.4,320.0,1410.5,426.0,1317.8,295.0,1434.8,1607.8,2025-11,315.0,0.2,atp
386.0,Andres Martin,25.1,1411.0,331.0,1400.3,395.0,1343.1,254.0,1455.5,1603.6,2022-07,314.0,0.21,atp
387.0,Henry Bernet,19.5,1409.6,408.0,1334.8,332.0,1391.8,357.0,1404.8,1537.6,2025-11,428.0,-0.1,atp
388.0,Blake Ellis,27.4,1409.3,354.0,1384.4,430.0,1314.6,358.0,1404.6,1501.3,2026-03,477.0,-0.21,atp
389.0,Tibo Colson,25.7,1408.7,390.0,1351.6,382.0,1352.5,359.0,1404.4,1422.6,2026-04,520.0,-0.29,atp
390.0,Filip Cristian Jianu,24.8,1407.9,431.0,1315.8,340.0,1387.6,454.0,1356.8,1578.5,2019-09,269.0,0.37,atp
391.0,Oriol Roca Batalla,33.2,1407.5,382.0,1358.7,345.0,1383.7,439.0,1364.9,1554.6,2024-06,346.0,0.12,atp
392.0,Daniel Michalski,26.5,1403.5,321.0,1410.1,372.0,1361.7,262.0,1451.8,1590.8,2020-02,302.0,0.26,atp
393.0,Khumoun Sultanov,27.7,1403.5,341.0,1393.4,463.0,1283.0,341.0,1412.4,1553.9,2025-02,,,atp
394.0,Nick Hardt,25.9,1403.3,360.0,1378.7,343.0,1385.4,360.0,1403.4,1619.6,2024-05,284.0,0.33,atp
395.0,Gabriele Piraino,22.7,1402.9,474.0,1276.4,329.0,1394.5,361.0,1401.4,1420.8,2026-08,372.0,0.06,atp
396.0,Tung Lin Wu,28.1,1402.5,365.0,1373.6,302.0,1419.3,449.0,1360.6,1605.0,2023-04,370.0,0.07,atp
397.0,Pedro Boscardin Dias,23.5,1402.5,506.0,1233.5,359.0,1374.7,405.0,1383.1,1532.2,2026-04,290.0,0.31,atp
398.0,Alexander Donski,28.0,1402.3,288.0,1435.4,418.0,1324.4,265.0,1451.1,1558.6,2021-09,523.0,-0.27,atp
399.0,Gonzalo Villanueva,31.5,1399.8,467.0,1285.5,342.0,1386.1,364.0,1399.9,1454.7,2022-05,321.0,0.22,atp
400.0,Facundo Mena,33.9,1399.7,435.0,1313.7,335.0,1391.2,442.0,1364.5,1616.9,2019-09,306.0,0.27,atp
401.0,Antoine Ghibaudo,21.5,1397.0,385.0,1356.3,341.0,1386.8,374.0,1394.5,1518.9,2025-09,356.0,0.12,atp
402.0,Max Basing,23.8,1396.7,416.0,1329.1,437.0,1308.4,209.0,1483.1,1535.7,2026-07,259.0,0.44,atp
403.0,Filippo Romano,21.0,1394.7,271.0,1451.5,431.0,1312.9,385.0,1390.4,1533.1,2026-06,319.0,0.23,atp
404.0,Milos Karol,23.5,1393.1,411.0,1333.2,369.0,1365.7,368.0,1396.6,1457.6,2025-10,526.0,-0.26,atp
405.0,Francesco Forti,27.0,1393.1,426.0,1320.9,364.0,1369.6,369.0,1396.6,1478.8,2019-07,367.0,0.1,atp
406.0,Sergey Fomin,25.5,1392.6,381.0,1360.2,357.0,1377.0,370.0,1396.3,1507.2,2026-04,295.0,0.32,atp
407.0,Marek Gengel,30.8,1392.0,371.0,1368.0,500.0,1244.1,456.0,1355.6,1505.8,2023-01,390.0,0.04,atp
408.0,Alex Martinez,25.3,1391.9,406.0,1335.5,324.0,1396.6,372.0,1395.9,1501.5,2024-07,376.0,0.08,atp
409.0,Yanki Erel,25.8,1390.1,357.0,1379.7,466.0,1281.3,411.0,1377.7,1467.9,2022-07,305.0,0.29,atp
410.0,Jonas Forejtek,25.2,1386.8,413.0,1332.9,371.0,1363.5,414.0,1376.4,1614.5,2022-05,389.0,0.05,atp
411.0,Rudolf Molleker,25.7,1385.9,398.0,1340.3,356.0,1377.2,448.0,1362.2,1712.9,2019-06,458.0,-0.11,atp
412.0,Eero Vasa,29.4,1385.2,402.0,1336.7,365.0,1369.4,283.0,1442.6,1415.6,2016-03,479.0,-0.15,atp
413.0,Samir Banerjee,22.1,1383.9,379.0,1361.0,441.0,1302.0,379.0,1392.0,1472.4,2025-09,534.0,-0.26,atp
414.0,Florent Bax,27.1,1382.4,372.0,1367.7,379.0,1354.1,429.0,1368.6,1474.2,2026-01,303.0,0.31,atp
415.0,Jie Cui,28.5,1380.2,384.0,1356.7,497.0,1248.0,386.0,1390.1,1491.5,2025-05,454.0,-0.09,atp
416.0,Ivan Marrero Curbelo,27.9,1380.1,409.0,1334.6,367.0,1366.6,387.0,1390.1,1407.0,2026-08,350.0,0.17,atp
417.0,Dan Added,27.3,1379.6,378.0,1363.0,482.0,1266.1,455.0,1355.7,1565.5,2025-11,281.0,0.39,atp
418.0,Akira Santillan,29.1,1378.5,383.0,1358.5,420.0,1322.8,466.0,1347.9,1658.6,2017-08,331.0,0.23,atp
419.0,Tom Paris,23.7,1377.4,386.0,1355.9,428.0,1316.7,390.0,1388.7,1497.2,2025-11,456.0,-0.08,atp
420.0,Andres Santamarta Roig,19.4,1377.0,460.0,1298.5,377.0,1355.0,391.0,1388.5,1477.7,2026-06,749.0,-0.58,atp
421.0,Alan Magadan,25.2,1375.4,388.0,1352.8,398.0,1338.1,393.0,1387.7,1403.1,2026-07,519.0,-0.21,atp
422.0,Philip Sekulic,22.8,1373.6,394.0,1346.1,484.0,1265.6,465.0,1348.7,1533.1,2024-07,353.0,0.18,atp
423.0,Petr Bar Biryukov,24.4,1372.8,364.0,1375.2,439.0,1304.5,469.0,1346.5,1488.1,2025-10,288.0,0.38,atp
424.0,Alexander Vasilev,19.2,1372.8,461.0,1296.4,412.0,1327.6,395.0,1386.4,1531.6,2026-03,623.0,-0.38,atp
425.0,Gilles Arnaud Bailly,20.8,1372.1,329.0,1405.1,403.0,1333.9,380.0,1392.0,1665.9,2026-01,244.0,0.55,atp
426.0,Alfredo Perez,28.4,1371.6,410.0,1333.4,352.0,1379.7,397.0,1385.8,1451.2,2025-10,747.0,-0.56,atp
427.0,James Trotter,26.9,1371.1,399.0,1339.6,401.0,1334.8,444.0,1363.3,1658.1,2025-01,464.0,-0.08,atp
428.0,Mert Alkaya,26.1,1369.9,392.0,1350.5,410.0,1329.4,382.0,1391.8,1499.5,2026-04,300.0,0.36,atp
429.0,Stefan Palosi,26.4,1368.3,462.0,1294.1,385.0,1351.1,401.0,1384.1,1405.5,2026-02,412.0,0.04,atp
430.0,Luis Guto Miguel,17.4,1368.2,405.0,1335.6,396.0,1340.2,402.0,1384.1,1402.3,2026-08,660.0,-0.43,atp
431.0,Dmitry Popko,29.6,1367.7,343.0,1390.9,427.0,1317.2,510.0,1314.1,1631.7,2020-01,652.0,-0.41,atp
432.0,Matteo Martineau,27.6,1367.7,373.0,1367.6,443.0,1299.8,437.0,1366.1,1624.5,2024-02,292.0,0.39,atp
433.0,Geoffrey Blancaneaux,28.0,1366.8,380.0,1360.6,376.0,1356.6,513.0,1311.4,1591.5,2023-05,361.0,0.18,atp
434.0,Alvaro Guillen Meza,23.6,1366.6,524.0,1196.5,378.0,1354.7,445.0,1363.3,1627.0,2025-11,285.0,0.42,atp
435.0,Luciano Emanuel Ambrogi,22.7,1366.2,505.0,1234.2,380.0,1353.9,406.0,1383.1,1436.0,2026-06,325.0,0.29,atp
436.0,Lucio Ratti,22.5,1362.5,464.0,1289.3,383.0,1351.9,407.0,1381.3,1406.9,2026-06,384.0,0.13,atp
437.0,Michael Geerts,31.6,1361.5,389.0,1352.5,429.0,1316.2,496.0,1324.4,1540.6,2023-03,326.0,0.29,atp
438.0,Justin Boulais,24.8,1358.5,415.0,1331.3,452.0,1289.3,409.0,1379.3,1416.6,2023-07,403.0,0.08,atp
439.0,Niels Mcdonald,18.5,1358.0,497.0,1250.3,390.0,1345.8,410.0,1379.0,1409.9,2026-07,494.0,-0.12,atp
440.0,Ognjen Milic,19.1,1356.0,367.0,1372.0,406.0,1333.0,312.0,1428.0,1513.8,2026-03,345.0,0.24,atp
441.0,Sebastian Gorzny,22.5,1353.3,417.0,1328.4,457.0,1286.7,412.0,1376.7,1416.1,2026-08,731.0,-0.51,atp
442.0,Alex Rybakov,29.5,1352.1,432.0,1315.8,434.0,1310.7,367.0,1397.2,1516.5,2022-07,478.0,-0.08,atp
443.0,Ioannis Xilas,25.1,1351.7,396.0,1343.8,388.0,1348.4,319.0,1425.8,1652.3,2025-08,425.0,0.04,atp
444.0,Thomas Faurel,20.5,1351.2,458.0,1299.6,421.0,1320.5,417.0,1375.6,1502.6,2026-06,351.0,0.24,atp
445.0,Pierluigi Basile,19.5,1350.9,508.0,1228.0,384.0,1351.2,418.0,1375.5,1426.9,2025-06,562.0,-0.23,atp
446.0,Tyler Zink,25.5,1344.4,427.0,1319.3,468.0,1280.3,452.0,1358.3,1473.9,2025-10,330.0,0.3,atp
447.0,Niels Visker,24.7,1343.5,391.0,1351.0,458.0,1286.7,467.0,1347.9,1420.6,2026-06,430.0,0.04,atp
448.0,Hiroki Moriya,35.7,1343.1,440.0,1311.0,496.0,1250.0,464.0,1348.8,1584.0,2012-12,518.0,-0.15,atp
449.0,Cannon Kingsley,24.9,1342.3,395.0,1344.5,487.0,1262.4,424.0,1371.1,1468.0,2023-09,470.0,-0.05,atp
450.0,Alastair Gray,28.1,1340.8,450.0,1304.3,467.0,1280.4,423.0,1371.9,1526.5,2024-01,287.0,0.45,atp
451.0,Sergio Callejon Hernando,21.7,1340.3,449.0,1304.4,432.0,1311.8,425.0,1370.1,1418.7,2026-03,485.0,-0.07,atp
452.0,Juan Pablo Ficovich,29.5,1339.7,422.0,1322.6,391.0,1345.7,493.0,1327.2,1597.4,2020-10,379.0,0.18,atp
453.0,Juan Cruz Martin Manzano,21.6,1339.7,470.0,1279.8,413.0,1327.6,426.0,1369.8,1409.8,2026-07,441.0,0.03,atp
454.0,Mae Malige,19.9,1336.9,446.0,1308.6,508.0,1229.1,430.0,1368.4,1435.8,2025-10,582.0,-0.25,atp
455.0,Maximus Jones,21.8,1336.7,444.0,1310.1,433.0,1310.8,431.0,1368.4,1524.4,2025-04,489.0,-0.07,atp
456.0,Oleg Prihodko,28.7,1334.8,366.0,1372.9,477.0,1273.1,432.0,1367.4,1514.0,2021-12,411.0,0.1,atp
457.0,Gabi Adrian Boitan,27.1,1334.8,456.0,1300.6,402.0,1334.0,336.0,1417.4,1488.6,2022-03,500.0,-0.09,atp
458.0,Gerard Campana Lee,21.8,1333.8,433.0,1314.9,449.0,1294.8,433.0,1366.9,1510.2,2023-07,541.0,-0.17,atp
459.0,Lui Maxted,22.7,1333.4,441.0,1310.7,471.0,1276.7,396.0,1386.3,1363.0,2026-08,,,atp
460.0,Alejo Sanchez Quilez,21.0,1333.3,437.0,1312.9,454.0,1288.4,435.0,1366.6,1390.8,2026-03,395.0,0.15,atp
461.0,Koki Matsuda,25.7,1332.3,442.0,1310.7,472.0,1276.2,436.0,1366.2,1392.0,2026-08,483.0,-0.05,atp
462.0,Corentin Denolly,28.8,1331.3,482.0,1271.4,450.0,1292.5,459.0,1352.3,1455.6,2025-03,440.0,0.05,atp
463.0,Semen Pankin,26.9,1329.8,428.0,1319.3,474.0,1274.9,440.0,1364.9,1417.6,2026-05,421.0,0.1,atp
464.0,Santiago Fa Rodriguez Taverna,26.9,1329.4,468.0,1285.5,424.0,1320.2,460.0,1351.5,1672.6,2022-01,434.0,0.07,atp
465.0,Conner Huertas Del Pino,30.5,1329.3,447.0,1307.1,435.0,1310.7,441.0,1364.6,1393.4,2026-06,632.0,-0.31,atp
466.0,Denis Yevseyev,33.2,1329.0,403.0,1336.7,445.0,1298.7,421.0,1374.4,1565.7,2024-01,444.0,0.05,atp
467.0,Federico Arnaboldi,25.9,1328.2,457.0,1300.0,453.0,1289.0,487.0,1333.6,1623.0,2024-08,521.0,-0.11,atp
468.0,Masamichi Imamura,27.7,1327.7,459.0,1299.0,475.0,1273.8,443.0,1363.8,1394.5,2024-11,398.0,0.16,atp
469.0,Karim Bennani,18.7,1326.7,393.0,1349.1,485.0,1263.3,446.0,1363.3,1522.8,2026-04,452.0,0.04,atp
470.0,Manas Dhamne,18.6,1326.6,438.0,1312.5,419.0,1323.1,340.0,1413.3,1534.7,2026-04,381.0,0.21,atp
471.0,Kaichi Uchida,31.8,1325.6,448.0,1305.8,462.0,1284.1,490.0,1331.4,1571.8,2023-02,277.0,0.53,atp
472.0,Garrett Johns,25.6,1323.2,452.0,1304.1,461.0,1284.6,450.0,1360.4,1534.5,2025-08,399.0,0.17,atp
473.0,Murkel Alejandro Dellien Velasco,28.9,1320.0,418.0,1327.9,436.0,1309.1,481.0,1338.9,1602.5,2022-01,377.0,0.23,atp
474.0,Valerio Aboian,24.1,1318.7,514.0,1219.2,438.0,1305.8,451.0,1359.3,1374.3,2026-06,431.0,0.1,atp
475.0,Viktor Durasovic,29.4,1317.4,429.0,1317.5,488.0,1261.9,523.0,1302.4,1494.2,2025-02,447.0,0.06,atp
476.0,Jelle Sels,30.8,1312.5,412.0,1333.0,464.0,1282.7,544.0,1252.5,1640.8,2022-11,546.0,-0.14,atp
477.0,Robin Bertrand,23.3,1309.8,443.0,1310.2,514.0,1216.1,457.0,1354.9,1540.9,2024-07,409.0,0.15,atp
478.0,Olukayode Alafia Damina Ayeni,26.8,1308.0,455.0,1302.1,517.0,1212.6,514.0,1310.3,1374.8,2022-10,457.0,0.04,atp
479.0,Neil Oberleitner,27.0,1307.7,478.0,1273.3,483.0,1265.9,458.0,1353.9,1378.0,2024-07,650.0,-0.31,atp
480.0,Daniel Dutra Da Silva,37.9,1307.0,507.0,1232.2,465.0,1282.2,480.0,1339.6,1519.5,2009-02,463.0,0.04,atp
481.0,Sasi Kumar Mukund,29.3,1305.7,469.0,1281.1,505.0,1241.0,506.0,1316.2,1498.8,2019-02,612.0,-0.24,atp
482.0,Miguel Tobon,20.1,1304.4,472.0,1277.4,446.0,1297.0,447.0,1363.1,1600.3,1995-09,472.0,0.02,atp
483.0,Tai Sach,23.8,1302.6,476.0,1274.7,489.0,1261.3,461.0,1351.3,1436.6,2026-02,516.0,-0.07,atp
484.0,Oleksii Krutykh,26.4,1302.1,453.0,1302.5,448.0,1296.1,502.0,1318.7,1654.2,2023-01,448.0,0.08,atp
485.0,Dan Martin,27.2,1301.7,486.0,1259.9,481.0,1269.0,497.0,1323.0,1374.1,2025-11,620.0,-0.25,atp
486.0,Luca Potenza,26.0,1299.9,477.0,1273.4,473.0,1276.0,463.0,1349.9,1470.3,2022-06,488.0,0.0,atp
487.0,Omar Jasika,28.9,1295.9,481.0,1271.9,499.0,1244.9,546.0,1242.5,1669.1,2017-02,408.0,0.18,atp
488.0,Robert Strombachs,26.6,1294.4,466.0,1287.2,492.0,1255.8,468.0,1347.2,1479.9,2025-05,415.0,0.16,atp
489.0,Carl Emil Overbeck,24.6,1292.9,483.0,1271.2,491.0,1256.5,470.0,1346.5,1413.1,2025-11,296.0,0.5,atp
490.0,Eduardo Ribeiro,28.4,1292.7,511.0,1224.8,469.0,1280.3,471.0,1346.3,1463.2,2026-03,373.0,0.27,atp
491.0,Svyatoslav Gulin,23.7,1292.6,496.0,1250.8,470.0,1277.9,472.0,1346.3,1402.2,2023-11,592.0,-0.19,atp
492.0,Maxime Janvier,29.6,1291.8,471.0,1278.9,490.0,1258.1,509.0,1314.8,1601.5,2019-09,572.0,-0.15,atp
493.0,Samuele Pieri,24.4,1290.8,492.0,1255.4,479.0,1270.3,473.0,1345.4,1322.8,2026-08,402.0,0.2,atp
494.0,Tsung Hao Huang,26.6,1289.7,484.0,1270.1,501.0,1243.3,475.0,1344.9,1406.7,2023-10,628.0,-0.24,atp
495.0,Maxime Chazal,33.1,1287.7,503.0,1237.5,493.0,1253.5,476.0,1343.8,1382.8,2015-09,429.0,0.14,atp
496.0,Alexandr Binda,24.8,1286.5,500.0,1242.0,440.0,1302.1,477.0,1343.3,1450.9,2025-07,552.0,-0.11,atp
497.0,Johan Nikles,29.3,1285.2,490.0,1256.3,480.0,1270.3,478.0,1342.6,1535.7,2022-06,424.0,0.16,atp
498.0,Kasidit Samrej,25.5,1285.1,488.0,1258.5,375.0,1356.7,378.0,1392.5,1424.3,2019-04,486.0,0.02,atp
499.0,Blaise Bicknell,24.7,1283.8,491.0,1256.1,478.0,1272.7,381.0,1391.9,1587.2,2024-02,391.0,0.24,atp
500.0,Juan Estevez,20.9,1281.8,495.0,1250.9,476.0,1273.7,479.0,1340.9,1350.7,2026-06,357.0,0.34,atp
501.0,Joaquin Aguilar Cardozo,21.2,1281.4,454.0,1302.5,460.0,1284.6,384.0,1390.7,1554.4,2023-09,,,atp
502.0,Tiago Pereira,22.1,1277.9,487.0,1258.7,502.0,1243.3,520.0,1305.1,1406.9,2025-08,355.0,0.35,atp
503.0,Karl Poling,27.0,1270.6,480.0,1272.9,523.0,1194.8,527.0,1293.6,1328.1,2026-06,459.0,0.09,atp
504.0,Pietro Fellin,25.0,1268.1,494.0,1252.3,516.0,1213.4,485.0,1334.1,1419.7,2026-02,588.0,-0.15,atp
505.0,Yusuke Takahashi,28.6,1267.7,499.0,1243.3,486.0,1262.5,486.0,1333.9,1451.5,2018-01,691.0,-0.31,atp
506.0,Max Wiskandt,24.3,1262.7,509.0,1226.1,494.0,1253.1,521.0,1304.1,1454.0,2025-04,387.0,0.27,atp
507.0,Saba Purtseladze,24.9,1257.8,489.0,1258.1,526.0,1188.4,517.0,1307.0,1466.8,2025-05,578.0,-0.13,atp
508.0,Arda Azkara,23.3,1257.2,502.0,1238.1,506.0,1238.6,511.0,1312.2,1352.0,2026-06,823.0,-0.48,atp
509.0,Bor Artnak,21.9,1253.3,501.0,1241.0,451.0,1290.2,413.0,1376.7,1587.4,2022-09,505.0,0.01,atp
510.0,Patrick Zahraj,27.1,1250.9,485.0,1266.7,525.0,1188.9,501.0,1320.7,1596.7,2025-03,416.0,0.2,atp
511.0,Ryan Nijboer,27.0,1250.5,520.0,1212.1,504.0,1241.2,494.0,1325.2,1353.7,2024-05,532.0,-0.04,atp
512.0,Juan Alejandro Hernandez Serrano,27.1,1250.0,498.0,1243.6,519.0,1205.5,495.0,1325.0,1315.8,2026-04,471.0,0.08,atp
513.0,Pedro Sakamoto,32.9,1244.8,504.0,1236.2,509.0,1228.9,498.0,1322.4,1495.6,2019-05,507.0,0.01,atp
514.0,Mateus Alves,25.2,1244.5,540.0,1146.2,498.0,1246.9,499.0,1322.3,1422.1,2024-11,418.0,0.21,atp
515.0,San Hui Sin,29.3,1241.9,513.0,1220.2,507.0,1231.0,500.0,1321.0,1314.1,2025-08,528.0,-0.02,atp
516.0,Andrew Fenty,26.4,1237.4,521.0,1209.5,513.0,1216.9,503.0,1318.7,1297.0,2026-01,397.0,0.26,atp
517.0,Raphael Perot,25.1,1236.2,517.0,1215.1,511.0,1218.6,504.0,1318.1,1293.7,2026-06,338.0,0.42,atp
518.0,Christian Langmo,30.2,1234.4,516.0,1215.7,545.0,1124.7,505.0,1317.2,1411.8,2023-04,473.0,0.09,atp
519.0,Aryan Shah,20.6,1231.9,512.0,1224.1,510.0,1224.4,507.0,1315.9,1524.6,2025-07,930.0,-0.58,atp
520.0,Constantin Bittoun Kouzmine,27.6,1230.2,518.0,1213.1,530.0,1182.8,508.0,1315.1,1296.0,2026-07,433.0,0.18,atp
521.0,Renta Tokuda,28.0,1223.7,523.0,1196.6,533.0,1173.1,512.0,1311.8,1380.8,2018-05,484.0,0.07,atp
522.0,Dominik Palan,25.8,1220.3,522.0,1201.6,522.0,1198.3,515.0,1310.1,1441.5,2023-07,506.0,0.03,atp
523.0,Filip Peliwo,32.5,1217.1,526.0,1192.8,503.0,1243.3,537.0,1272.4,1570.6,2014-04,560.0,-0.07,atp
524.0,Carlo Alberto Caniato,20.7,1216.6,525.0,1196.2,518.0,1209.0,516.0,1308.3,1451.2,2025-09,,,atp
525.0,Ivan Ivanov,17.8,1215.7,515.0,1217.2,547.0,1120.1,522.0,1303.7,1229.2,2026-08,530.0,-0.01,atp
526.0,Vadym Ursu,29.6,1212.3,527.0,1191.4,538.0,1162.3,532.0,1285.1,1281.3,2025-11,407.0,0.26,atp
527.0,Tomasz Berkieta,20.0,1211.6,510.0,1225.4,536.0,1167.5,518.0,1305.8,1302.8,2025-11,641.0,-0.2,atp
528.0,Moerani Bouzige,26.7,1210.6,529.0,1179.6,515.0,1215.3,519.0,1305.3,1416.7,2024-12,460.0,0.14,atp
529.0,Joao Eduardo Schiessl,21.7,1201.5,533.0,1173.9,520.0,1203.0,524.0,1300.7,1394.0,2025-10,529.0,0.0,atp
530.0,Carlos Maria Zarate,,1199.9,519.0,1212.2,527.0,1187.0,525.0,1300.0,1301.9,2025-10,385.0,0.32,atp
531.0,Lorenzo Joaquin Rodriguez,26.7,1193.3,535.0,1172.8,529.0,1184.1,526.0,1296.7,1362.4,2024-04,515.0,0.03,atp
532.0,Luca Castelnuovo,29.4,1185.0,537.0,1161.9,537.0,1167.0,535.0,1282.5,1285.6,2026-02,461.0,0.14,atp
533.0,Kokoro Isomura,23.5,1181.8,538.0,1152.7,521.0,1200.9,528.0,1290.9,1428.8,2024-11,539.0,-0.01,atp
534.0,Ryan Dickerson,29.0,1180.8,534.0,1173.8,528.0,1186.9,529.0,1290.4,1234.9,2026-05,706.0,-0.28,atp
535.0,Juan Sebastian Gomez,34.3,1180.6,528.0,1181.2,535.0,1168.0,530.0,1290.3,1319.2,2017-09,610.0,-0.13,atp
536.0,Sidharth Rawat,33.3,1179.8,539.0,1149.7,524.0,1189.9,531.0,1289.9,1314.7,2022-02,569.0,-0.06,atp
537.0,Paulo Andre Saraiva Dos Santos,26.1,1167.1,531.0,1175.3,539.0,1150.3,534.0,1283.6,1327.3,2026-03,468.0,0.14,atp
538.0,Sebastian Gima,24.1,1167.1,543.0,1137.2,534.0,1170.1,533.0,1283.6,1251.0,2025-08,589.0,-0.09,atp
539.0,Lorenzo Carboni,20.4,1142.4,547.0,1114.3,541.0,1140.1,538.0,1271.2,1325.2,2023-08,482.0,0.11,atp
540.0,Mitsuki Wei Kang Leong,21.9,1141.8,542.0,1141.0,531.0,1180.9,547.0,1235.5,1291.1,2024-09,551.0,-0.02,atp
541.0,Samuel Heredia,20.0,1141.1,536.0,1166.2,542.0,1136.0,539.0,1270.6,1192.9,2024-06,649.0,-0.18,atp
542.0,Nicolas Villalon,22.3,1135.4,530.0,1177.7,544.0,1127.6,540.0,1267.7,1217.7,2026-04,699.0,-0.25,atp
543.0,Takuya Kumasaka,27.8,1130.2,546.0,1115.3,532.0,1175.1,541.0,1265.1,1217.1,2025-10,548.0,-0.01,atp
544.0,Bruno Fernandez,21.9,1130.0,532.0,1175.0,548.0,1117.3,542.0,1265.0,1363.7,2026-02,648.0,-0.17,atp
545.0,Tristan Mccormick,27.2,1125.6,545.0,1118.6,546.0,1124.5,550.0,1232.3,1286.0,2023-06,709.0,-0.26,atp
546.0,Karan Singh,23.0,1114.9,549.0,1073.1,512.0,1218.2,543.0,1257.4,1339.8,2025-02,604.0,-0.1,atp
547.0,Jake Delaney,28.9,1103.0,548.0,1088.3,543.0,1131.7,545.0,1251.5,1252.3,2025-11,365.0,0.4,atp
548.0,Digvijaypratap Singh,26.1,1069.7,551.0,1047.5,540.0,1146.1,548.0,1234.9,1193.8,2023-09,557.0,-0.02,atp
549.0,Santiago De La Fuente,24.3,1066.2,541.0,1143.1,550.0,1063.0,549.0,1233.1,1198.3,2022-04,698.0,-0.24,atp
550.0,Aziz Ouakaa,27.0,1050.2,550.0,1066.0,549.0,1094.3,536.0,1275.1,1480.4,2021-11,533.0,0.03,atp
551.0,Maximo Zeitune,19.2,1043.6,544.0,1131.8,551.0,1032.8,551.0,1221.8,1229.7,2026-01,642.0,-0.15,atp
1.0,Aryna Sabalenka,28.2,2180.9,1.0,2164.7,1.0,2083.6,1.0,1969.4,2271.7,2026-04,1.0,0.0,wta
2.0,Coco Gauff,22.4,2126.9,3.0,2086.8,2.0,2046.2,5.0,1893.6,2155.7,2024-01,4.0,-0.69,wta
3.0,Elena Rybakina,27.1,2125.7,2.0,2112.2,5.0,2003.2,6.0,1885.5,2199.5,2026-04,2.0,0.41,wta
4.0,Iga Swiatek,25.2,2111.9,4.0,2077.3,3.0,2032.1,2.0,1930.4,2291.0,2024-07,8.0,-0.69,wta
5.0,Jessica Pegula,32.4,2103.9,5.0,2063.9,8.0,1945.0,4.0,1920.1,2116.1,2026-04,3.0,0.51,wta
6.0,Marta Kostyuk,24.1,2068.6,7.0,1982.9,6.0,1998.1,11.0,1828.1,2079.2,2026-08,11.0,-0.61,wta
7.0,Elina Svitolina,31.9,2058.4,6.0,1996.1,7.0,1988.8,9.0,1836.7,2120.6,2018-05,9.0,-0.25,wta
8.0,Mirra Andreeva,19.2,2035.2,8.0,1962.2,4.0,2015.0,17.0,1787.2,2159.2,2025-03,5.0,0.47,wta
9.0,Linda Noskova,21.7,2026.8,11.0,1930.0,15.0,1837.3,3.0,1929.4,2054.3,2026-06,6.0,0.41,wta
10.0,Naomi Osaka,28.7,2012.2,10.0,1943.4,9.0,1898.5,10.0,1835.1,2193.3,2021-03,13.0,-0.26,wta
11.0,Belinda Bencic,29.4,1996.3,9.0,1955.3,14.0,1852.1,13.0,1807.6,2100.0,2015-09,12.0,-0.09,wta
12.0,Alexandra Eala,21.2,1975.7,13.0,1915.9,57.0,1717.4,7.0,1846.1,1997.1,2026-08,18.0,-0.41,wta
13.0,Madison Keys,31.4,1974.8,15.0,1910.0,10.0,1887.7,8.0,1841.2,2090.1,2016-08,24.0,-0.61,wta
14.0,Karolina Muchova,29.8,1964.4,12.0,1920.7,25.0,1779.1,14.0,1791.8,2103.5,2026-06,7.0,0.69,wta
15.0,Sorana Cirstea,36.3,1951.7,16.0,1908.6,13.0,1853.3,37.0,1700.5,1972.4,2026-05,17.0,-0.13,wta
16.0,Amanda Anisimova,24.9,1950.5,14.0,1913.2,32.0,1769.8,16.0,1788.6,2086.9,2025-11,10.0,0.47,wta
17.0,Diana Shnaider,22.3,1939.7,17.0,1892.0,11.0,1865.2,32.0,1723.8,1976.1,2024-08,16.0,0.06,wta
18.0,Anna Kalinskaya,27.6,1912.1,20.0,1867.2,17.0,1806.9,27.0,1736.5,1948.6,2024-04,23.0,-0.25,wta
19.0,Elise Mertens,30.7,1909.0,21.0,1846.0,16.0,1818.4,18.0,1783.0,2042.7,2021-04,20.0,-0.05,wta
20.0,Iva Jovic,18.6,1907.1,23.0,1835.8,23.0,1793.5,12.0,1814.5,1951.1,2026-02,14.0,0.36,wta
21.0,Victoria Mboko,19.7,1890.9,18.0,1891.3,41.0,1741.1,57.0,1649.1,2093.8,2026-03,15.0,0.34,wta
22.0,Barbora Krejcikova,30.6,1890.0,22.0,1836.8,52.0,1726.2,15.0,1789.2,2054.4,2021-08,29.0,-0.28,wta
23.0,Marie Bouzkova,28.0,1879.5,28.0,1810.0,18.0,1803.2,19.0,1766.3,1958.3,2022-10,26.0,-0.12,wta
24.0,Sara Bejlek,20.5,1878.0,19.0,1871.4,26.0,1775.0,113.0,1566.6,1884.4,2026-08,30.0,-0.22,wta
25.0,Sonay Kartal,24.3,1874.0,24.0,1832.6,120.0,1602.3,30.0,1731.6,1879.9,2026-03,124.0,-1.6,wta
26.0,Anastasia Potapova,25.3,1867.3,40.0,1778.5,12.0,1863.0,53.0,1655.8,1944.4,2026-05,25.0,0.04,wta
27.0,Karolina Pliskova,34.3,1862.9,31.0,1800.6,19.0,1802.6,22.0,1753.5,2089.1,2020-01,57.0,-0.75,wta
28.0,Emma Navarro,25.2,1856.9,51.0,1760.2,24.0,1789.6,21.0,1760.3,2002.7,2024-08,27.0,0.04,wta
29.0,Caty Mcnally,24.7,1845.1,47.0,1765.5,36.0,1760.6,31.0,1724.6,1855.6,2026-08,65.0,-0.81,wta
30.0,Taylor Townsend,30.3,1844.7,26.0,1817.5,43.0,1740.7,71.0,1625.2,1850.4,2026-05,96.0,-1.16,wta
31.0,Ekaterina Alexandrova,31.7,1844.7,30.0,1801.9,46.0,1736.9,25.0,1740.8,1977.2,2020-02,19.0,0.49,wta
32.0,Hailey Baptiste,24.5,1843.9,38.0,1780.5,30.0,1770.5,69.0,1631.6,1860.4,2026-05,37.0,-0.15,wta
33.0,Maria Sakkari,31.0,1843.8,25.0,1822.2,31.0,1770.1,50.0,1666.2,2067.5,2022-03,35.0,-0.06,wta
34.0,Liudmila Samsonova,27.7,1841.2,33.0,1792.4,38.0,1751.1,28.0,1734.5,1984.3,2023-10,47.0,-0.32,wta
35.0,Jelena Ostapenko,29.1,1837.5,45.0,1772.5,21.0,1799.5,20.0,1761.5,2029.5,2017-10,32.0,0.09,wta
36.0,Emma Raducanu,23.5,1834.0,44.0,1772.9,51.0,1726.8,24.0,1742.6,1998.0,2021-08,70.0,-0.66,wta
37.0,Katerina Siniakova,30.2,1833.4,34.0,1792.1,60.0,1715.8,34.0,1719.0,1950.5,2017-01,42.0,-0.13,wta
38.0,Nikola Bartunkova,20.4,1833.3,41.0,1778.2,64.0,1708.5,35.0,1716.6,1846.8,2026-08,34.0,0.11,wta
39.0,Alina Korneeva,19.1,1832.1,27.0,1810.3,86.0,1671.4,66.0,1635.6,1832.1,2026-08,69.0,-0.57,wta
40.0,Qinwen Zheng,23.8,1829.0,29.0,1807.6,20.0,1799.8,83.0,1603.0,2098.3,2024-11,121.0,-1.11,wta
41.0,Elena Gabriela Ruse,28.7,1826.7,58.0,1748.7,53.0,1724.6,26.0,1737.6,1855.8,2026-06,64.0,-0.45,wta
42.0,Paula Badosa,28.6,1825.0,46.0,1770.4,29.0,1772.1,51.0,1662.3,2078.1,2022-01,87.0,-0.73,wta
43.0,Jaqueline Cristian,28.0,1824.5,32.0,1798.4,40.0,1741.4,143.0,1521.6,1855.2,2026-05,44.0,-0.02,wta
44.0,Jasmine Paolini,30.4,1823.6,39.0,1779.2,34.0,1762.9,41.0,1692.8,2058.1,2025-10,21.0,0.74,wta
45.0,Kristina Liutova,16.4,1823.5,36.0,1783.4,76.0,1686.2,98.0,1586.7,1823.5,2026-07,125.0,-1.02,wta
46.0,Diane Parry,23.9,1820.1,55.0,1751.0,54.0,1723.5,42.0,1689.7,1820.1,2026-08,31.0,0.39,wta
47.0,Olga Danilovic,25.0,1819.1,63.0,1739.8,22.0,1796.1,63.0,1639.9,1883.7,2025-05,311.0,-1.89,wta
48.0,Daria Snigur,24.3,1817.6,43.0,1773.9,98.0,1642.6,44.0,1681.0,1831.3,2026-07,45.0,0.06,wta
49.0,Katie Volynets,24.6,1815.2,42.0,1774.2,50.0,1729.8,39.0,1697.5,1828.5,2024-06,78.0,-0.46,wta
50.0,Tereza Valentova,19.5,1810.9,35.0,1784.3,37.0,1759.6,68.0,1632.7,1939.6,2026-02,50.0,0.0,wta
51.0,Varvara Gracheva,25.6,1809.9,50.0,1763.2,66.0,1701.4,61.0,1641.3,1840.6,2026-02,148.0,-1.07,wta
52.0,Leylah Fernandez,23.9,1802.7,37.0,1783.2,68.0,1700.6,62.0,1640.3,1977.3,2022-03,33.0,0.45,wta
53.0,Ashlyn Krueger,22.2,1800.0,77.0,1710.1,80.0,1682.5,23.0,1752.0,1896.7,2025-02,60.0,-0.12,wta
54.0,Clara Tauson,23.6,1793.8,48.0,1764.0,74.0,1688.7,70.0,1626.5,1949.0,2025-07,38.0,0.35,wta
55.0,Xiyu Wang,25.4,1793.2,56.0,1750.5,42.0,1740.9,92.0,1592.9,1803.0,2024-02,80.0,-0.37,wta
56.0,Daria Kasatkina,29.2,1792.4,54.0,1751.1,33.0,1768.1,47.0,1668.0,2036.5,2018-03,61.0,-0.09,wta
57.0,Ann Li,26.1,1791.7,61.0,1741.8,47.0,1735.8,100.0,1579.9,1894.4,2021-03,28.0,0.71,wta
58.0,Katie Boulter,30.0,1790.4,53.0,1755.7,83.0,1675.1,40.0,1696.2,1894.3,2024-03,62.0,-0.07,wta
59.0,Magda Linette,34.4,1790.2,65.0,1737.4,39.0,1744.7,64.0,1639.0,1866.6,2023-02,82.0,-0.33,wta
60.0,Anhelina Kalinina,29.5,1786.4,75.0,1714.9,28.0,1772.8,73.0,1622.9,1890.8,2022-06,51.0,0.16,wta
61.0,Elisabetta Cocciaretto,25.5,1779.0,57.0,1749.4,69.0,1699.6,54.0,1654.1,1858.1,2026-04,67.0,-0.09,wta
62.0,Mccartney Kessler,27.0,1777.9,60.0,1744.0,91.0,1658.3,46.0,1674.0,1933.3,2025-03,66.0,-0.06,wta
63.0,Maja Chwalinska,24.8,1777.6,83.0,1696.0,27.0,1773.0,119.0,1559.3,1833.2,2026-05,22.0,1.05,wta
64.0,Zeynep Sonmez,24.2,1777.5,73.0,1717.0,92.0,1657.8,49.0,1667.0,1814.8,2026-06,53.0,0.19,wta
65.0,Xin Yu Wang,24.8,1777.4,67.0,1732.0,99.0,1642.0,36.0,1701.0,1853.9,2025-08,43.0,0.41,wta
66.0,Anastasia Pavlyuchenkova,34.8,1774.6,62.0,1741.6,72.0,1692.1,45.0,1678.7,2058.1,2011-05,445.0,-1.91,wta
67.0,Mayar Sherif,30.2,1773.0,180.0,1541.2,35.0,1761.4,140.0,1527.6,1863.6,2023-06,52.0,0.25,wta
68.0,Viktorija Golubic,33.8,1772.6,70.0,1723.4,88.0,1666.0,48.0,1667.1,1836.2,2021-07,56.0,0.19,wta
69.0,Camila Osorio,24.6,1772.5,64.0,1739.1,62.0,1713.5,81.0,1604.4,1852.0,2023-06,59.0,0.16,wta
70.0,Donna Vekic,30.1,1768.3,82.0,1699.4,48.0,1734.3,38.0,1699.3,1947.0,2019-08,39.0,0.58,wta
71.0,Peyton Stearns,24.8,1766.4,69.0,1723.6,45.0,1737.1,138.0,1533.1,1925.1,2025-05,55.0,0.26,wta
72.0,Lilli Tagger,18.5,1765.0,52.0,1759.6,107.0,1632.4,151.0,1514.3,1845.8,2026-04,49.0,0.38,wta
73.0,Yulia Putintseva,31.6,1764.0,71.0,1722.5,55.0,1722.9,78.0,1613.8,1933.4,2025-01,84.0,-0.14,wta
74.0,Laura Siegemund,38.3,1762.3,76.0,1710.2,75.0,1688.5,74.0,1620.8,1917.6,2016-08,102.0,-0.32,wta
75.0,Mananchaya Sawangkaew,24.1,1760.8,79.0,1707.7,141.0,1583.2,43.0,1688.8,1786.7,2026-07,94.0,-0.23,wta
76.0,Dayana Yastremska,26.2,1757.7,81.0,1700.8,61.0,1713.9,58.0,1647.4,1978.4,2019-02,113.0,-0.4,wta
77.0,Magdalena Frech,28.6,1757.2,66.0,1734.1,89.0,1663.7,115.0,1563.9,1846.4,2024-10,41.0,0.63,wta
78.0,Robin Montgomery,21.9,1756.4,102.0,1659.2,115.0,1614.4,29.0,1732.6,1779.9,2024-07,187.0,-0.87,wta
79.0,Oleksandra Oliynykova,25.6,1754.8,149.0,1590.6,49.0,1729.9,155.0,1502.8,1825.0,2026-05,46.0,0.54,wta
80.0,Maria Timofeeva,22.7,1752.8,90.0,1675.4,58.0,1716.5,105.0,1575.0,1752.8,2026-08,86.0,-0.07,wta
81.0,Hanne Vandewinkel,22.2,1744.7,49.0,1763.5,139.0,1585.9,128.0,1542.3,1801.0,2026-04,81.0,0.0,wta
82.0,Darja Vidmanova,23.6,1740.5,72.0,1719.0,152.0,1562.0,82.0,1603.1,1755.1,2026-08,75.0,0.09,wta
83.0,Sinja Kraus,24.3,1738.5,116.0,1642.0,59.0,1716.1,121.0,1554.9,1776.1,2026-08,90.0,-0.08,wta
84.0,Lanlana Tararudee,22.1,1738.2,68.0,1729.0,158.0,1557.4,111.0,1569.2,1788.7,2026-03,76.0,0.1,wta
85.0,Anna Bondar,29.2,1738.0,101.0,1661.8,44.0,1740.1,167.0,1489.0,1786.6,2022-05,73.0,0.15,wta
86.0,Eva Lys,24.5,1737.9,80.0,1707.5,93.0,1655.4,106.0,1574.4,1896.2,2025-10,98.0,-0.13,wta
87.0,Tatjana Maria,39.0,1734.6,125.0,1631.7,121.0,1601.4,33.0,1723.6,1804.5,2009-08,83.0,0.05,wta
88.0,Jessica Bouzas Maneiro,23.9,1732.2,98.0,1663.5,78.0,1682.6,56.0,1651.9,1857.3,2025-08,105.0,-0.18,wta
89.0,Anastasia Zakharova,24.5,1730.7,78.0,1709.5,136.0,1589.4,77.0,1614.3,1777.1,2026-08,101.0,-0.13,wta
90.0,Talia Gibson,22.1,1730.0,59.0,1744.2,163.0,1551.7,112.0,1567.0,1862.6,2026-03,63.0,0.36,wta
91.0,Ajla Tomljanovic,33.1,1729.9,74.0,1715.1,111.0,1622.1,52.0,1658.1,1907.7,2022-08,103.0,-0.12,wta
92.0,Solana Sierra,22.1,1724.1,143.0,1598.7,56.0,1718.8,88.0,1597.9,1796.8,2026-06,91.0,0.01,wta
93.0,Yuliia Starodubtseva,26.5,1722.7,105.0,1652.1,67.0,1701.0,117.0,1562.6,1834.9,2024-10,58.0,0.47,wta
94.0,Shuai Zhang,37.5,1722.5,84.0,1692.5,126.0,1600.0,72.0,1623.8,1873.3,2018-01,54.0,0.55,wta
95.0,Anastasija Sevastova,35.7,1718.5,96.0,1664.3,71.0,1695.0,75.0,1619.5,1998.3,2018-10,597.0,-1.84,wta
96.0,Kamilla Rakhimova,24.9,1713.8,87.0,1683.9,112.0,1619.7,87.0,1599.2,1753.6,2025-08,92.0,0.04,wta
97.0,Alina Charaeva,24.2,1710.6,131.0,1618.0,82.0,1675.7,97.0,1588.3,1733.7,2026-05,108.0,-0.11,wta
98.0,Francesca Jones,25.8,1706.9,128.0,1625.0,65.0,1706.3,184.0,1477.1,1798.6,2025-09,104.0,-0.06,wta
99.0,Marina Stakusic,21.3,1706.7,93.0,1672.1,155.0,1558.8,93.0,1592.9,1794.3,2024-02,140.0,-0.35,wta
100.0,Claire Liu,26.2,1706.1,106.0,1650.4,104.0,1636.4,84.0,1602.4,1814.6,2022-05,111.0,-0.1,wta
101.0,Sofia Kenin,27.7,1705.8,97.0,1664.2,90.0,1661.0,101.0,1579.9,2057.0,2020-02,110.0,-0.09,wta
102.0,Lois Boisson,23.2,1705.7,160.0,1568.6,79.0,1682.6,174.0,1482.6,1855.3,2025-07,237.0,-0.84,wta
103.0,Rebeka Masarova,26.9,1705.3,123.0,1633.2,81.0,1675.8,59.0,1643.6,1817.5,2023-04,180.0,-0.56,wta
104.0,Aliaksandra Sasnovich,32.3,1705.0,94.0,1672.0,97.0,1644.1,86.0,1599.4,1944.3,2019-01,136.0,-0.27,wta
105.0,Kaitlin Quevedo,20.5,1703.9,137.0,1605.8,73.0,1691.9,141.0,1526.7,1779.4,2026-06,107.0,-0.02,wta
106.0,Kimberly Birrell,28.3,1703.2,86.0,1691.4,192.0,1510.9,109.0,1570.0,1829.9,2026-03,71.0,0.4,wta
107.0,Antonia Ruzic,23.5,1702.8,95.0,1670.1,119.0,1602.8,96.0,1589.7,1797.5,2026-03,85.0,0.23,wta
108.0,Bianca Andreescu,26.1,1702.7,92.0,1674.4,110.0,1623.7,76.0,1614.5,2157.5,2019-09,183.0,-0.53,wta
109.0,Tamara Korpatsch,31.2,1701.3,129.0,1619.4,70.0,1695.4,213.0,1453.2,1717.5,2022-10,48.0,0.82,wta
110.0,Elina Avanesyan,23.8,1701.2,114.0,1643.4,84.0,1675.1,94.0,1591.5,1835.3,2024-08,159.0,-0.37,wta
111.0,Cristina Bucsa,28.6,1700.8,89.0,1677.0,161.0,1552.1,99.0,1583.2,1794.9,2026-03,40.0,1.02,wta
112.0,Polina Kudermetova,23.1,1699.6,110.0,1649.1,106.0,1635.5,79.0,1608.8,1770.3,2024-12,97.0,0.14,wta
113.0,Sloane Stephens,33.4,1699.2,113.0,1645.0,85.0,1672.7,90.0,1597.4,2028.2,2017-08,209.0,-0.61,wta
114.0,Tyra Caterina Grant,18.3,1699.1,166.0,1557.9,102.0,1640.7,65.0,1637.4,1733.9,2026-06,149.0,-0.27,wta
115.0,Janice Tjen,24.2,1697.3,85.0,1692.2,144.0,1580.0,114.0,1564.8,1897.7,2025-10,36.0,1.16,wta
116.0,Kaja Juvan,25.5,1696.2,120.0,1637.2,77.0,1684.7,60.0,1641.5,1825.6,2022-05,168.0,-0.37,wta
117.0,Vera Zvonareva,41.8,1695.4,99.0,1662.7,114.0,1615.1,67.0,1633.4,2185.6,2009-03,292.0,-0.91,wta
118.0,Greet Minnen,28.9,1694.6,118.0,1637.8,133.0,1594.1,55.0,1652.4,1795.8,2020-02,176.0,-0.4,wta
119.0,Panna Udvardy,27.9,1693.8,135.0,1608.6,96.0,1647.4,118.0,1560.1,1704.6,2023-01,68.0,0.56,wta
120.0,Maya Joint,20.3,1690.4,100.0,1662.2,109.0,1627.1,95.0,1590.5,1889.3,2025-09,72.0,0.51,wta
121.0,Jil Teichmann,28.9,1689.1,124.0,1632.1,94.0,1653.9,175.0,1482.6,1922.9,2022-05,175.0,-0.37,wta
122.0,Anna Blinkova,27.9,1688.4,109.0,1650.1,124.0,1600.7,91.0,1593.5,1830.2,2019-10,95.0,0.25,wta
123.0,Laura Samson,18.3,1686.3,194.0,1527.4,63.0,1709.1,157.0,1500.8,1717.2,2026-06,116.0,0.06,wta
124.0,Petra Marcinko,20.7,1683.5,148.0,1591.9,87.0,1666.6,123.0,1549.5,1759.7,2026-01,77.0,0.48,wta
125.0,Carol Young Suh Lee,24.6,1682.9,88.0,1680.5,149.0,1568.6,148.0,1517.6,1709.1,2025-06,143.0,-0.13,wta
126.0,Jeline Vandromme,18.6,1678.8,91.0,1674.8,122.0,1601.0,134.0,1535.8,1787.2,2026-04,139.0,-0.1,wta
127.0,Renata Zarazua,28.8,1678.0,104.0,1653.3,135.0,1593.4,131.0,1538.6,1763.5,2026-01,74.0,0.54,wta
128.0,Storm Hunter,31.9,1672.1,103.0,1659.2,171.0,1543.1,110.0,1569.3,1792.2,2024-03,169.0,-0.28,wta
129.0,Leolia Jeanjean,31.0,1669.9,150.0,1588.4,100.0,1641.7,104.0,1577.1,1713.3,2026-07,127.0,0.02,wta
130.0,Tatiana Prozorova,22.8,1668.7,108.0,1650.2,147.0,1569.6,135.0,1535.8,1730.1,2025-02,163.0,-0.23,wta
131.0,Mary Stoiana,23.2,1666.9,147.0,1593.8,173.0,1540.8,89.0,1597.9,1683.3,2026-07,122.0,0.07,wta
132.0,Caroline Dolehide,27.9,1666.7,119.0,1637.4,113.0,1615.8,187.0,1475.4,1757.6,2025-07,248.0,-0.63,wta
133.0,Simona Waltert,25.6,1666.7,139.0,1601.7,95.0,1653.6,219.0,1449.4,1744.4,2025-10,89.0,0.4,wta
134.0,Lin Zhu,32.5,1666.3,117.0,1640.2,249.0,1451.2,124.0,1548.0,1808.9,2023-09,173.0,-0.26,wta
135.0,Vendula Valdmannova,18.6,1662.0,111.0,1649.0,288.0,1398.7,136.0,1534.3,1684.8,2026-08,165.0,-0.2,wta
136.0,Sara Sorribes Tormo,29.7,1656.5,152.0,1586.6,103.0,1637.2,130.0,1540.3,1900.8,2021-08,203.0,-0.4,wta
137.0,Alycia Parks,25.6,1653.6,121.0,1636.2,148.0,1569.1,166.0,1490.2,1824.7,2023-01,79.0,0.55,wta
138.0,Rebecca Sramkova,29.8,1653.3,122.0,1635.0,138.0,1586.7,126.0,1545.5,1821.7,2024-11,151.0,-0.09,wta
139.0,Oksana Selekhmeteva,23.6,1653.1,112.0,1646.0,132.0,1595.8,142.0,1524.0,1787.8,2026-02,93.0,0.4,wta
140.0,Fiona Ferro,29.3,1652.7,130.0,1619.4,118.0,1609.6,192.0,1473.6,1864.6,2021-03,141.0,-0.01,wta
141.0,Lucia Bronzetti,27.6,1651.3,163.0,1565.3,101.0,1640.8,147.0,1518.1,1777.9,2025-03,135.0,0.04,wta
142.0,Tamara Zidansek,28.5,1650.6,154.0,1578.9,105.0,1636.1,195.0,1470.5,1857.1,2019-06,146.0,-0.03,wta
143.0,Celine Naef,21.0,1650.2,115.0,1642.5,218.0,1481.4,85.0,1600.4,1713.2,2023-09,221.0,-0.44,wta
144.0,Lucrezia Stefanini,28.2,1649.1,127.0,1628.0,176.0,1536.9,116.0,1562.8,1654.9,2026-08,119.0,0.19,wta
145.0,Kayla Day,26.8,1640.6,136.0,1606.9,150.0,1567.9,152.0,1510.8,1756.9,2016-10,117.0,0.21,wta
146.0,Julieta Pareja,17.4,1637.8,140.0,1601.1,175.0,1539.3,164.0,1493.9,1657.6,2026-07,288.0,-0.68,wta
147.0,Katarzyna Kawa,33.7,1634.6,235.0,1478.4,108.0,1632.1,132.0,1537.6,1684.0,2026-06,129.0,0.13,wta
148.0,Teodora Kostovic,19.0,1631.0,174.0,1549.7,127.0,1599.1,107.0,1572.9,1685.9,2025-10,171.0,-0.14,wta
149.0,Moyuka Uchijima,25.0,1630.9,134.0,1609.5,131.0,1596.6,230.0,1436.6,1822.8,2025-04,99.0,0.41,wta
150.0,Martyna Kubka,25.2,1630.0,144.0,1598.4,202.0,1495.6,103.0,1577.4,1655.3,2026-08,182.0,-0.19,wta
151.0,Julia Grabher,30.1,1630.0,192.0,1530.8,129.0,1597.1,278.0,1399.6,1695.8,2026-01,112.0,0.3,wta
152.0,Lulu Sun,25.2,1629.0,107.0,1650.3,223.0,1479.2,144.0,1519.9,1831.6,2024-08,128.0,0.17,wta
153.0,Clara Burel,25.3,1625.7,126.0,1629.9,140.0,1583.7,172.0,1484.4,1845.7,2024-01,416.0,-1.0,wta
154.0,Dalma Galfi,27.9,1624.6,161.0,1567.4,116.0,1613.1,125.0,1546.8,1748.0,2025-10,157.0,-0.02,wta
155.0,Rada Zolotareva,17.8,1624.4,254.0,1463.0,117.0,1610.2,210.0,1456.7,1624.4,2026-08,290.0,-0.63,wta
156.0,Emiliana Arango,25.7,1623.9,146.0,1594.9,169.0,1544.7,181.0,1479.0,1698.2,2025-02,88.0,0.57,wta
157.0,Maddison Inglis,28.5,1620.6,145.0,1597.1,246.0,1452.4,170.0,1487.0,1649.6,2026-01,134.0,0.16,wta
158.0,Taylah Preston,20.8,1619.5,133.0,1611.1,283.0,1406.9,183.0,1477.3,1747.0,2024-03,100.0,0.46,wta
159.0,Marina Bassols Ribera,26.6,1618.9,214.0,1506.9,123.0,1600.9,137.0,1533.3,1675.3,2024-01,133.0,0.18,wta
160.0,Julia Riera,24.1,1617.1,204.0,1515.4,125.0,1600.2,185.0,1476.9,1731.2,2024-05,147.0,0.08,wta
161.0,Hanyu Guo,28.1,1614.6,151.0,1586.8,165.0,1549.6,197.0,1467.8,1647.8,2026-03,211.0,-0.27,wta
162.0,Jana Kovackova,16.1,1614.2,234.0,1478.9,146.0,1575.2,176.0,1482.1,1614.2,2026-08,428.0,-0.97,wta
163.0,Mia Ristic,20.2,1611.8,285.0,1419.9,134.0,1594.1,178.0,1480.9,1662.1,2023-11,195.0,-0.18,wta
164.0,Harriet Dart,30.0,1611.5,142.0,1598.9,245.0,1452.8,149.0,1515.6,1727.2,2022-06,131.0,0.22,wta
165.0,Emerson Jones,18.0,1611.1,138.0,1604.7,272.0,1419.7,168.0,1488.8,1760.8,2026-03,126.0,0.27,wta
166.0,Viktoriya Tomova,31.3,1610.3,156.0,1575.2,151.0,1565.5,154.0,1506.0,1752.1,2024-06,318.0,-0.65,wta
167.0,Nadia Podoroska,29.5,1609.8,141.0,1600.4,168.0,1546.8,198.0,1467.0,1866.8,2021-01,449.0,-0.99,wta
168.0,Suzan Lamens,26.9,1609.2,162.0,1566.0,164.0,1551.6,156.0,1501.6,1795.2,2025-04,164.0,0.02,wta
169.0,Beatriz Haddad Maia,30.0,1606.9,155.0,1575.7,130.0,1596.6,120.0,1558.3,1945.0,2022-08,154.0,0.09,wta
170.0,Harmony Tan,28.8,1606.9,159.0,1568.9,242.0,1453.8,102.0,1579.7,1709.7,2022-08,216.0,-0.24,wta
171.0,Anastasiya Soboleva,22.2,1606.5,272.0,1432.7,128.0,1598.0,228.0,1439.4,1652.8,2026-07,194.0,-0.13,wta
172.0,Dominika Salkova,22.1,1605.0,132.0,1615.8,172.0,1541.3,236.0,1432.1,1685.2,2025-07,118.0,0.38,wta
173.0,Fiona Crawley,24.5,1602.3,168.0,1556.3,299.0,1387.4,160.0,1499.0,1645.0,2026-07,249.0,-0.36,wta
174.0,Leyre Romero Gormaz,24.3,1601.6,202.0,1519.0,145.0,1576.9,226.0,1440.1,1656.1,2024-06,145.0,0.18,wta
175.0,Andrea Lazaro Garcia,31.7,1601.3,203.0,1516.7,142.0,1582.8,221.0,1448.6,1657.0,2026-03,142.0,0.21,wta
176.0,Carson Branstine,25.3,1593.6,209.0,1511.9,154.0,1559.2,108.0,1571.3,1675.2,2025-09,571.0,-1.18,wta
177.0,Heather Watson,34.1,1592.8,165.0,1560.3,247.0,1451.6,145.0,1518.6,1912.2,2014-06,446.0,-0.92,wta
178.0,Elena Pridankina,20.8,1591.5,205.0,1515.0,137.0,1587.0,208.0,1457.6,1658.2,2025-04,186.0,-0.04,wta
179.0,Yue Yuan,27.8,1590.9,157.0,1574.7,180.0,1526.8,203.0,1460.4,1869.7,2024-04,138.0,0.26,wta
180.0,Tereza Martincova,31.6,1589.3,158.0,1572.9,225.0,1476.2,127.0,1545.2,1811.8,2022-03,320.0,-0.58,wta
181.0,Rebecca Marino,35.6,1587.9,172.0,1552.0,231.0,1474.5,122.0,1551.8,1833.6,2010-11,422.0,-0.85,wta
182.0,Polina Iatcenko,22.6,1586.1,187.0,1533.7,304.0,1383.3,80.0,1607.6,1750.9,2025-10,160.0,0.13,wta
183.0,Francesca Curmi,24.0,1583.6,236.0,1475.7,156.0,1558.3,199.0,1466.8,1625.8,2026-07,239.0,-0.27,wta
184.0,Susan Bandecchi,28.0,1583.1,196.0,1526.7,174.0,1540.0,211.0,1456.4,1635.6,2026-06,152.0,0.19,wta
185.0,Elizara Yaneva,19.3,1582.9,153.0,1586.3,193.0,1509.0,188.0,1475.2,1661.3,2026-02,166.0,0.11,wta
186.0,Veronika Erjavec,26.6,1580.9,238.0,1474.6,143.0,1580.8,165.0,1491.6,1722.2,2025-09,106.0,0.56,wta
187.0,Elvina Kalieva,23.0,1580.6,178.0,1544.1,197.0,1501.6,214.0,1452.7,1616.7,2026-04,115.0,0.49,wta
188.0,Alevtina Ibragimova,21.5,1579.4,216.0,1504.1,160.0,1554.1,202.0,1464.7,1604.2,2026-07,219.0,-0.15,wta
189.0,Noma Noha Akugue,22.6,1579.3,167.0,1557.9,182.0,1526.7,242.0,1424.0,1668.1,2023-08,137.0,0.32,wta
190.0,Katie Swan,27.2,1575.9,232.0,1488.1,269.0,1423.6,146.0,1518.4,1661.3,2022-10,207.0,-0.09,wta
191.0,Anastasia Gasanova,27.1,1574.7,195.0,1526.8,232.0,1474.5,129.0,1542.3,1644.4,2022-01,192.0,-0.01,wta
192.0,Iryna Shymanovich,29.0,1574.4,223.0,1496.2,185.0,1518.2,139.0,1533.0,1649.2,2023-08,191.0,0.01,wta
193.0,Zhuoxuan Bai,23.6,1573.6,173.0,1551.5,259.0,1439.1,133.0,1536.3,1740.2,2024-01,252.0,-0.27,wta
194.0,Lisa Pigato,23.0,1573.6,179.0,1542.3,159.0,1555.6,180.0,1479.3,1723.0,2026-04,130.0,0.4,wta
195.0,Jessika Ponchet,29.7,1572.0,215.0,1504.3,153.0,1560.8,200.0,1465.9,1622.0,2024-06,269.0,-0.32,wta
196.0,Ekaterine Gorgodze,34.6,1571.3,211.0,1511.0,179.0,1531.9,189.0,1475.2,1609.9,2021-08,161.0,0.2,wta
197.0,Himeno Sakatsume,25.0,1569.8,169.0,1556.0,227.0,1475.9,227.0,1439.6,1709.1,2026-03,144.0,0.31,wta
198.0,Polona Hercog,35.5,1569.8,207.0,1514.2,162.0,1551.9,158.0,1500.5,1894.8,2011-07,236.0,-0.18,wta
199.0,Guiomar Maristany Zuleta De Reales,27.4,1569.7,225.0,1493.7,167.0,1547.0,248.0,1421.2,1625.0,2026-05,210.0,-0.05,wta
200.0,Darja Semenistaja,23.8,1569.6,197.0,1526.0,166.0,1547.1,163.0,1496.1,1736.4,2025-10,109.0,0.61,wta
201.0,Olivia Gadecki,24.0,1568.8,182.0,1539.3,205.0,1489.7,194.0,1470.9,1767.5,2024-10,260.0,-0.26,wta
202.0,Mai Hontama,26.9,1568.8,190.0,1533.1,206.0,1489.7,217.0,1450.7,1687.6,2024-03,167.0,0.19,wta
203.0,Alisa Oktiabreva,17.9,1568.4,279.0,1426.4,157.0,1558.3,206.0,1459.2,1636.4,2026-04,527.0,-0.95,wta
204.0,Linda Fruhvirtova,21.2,1567.0,171.0,1552.3,204.0,1492.6,179.0,1480.2,1764.1,2023-03,174.0,0.16,wta
205.0,Varvara Lepchenko,40.2,1562.5,175.0,1548.0,184.0,1522.6,222.0,1446.9,1891.7,2015-01,181.0,0.12,wta
206.0,Ella Seidel,21.5,1561.6,177.0,1545.1,198.0,1499.4,191.0,1473.8,1809.9,2025-10,123.0,0.52,wta
207.0,Mia Pohankova,17.8,1560.7,164.0,1562.1,243.0,1453.6,205.0,1459.5,1739.1,2026-02,240.0,-0.15,wta
208.0,Gabriela Andrea Knutson,29.2,1560.3,188.0,1533.3,293.0,1394.6,153.0,1508.4,1597.5,2024-07,184.0,0.12,wta
209.0,Elsa Jacquemot,23.3,1557.0,186.0,1534.9,194.0,1506.5,171.0,1486.0,1766.8,2025-09,114.0,0.61,wta
210.0,Veronika Podrez,19.5,1557.0,212.0,1510.6,210.0,1486.4,247.0,1421.4,1692.4,2026-05,132.0,0.46,wta
211.0,En Shuo Liang,25.8,1556.1,176.0,1546.1,333.0,1362.0,161.0,1498.1,1621.7,2019-05,289.0,-0.31,wta
212.0,Anna Siskova,25.1,1555.7,193.0,1529.9,181.0,1526.8,347.0,1366.8,1581.5,2026-05,208.0,0.02,wta
213.0,Nao Hibino,31.6,1553.4,201.0,1519.9,214.0,1483.6,190.0,1474.0,1751.2,2015-09,228.0,-0.07,wta
214.0,Mariam Bolkvadze,28.5,1551.1,218.0,1502.1,356.0,1335.9,162.0,1497.0,1622.4,2021-09,423.0,-0.68,wta
215.0,Joanna Garland,24.9,1550.9,170.0,1553.0,239.0,1461.8,186.0,1476.4,1703.0,2026-01,202.0,0.06,wta
216.0,Akasha Urhobo,19.5,1550.4,280.0,1426.0,178.0,1535.1,225.0,1440.7,1617.8,2026-04,177.0,0.2,wta
217.0,Victoria Jimenez Kasintseva,21.0,1549.7,181.0,1539.5,191.0,1511.9,237.0,1432.0,1709.5,2025-09,120.0,0.59,wta
218.0,Mona Barthel,36.0,1549.7,183.0,1537.8,203.0,1495.0,308.0,1385.7,2000.1,2012-05,205.0,0.06,wta
219.0,Jennifer Ruggeri,22.9,1547.3,317.0,1388.7,183.0,1525.5,220.0,1448.7,1600.5,2026-06,217.0,0.01,wta
220.0,Erika Andreeva,22.1,1545.1,219.0,1501.6,195.0,1504.5,232.0,1434.4,1795.0,2024-03,215.0,0.02,wta
221.0,Madison Brengle,36.3,1545.0,213.0,1508.8,170.0,1543.8,173.0,1483.1,1853.0,2016-03,212.0,0.04,wta
222.0,Oceane Dodin,29.7,1544.3,206.0,1515.0,233.0,1470.7,193.0,1472.8,1827.7,2016-11,329.0,-0.39,wta
223.0,Xinyu Gao,28.7,1543.7,185.0,1536.0,213.0,1484.3,275.0,1401.1,1629.1,2026-03,230.0,-0.03,wta
224.0,Priscilla Hon,28.2,1541.5,191.0,1532.8,244.0,1453.2,235.0,1433.2,1722.2,2025-09,156.0,0.36,wta
225.0,Savannah Broadus,23.8,1540.0,200.0,1521.0,253.0,1448.0,223.0,1445.0,1641.6,2026-06,307.0,-0.31,wta
226.0,Alice Tubello,25.4,1538.7,331.0,1378.1,177.0,1536.8,272.0,1402.4,1562.7,2026-06,222.0,0.02,wta
227.0,Noemi Basiletti,20.3,1538.6,392.0,1321.8,190.0,1514.5,224.0,1444.3,1538.6,2026-08,267.0,-0.16,wta
228.0,Carole Monnet,24.6,1536.6,258.0,1458.0,189.0,1515.9,336.0,1374.2,1581.6,2025-11,196.0,0.15,wta
229.0,Sofia Costoulas,21.3,1535.5,189.0,1533.2,212.0,1485.2,285.0,1397.9,1632.1,2026-04,155.0,0.39,wta
230.0,Laura Pigossi,31.9,1530.8,243.0,1468.0,187.0,1516.9,352.0,1362.7,1607.5,2024-06,193.0,0.18,wta
231.0,Eva Vedder,26.7,1530.7,198.0,1523.3,216.0,1483.3,216.0,1450.8,1589.6,2026-07,197.0,0.16,wta
232.0,Anouk Koevermans,22.4,1529.9,184.0,1537.1,211.0,1486.2,291.0,1395.9,1669.6,2024-08,229.0,0.01,wta
233.0,Nuria Brancaccio,26.0,1525.2,375.0,1336.6,186.0,1517.5,345.0,1367.8,1642.1,2025-10,189.0,0.21,wta
234.0,Katarina Zavatska,26.5,1524.2,290.0,1414.4,196.0,1504.0,243.0,1423.9,1720.0,2019-11,246.0,-0.05,wta
235.0,Elizabeth Mandlik,25.2,1521.2,224.0,1494.4,236.0,1463.0,159.0,1499.7,1697.6,2023-07,170.0,0.32,wta
236.0,Aliona Falei,22.3,1519.8,199.0,1521.6,278.0,1413.5,231.0,1435.6,1644.3,2024-04,223.0,0.06,wta
237.0,Ayla Aksu,30.0,1518.7,210.0,1511.3,267.0,1425.2,233.0,1434.3,1546.8,2026-06,201.0,0.16,wta
238.0,Anna Lena Friedsam,32.4,1517.5,230.0,1488.4,228.0,1475.2,265.0,1406.0,1842.9,2016-05,253.0,-0.06,wta
239.0,Yeon Woo Ku,23.3,1516.4,220.0,1501.1,341.0,1357.8,273.0,1401.7,1575.1,2026-07,179.0,0.29,wta
240.0,Lola Radivojevic,21.5,1513.4,260.0,1454.9,199.0,1499.4,215.0,1451.8,1674.4,2025-10,150.0,0.47,wta
241.0,Aoi Ito,22.2,1510.9,208.0,1513.7,386.0,1309.0,363.0,1358.8,1786.2,2024-12,373.0,-0.44,wta
242.0,Linda Klimovicova,22.1,1510.9,217.0,1503.8,262.0,1436.1,341.0,1370.7,1720.6,2026-01,199.0,0.2,wta
243.0,Tiantsoa Sarah Rakotomanga Rajaonah,20.5,1510.7,249.0,1464.8,235.0,1464.1,229.0,1438.8,1643.9,2025-09,172.0,0.35,wta
244.0,Emina Bektas,32.5,1509.5,233.0,1481.6,378.0,1314.9,201.0,1464.9,1692.4,2023-10,804.0,-1.19,wta
245.0,Aliona Bolsova,28.4,1509.5,257.0,1458.9,208.0,1487.2,263.0,1407.7,1726.6,2019-05,385.0,-0.45,wta
246.0,Luisina Giovannini,19.6,1508.0,376.0,1334.8,201.0,1495.9,264.0,1407.6,1551.8,2026-05,198.0,0.22,wta
247.0,Alexandra Shubladze,20.8,1507.8,221.0,1498.8,331.0,1362.2,299.0,1390.8,1606.7,2026-04,190.0,0.26,wta
248.0,Maria Lourdes Carle,26.4,1505.7,240.0,1470.2,219.0,1481.2,294.0,1393.1,1768.7,2024-05,220.0,0.12,wta
249.0,Francisca Jorge,26.2,1505.0,227.0,1493.6,273.0,1419.1,204.0,1460.3,1572.0,2026-06,232.0,0.07,wta
250.0,Alicia Herrero Linana,27.6,1502.6,352.0,1355.3,222.0,1479.7,240.0,1426.3,1527.4,2026-08,301.0,-0.19,wta
251.0,Hannah Klugman,17.3,1501.1,237.0,1475.2,298.0,1388.4,314.0,1383.8,1532.2,2026-07,439.0,-0.56,wta
252.0,Sachia Vickery,31.1,1500.5,242.0,1469.1,200.0,1498.3,260.0,1408.9,1736.9,2018-04,619.0,-0.9,wta
253.0,Anastasia Kulikova,26.4,1500.3,228.0,1491.1,279.0,1413.1,262.0,1408.2,1667.1,2021-07,310.0,-0.2,wta
254.0,Kayla Cross,21.3,1499.4,222.0,1497.8,292.0,1395.1,364.0,1358.5,1528.2,2026-02,162.0,0.45,wta
255.0,Lucie Havlickova,21.4,1499.4,226.0,1493.6,248.0,1451.4,258.0,1412.5,1665.1,2026-04,226.0,0.12,wta
256.0,Martina Trevisan,32.7,1499.2,248.0,1465.4,207.0,1487.3,452.0,1315.4,1803.7,2022-05,325.0,-0.24,wta
257.0,Viktoria Hruncakova,28.2,1497.6,252.0,1463.4,256.0,1441.8,238.0,1431.2,1890.8,2018-06,225.0,0.13,wta
258.0,Arantxa Rus,35.6,1497.1,229.0,1489.5,209.0,1486.9,300.0,1389.7,1774.5,2012-07,204.0,0.23,wta
259.0,Irene Burillo Escorihuela,29.0,1496.9,332.0,1377.0,221.0,1480.5,298.0,1391.0,1537.0,2024-06,235.0,0.1,wta
260.0,Alena Kovackova,18.1,1494.4,309.0,1394.6,234.0,1464.7,245.0,1422.2,1524.1,2026-08,393.0,-0.41,wta
261.0,Jazmin Ortenzi,24.6,1493.9,340.0,1366.6,226.0,1476.2,346.0,1367.1,1603.7,2026-05,158.0,0.5,wta
262.0,Caijsa Wilda Hennemann,25.3,1493.3,358.0,1350.5,238.0,1462.2,246.0,1421.6,1538.5,2026-06,243.0,0.08,wta
263.0,Darya Astakhova,24.5,1493.2,269.0,1436.7,230.0,1474.7,302.0,1389.4,1642.7,2022-09,227.0,0.15,wta
264.0,Kajsa Rinaldo Persson,28.7,1492.4,282.0,1423.8,240.0,1460.2,376.0,1354.4,1570.0,2026-06,233.0,0.12,wta
265.0,Federica Urgesi,21.5,1492.1,336.0,1373.4,224.0,1476.9,249.0,1421.0,1564.5,2026-06,274.0,-0.03,wta
266.0,Destanee Aiava,25.6,1491.8,239.0,1474.5,284.0,1403.8,313.0,1383.9,1640.5,2025-02,563.0,-0.75,wta
267.0,Sonja Zhiyenbayeva,20.0,1488.9,231.0,1488.3,338.0,1359.4,251.0,1419.4,1488.9,2026-08,387.0,-0.37,wta
268.0,Valentina Ryser,25.3,1487.2,261.0,1454.9,394.0,1301.1,150.0,1515.0,1638.5,2025-06,263.0,0.02,wta
269.0,Katrina Scott,22.1,1487.1,262.0,1454.5,220.0,1480.7,370.0,1356.7,1696.9,2022-08,245.0,0.09,wta
270.0,Fangran Tian,23.0,1483.7,253.0,1463.1,343.0,1356.8,254.0,1416.8,1605.5,2026-03,255.0,0.06,wta
271.0,Mika Stojsavljevic,17.5,1481.8,295.0,1406.7,345.0,1355.9,353.0,1362.5,1560.5,2026-06,278.0,-0.03,wta
272.0,Julia Avdeeva,24.0,1480.2,251.0,1463.9,250.0,1450.9,321.0,1379.8,1654.7,2024-02,185.0,0.39,wta
273.0,Eva Guerrero Alvarez,26.7,1480.1,241.0,1469.9,289.0,1398.4,295.0,1393.0,1604.1,2026-02,294.0,-0.07,wta
274.0,Lidia Encheva,20.0,1479.0,311.0,1392.7,257.0,1441.5,257.0,1414.5,1501.7,2026-08,354.0,-0.26,wta
275.0,Arina Rodionova,36.1,1478.0,259.0,1457.7,312.0,1375.9,218.0,1450.2,1643.7,2017-07,465.0,-0.53,wta
276.0,Nastasja Schunk,23.0,1477.0,315.0,1389.6,241.0,1459.8,196.0,1469.2,1675.1,2022-05,315.0,-0.13,wta
277.0,Barbora Palicova,22.3,1476.9,323.0,1384.6,229.0,1475.1,253.0,1417.2,1672.5,2022-11,200.0,0.33,wta
278.0,Louisa Chirico,29.8,1475.7,291.0,1410.8,188.0,1515.9,331.0,1376.6,1812.7,2016-10,539.0,-0.66,wta
279.0,Lucciana Perez Alarcon,21.2,1475.5,274.0,1431.6,217.0,1483.2,169.0,1487.7,1627.9,2023-04,340.0,-0.2,wta
280.0,Hayu Kinoshita,19.7,1475.3,250.0,1464.2,399.0,1300.2,274.0,1401.3,1635.3,2026-05,224.0,0.22,wta
281.0,Jule Niemeier,26.9,1475.2,263.0,1451.5,237.0,1463.0,209.0,1457.6,1867.6,2022-06,411.0,-0.38,wta
282.0,Katherine Sebov,27.5,1473.2,264.0,1451.1,308.0,1377.7,239.0,1427.4,1701.7,2023-04,214.0,0.28,wta
283.0,Tara Wurth,23.6,1473.0,325.0,1381.8,254.0,1446.0,259.0,1411.5,1681.6,2022-07,452.0,-0.47,wta
284.0,Ye Xin Ma,27.1,1469.9,256.0,1461.1,462.0,1253.3,340.0,1370.9,1605.5,2026-03,178.0,0.47,wta
285.0,Alicia Dudeney,23.1,1467.3,246.0,1467.1,346.0,1348.7,367.0,1357.6,1543.3,2026-07,238.0,0.18,wta
286.0,Lisa Zaar,26.2,1466.8,346.0,1363.9,264.0,1431.3,261.0,1408.4,1564.3,2026-05,303.0,-0.06,wta
287.0,Han Shi,21.1,1465.7,244.0,1467.7,372.0,1322.2,281.0,1398.9,1657.2,2024-08,264.0,0.08,wta
288.0,Ayana Akli,25.0,1462.5,245.0,1467.4,332.0,1362.2,327.0,1377.8,1559.9,2025-08,265.0,0.08,wta
289.0,Silvia Ambrosio,28.9,1460.8,349.0,1359.5,252.0,1448.2,266.0,1405.4,1533.3,2023-06,415.0,-0.36,wta
290.0,Yelyzaveta Kotliar,19.5,1459.2,363.0,1344.6,258.0,1439.9,268.0,1404.6,1483.3,2026-08,360.0,-0.22,wta
291.0,Lina Gjorcheska,32.0,1458.7,286.0,1419.2,282.0,1407.4,177.0,1481.7,1636.7,2017-04,257.0,0.12,wta
292.0,Ida Wobker,15.9,1456.0,266.0,1443.6,251.0,1448.6,182.0,1478.0,1497.0,2026-08,559.0,-0.65,wta
293.0,Arianne Hartono,29.6,1452.8,271.0,1435.5,314.0,1375.4,350.0,1364.6,1610.6,2024-02,548.0,-0.63,wta
294.0,Lizette Cabrera,28.6,1451.5,287.0,1418.9,348.0,1346.7,234.0,1433.7,1588.0,2017-11,281.0,0.05,wta
295.0,Whitney Osuigwe,24.2,1451.3,288.0,1418.0,266.0,1426.9,463.0,1311.4,1799.0,2019-05,234.0,0.23,wta
296.0,Camilla Rosatello,30.8,1450.8,335.0,1373.4,215.0,1483.5,394.0,1342.6,1569.5,2025-10,389.0,-0.27,wta
297.0,Sada Nahimana,25.0,1450.0,380.0,1331.9,255.0,1442.4,276.0,1400.0,1554.7,2025-05,271.0,0.09,wta
298.0,Angelina Voloshchuk,19.1,1449.3,270.0,1435.7,412.0,1296.0,277.0,1399.7,1469.7,2026-07,349.0,-0.16,wta
299.0,Clervie Ngounoue,20.0,1449.1,277.0,1428.1,294.0,1394.0,354.0,1362.3,1690.6,2025-08,508.0,-0.53,wta
300.0,Berfu Cengiz,26.8,1448.0,300.0,1402.9,263.0,1435.3,326.0,1379.3,1611.7,2024-06,279.0,0.07,wta
301.0,Rositsa Dencheva,19.4,1448.0,320.0,1387.2,270.0,1420.9,280.0,1399.0,1484.5,2026-08,280.0,0.07,wta
302.0,Zongyu Li,23.2,1447.6,255.0,1462.9,362.0,1331.1,282.0,1398.8,1528.0,2026-06,306.0,-0.01,wta
303.0,Gina Feistel,23.5,1447.4,393.0,1321.4,260.0,1439.1,283.0,1398.7,1557.9,2024-07,305.0,-0.01,wta
304.0,Luna Vujovic,17.0,1446.0,371.0,1338.0,274.0,1417.7,284.0,1398.0,1489.9,2026-08,351.0,-0.14,wta
305.0,Xiaodi You,30.2,1445.2,247.0,1466.8,368.0,1324.0,436.0,1324.4,1531.4,2026-05,206.0,0.39,wta
306.0,Julie Struplova,21.6,1445.1,360.0,1347.9,265.0,1429.7,286.0,1397.6,1507.3,2026-05,218.0,0.34,wta
307.0,Lea Nilsson,18.1,1442.7,333.0,1375.7,271.0,1420.7,289.0,1396.3,1481.6,2026-07,371.0,-0.19,wta
308.0,Elena Ruxandra Bertea,20.2,1442.3,395.0,1320.3,268.0,1424.4,290.0,1396.2,1610.9,2026-04,256.0,0.18,wta
309.0,Kylie Collins,23.7,1441.2,278.0,1427.0,350.0,1343.9,267.0,1405.4,1453.1,2026-07,367.0,-0.17,wta
310.0,Amandine Monnot,24.4,1439.7,267.0,1443.5,321.0,1369.0,292.0,1394.8,1568.4,2026-04,321.0,-0.03,wta
311.0,Amandine Hesse,33.4,1437.4,289.0,1415.8,303.0,1384.6,413.0,1335.2,1573.3,2015-09,420.0,-0.3,wta
312.0,Reese Brantmeier,21.8,1435.4,296.0,1406.2,429.0,1284.8,279.0,1399.6,1446.5,2026-08,431.0,-0.32,wta
313.0,Angela Fita Boluda,27.0,1434.5,434.0,1283.1,275.0,1415.9,356.0,1361.8,1561.8,2024-09,213.0,0.38,wta
314.0,Samira De Stefano,22.2,1433.5,304.0,1398.5,334.0,1361.8,297.0,1391.7,1505.7,2026-04,250.0,0.23,wta
315.0,Sara Saito,19.8,1432.2,273.0,1432.4,329.0,1362.7,457.0,1313.5,1664.6,2024-07,244.0,0.26,wta
316.0,Margaux Rouvroy,25.3,1429.1,314.0,1390.8,296.0,1391.7,301.0,1389.5,1545.4,2023-05,346.0,-0.09,wta
317.0,Vivian Wolff,27.8,1428.1,268.0,1439.8,316.0,1374.2,303.0,1389.1,1478.9,2026-07,241.0,0.27,wta
318.0,Yasmine Kabbaj,22.5,1427.1,361.0,1347.7,280.0,1412.9,304.0,1388.5,1464.8,2026-08,295.0,0.08,wta
319.0,Chloe Paquet,32.1,1426.8,297.0,1405.4,290.0,1398.4,391.0,1343.0,1631.4,2024-08,297.0,0.07,wta
320.0,Mei Yamaguchi,27.1,1424.6,307.0,1397.2,389.0,1303.9,374.0,1355.9,1544.4,2025-02,261.0,0.2,wta
321.0,Aneta Kladivova,26.1,1424.0,351.0,1356.1,276.0,1414.7,305.0,1387.0,1498.6,2024-08,493.0,-0.43,wta
322.0,Ekaterina Reyngold,25.0,1423.0,275.0,1431.1,328.0,1362.7,306.0,1386.5,1523.5,2025-10,466.0,-0.37,wta
323.0,Kristina Mladenovic,33.1,1422.4,294.0,1407.8,318.0,1370.7,252.0,1418.0,1989.5,2017-05,862.0,-0.98,wta
324.0,Cadence Brace,21.4,1422.3,284.0,1420.1,471.0,1247.3,433.0,1325.2,1589.0,2025-10,258.0,0.23,wta
325.0,Elena Micic,22.0,1422.0,301.0,1400.2,413.0,1295.8,307.0,1386.0,1453.8,2026-07,277.0,0.16,wta
326.0,Anastasia Zolotareva,24.5,1420.1,356.0,1352.9,281.0,1408.8,311.0,1385.0,1547.8,2026-04,266.0,0.2,wta
327.0,Britt Du Pree,19.5,1418.8,276.0,1430.2,392.0,1302.4,378.0,1354.0,1460.9,2026-08,302.0,0.08,wta
328.0,Zhibek Kulambayeva,26.3,1418.0,442.0,1274.7,291.0,1397.9,312.0,1384.0,1456.1,2026-04,476.0,-0.37,wta
329.0,Eva Bennemann,18.8,1417.2,265.0,1445.9,336.0,1360.5,315.0,1383.6,1535.5,2025-11,304.0,0.08,wta
330.0,Hong Yi Cody Wong,24.4,1416.7,324.0,1384.0,354.0,1339.3,316.0,1383.4,1437.2,2026-07,629.0,-0.65,wta
331.0,Lea Ma,25.5,1416.1,316.0,1389.2,375.0,1318.1,325.0,1379.6,1498.4,2026-07,287.0,0.14,wta
332.0,Miho Kuramochi,28.1,1413.7,305.0,1398.0,373.0,1321.9,322.0,1379.7,1434.2,2024-01,374.0,-0.12,wta
333.0,Aurora Zantedeschi,25.7,1413.7,488.0,1237.5,285.0,1401.9,319.0,1381.8,1526.9,2025-03,296.0,0.12,wta
334.0,Jenny Lim,21.5,1413.1,401.0,1317.8,297.0,1390.0,320.0,1381.6,1477.7,2024-05,356.0,-0.06,wta
335.0,Lea Boskovic,26.9,1411.8,347.0,1361.5,300.0,1386.7,256.0,1415.8,1591.8,2024-08,334.0,0.0,wta
336.0,Ena Shibahara,28.4,1411.7,322.0,1385.2,261.0,1437.2,293.0,1394.7,1713.2,2024-11,486.0,-0.37,wta
337.0,Loes Ebeling Koning,20.4,1410.5,396.0,1320.3,305.0,1381.5,395.0,1342.5,1440.2,2026-08,475.0,-0.34,wta
338.0,Mina Hodzic,24.1,1410.4,313.0,1392.3,307.0,1378.5,355.0,1362.2,1534.3,2024-04,275.0,0.21,wta
339.0,Elena Milovanovic,25.5,1409.4,319.0,1388.2,340.0,1357.9,323.0,1379.7,1454.2,2026-06,381.0,-0.12,wta
340.0,Haruka Kaji,31.8,1408.1,310.0,1394.1,366.0,1326.5,255.0,1416.6,1517.5,2025-03,259.0,0.27,wta
341.0,Martha Matoula,29.2,1407.0,384.0,1328.9,286.0,1400.3,212.0,1453.5,1571.3,2022-08,299.0,0.13,wta
342.0,Selena Janicijevic,24.0,1405.5,372.0,1337.3,301.0,1385.9,288.0,1396.5,1576.3,2024-07,254.0,0.3,wta
343.0,Laima Vladson,18.8,1405.5,418.0,1300.4,302.0,1385.1,328.0,1377.8,1461.8,2026-08,582.0,-0.53,wta
344.0,Matilde Jorge,22.3,1405.1,293.0,1408.5,418.0,1289.8,330.0,1377.5,1519.0,2025-06,300.0,0.14,wta
345.0,Despina Papamichail,33.4,1404.1,338.0,1368.5,317.0,1372.6,318.0,1382.2,1551.5,2022-10,188.0,0.61,wta
346.0,Justina Mikulskyte,30.4,1402.3,327.0,1381.3,330.0,1362.3,412.0,1335.5,1527.5,2022-05,231.0,0.4,wta
347.0,Tina Nadine Smith,23.6,1401.1,318.0,1388.2,327.0,1363.1,332.0,1375.5,1532.3,2025-02,424.0,-0.2,wta
348.0,Naiktha Bains,28.5,1400.4,306.0,1397.2,363.0,1330.6,500.0,1283.0,1427.3,2019-05,370.0,-0.06,wta
349.0,Sakura Hosogi,26.3,1399.7,292.0,1410.7,459.0,1260.6,334.0,1374.8,1477.1,2026-07,348.0,0.0,wta
350.0,Ena Koike,19.7,1399.0,329.0,1380.6,403.0,1298.7,335.0,1374.5,1463.9,2026-07,328.0,0.06,wta
351.0,Nuria Parrizas Diaz,34.9,1398.1,303.0,1399.5,295.0,1393.7,382.0,1351.8,1765.0,2022-02,704.0,-0.7,wta
352.0,Julie Belgraver,23.8,1397.4,366.0,1341.9,319.0,1370.1,337.0,1373.7,1581.5,2025-06,397.0,-0.12,wta
353.0,Sijia Wei,22.6,1396.9,308.0,1396.0,436.0,1281.2,387.0,1347.8,1762.6,2025-01,395.0,-0.11,wta
354.0,Ane Mintegi Del Olmo,22.8,1395.3,328.0,1380.6,335.0,1360.9,338.0,1372.7,1565.5,2026-04,273.0,0.26,wta
355.0,Caroline Uebelhoer,30.3,1394.9,378.0,1332.3,315.0,1375.3,324.0,1379.7,1519.2,2025-04,286.0,0.22,wta
356.0,Daria Khomutsianskaya,22.4,1393.4,330.0,1378.8,382.0,1311.7,339.0,1371.7,1437.7,2026-08,293.0,0.19,wta
357.0,Kathinka Von Deichmann,32.1,1392.9,298.0,1404.4,349.0,1345.9,383.0,1350.4,1625.3,2022-05,327.0,0.09,wta
358.0,Martina Capurro Taborda,28.6,1392.6,414.0,1303.1,309.0,1377.7,270.0,1403.3,1523.2,2023-11,242.0,0.39,wta
359.0,Amarissa Kiara Toth,23.4,1390.4,345.0,1364.2,320.0,1369.1,342.0,1370.2,1605.7,2025-06,396.0,-0.1,wta
360.0,Kyoka Okamura,30.8,1390.0,362.0,1345.1,400.0,1299.9,207.0,1458.2,1537.8,2025-09,283.0,0.24,wta
361.0,Ipek Oz,27.0,1389.3,355.0,1353.4,323.0,1368.2,403.0,1338.6,1563.9,2022-05,406.0,-0.12,wta
362.0,Tessa Johanna Brockmann,20.7,1388.7,377.0,1334.0,352.0,1342.9,333.0,1375.3,1471.1,2026-07,337.0,0.07,wta
363.0,Julia Stusek,18.0,1387.5,394.0,1320.6,351.0,1343.4,414.0,1335.2,1407.9,2026-03,384.0,-0.06,wta
364.0,Sofya Lansere,25.8,1387.2,299.0,1403.5,367.0,1324.2,343.0,1368.6,1503.5,2024-01,270.0,0.3,wta
365.0,Eryn Cayetano,25.1,1385.7,334.0,1373.7,458.0,1261.3,344.0,1367.9,1405.5,2026-02,372.0,-0.02,wta
366.0,Isabella Shinikova,34.8,1385.2,281.0,1425.0,461.0,1257.3,493.0,1290.5,1640.8,2019-10,353.0,0.04,wta
367.0,Lucija Ciric Bagaric,22.6,1384.1,447.0,1271.7,313.0,1375.8,393.0,1342.7,1540.7,2024-07,364.0,0.01,wta
368.0,Su Jeong Jang,30.9,1383.6,353.0,1354.5,277.0,1414.0,417.0,1333.3,1643.8,2017-05,610.0,-0.51,wta
369.0,Yuki Naito,25.4,1383.3,321.0,1386.3,446.0,1271.9,409.0,1336.1,1525.0,2022-06,291.0,0.24,wta
370.0,Hiromi Abe,26.1,1380.7,348.0,1360.8,388.0,1305.3,348.0,1365.3,1499.2,2026-02,363.0,0.02,wta
371.0,Maria Sara Popa,20.9,1380.6,463.0,1257.9,342.0,1356.9,349.0,1365.3,1461.0,2023-09,399.0,-0.07,wta
372.0,Yuriko Miyazaki,30.6,1380.2,341.0,1366.4,463.0,1252.5,405.0,1337.6,1629.1,2023-01,366.0,0.02,wta
373.0,Anna Kubareva,25.4,1375.8,343.0,1364.7,442.0,1275.2,351.0,1362.9,1469.7,2026-06,519.0,-0.33,wta
374.0,Gabriela Lee,30.6,1374.6,437.0,1280.0,306.0,1378.8,488.0,1295.0,1608.8,2022-05,705.0,-0.63,wta
375.0,Dalila Jakupovic,35.3,1373.9,344.0,1364.6,358.0,1334.8,438.0,1323.4,1762.6,2018-07,343.0,0.09,wta
376.0,Deborah Chiesa,30.1,1372.3,436.0,1281.0,326.0,1364.9,418.0,1332.3,1581.4,2018-05,333.0,0.12,wta
377.0,Yidi Yang,26.4,1372.0,339.0,1367.9,430.0,1284.6,357.0,1361.0,1445.3,2026-03,368.0,0.02,wta
378.0,Alice Rame,28.7,1370.3,520.0,1189.0,311.0,1376.3,422.0,1329.6,1596.5,2025-10,247.0,0.43,wta
379.0,Xinxin Yao,22.8,1370.2,302.0,1400.0,440.0,1278.2,358.0,1360.1,1539.4,2025-01,282.0,0.3,wta
380.0,Misaki Matsuda,27.7,1369.1,357.0,1350.7,344.0,1356.0,360.0,1359.5,1472.5,2022-08,421.0,-0.1,wta
381.0,Ella Mcdonald,20.9,1368.6,476.0,1249.9,424.0,1286.8,309.0,1385.4,1487.4,2025-06,462.0,-0.19,wta
382.0,Petra Sedlackova,24.9,1367.8,421.0,1298.9,353.0,1339.8,361.0,1358.9,1414.5,2026-07,694.0,-0.6,wta
383.0,Eunhye Lee,26.2,1367.7,354.0,1353.7,402.0,1298.9,362.0,1358.9,1436.6,2025-11,350.0,0.09,wta
384.0,Hibah Shaikh,23.7,1366.2,342.0,1364.8,377.0,1316.1,366.0,1358.1,1431.8,2026-02,309.0,0.22,wta
385.0,Mingge Xu,18.7,1365.9,368.0,1338.9,406.0,1298.0,478.0,1301.6,1566.3,2025-12,339.0,0.13,wta
386.0,Varvara Panshina,20.5,1364.3,411.0,1306.5,287.0,1399.4,368.0,1357.1,1530.0,2026-04,345.0,0.11,wta
387.0,Viola Turini,20.5,1364.1,420.0,1299.0,337.0,1360.4,369.0,1357.1,1389.9,2026-07,517.0,-0.29,wta
388.0,Carol Zhao,31.1,1363.8,326.0,1381.8,435.0,1282.0,415.0,1334.9,1576.7,2017-11,591.0,-0.42,wta
389.0,Dalila Spiteri,29.2,1362.6,435.0,1281.5,339.0,1359.1,371.0,1356.3,1488.8,2023-07,361.0,0.07,wta
390.0,Rasheeda Mcadoo,31.1,1362.2,417.0,1301.0,380.0,1313.1,372.0,1356.1,1373.7,2026-08,454.0,-0.15,wta
391.0,Jia Jing Lu,36.6,1361.6,381.0,1331.0,361.0,1331.4,511.0,1271.4,1530.1,2021-01,383.0,0.02,wta
392.0,Weronika Falkowska,26.1,1360.9,312.0,1392.5,447.0,1270.3,375.0,1355.4,1411.9,2022-11,316.0,0.22,wta
393.0,Natsumi Kawaguchi,23.8,1359.8,365.0,1342.2,414.0,1294.9,437.0,1324.4,1517.4,2023-05,403.0,-0.03,wta
394.0,Iva Primorac,30.2,1358.6,480.0,1245.9,322.0,1368.2,377.0,1354.3,1436.2,2024-09,438.0,-0.11,wta
395.0,Yufei Ren,20.3,1357.8,408.0,1310.1,324.0,1367.1,379.0,1353.9,1428.5,2024-05,313.0,0.23,wta
396.0,Miriana Tona,31.5,1356.8,382.0,1329.4,365.0,1327.4,380.0,1353.4,1429.3,2024-04,359.0,0.1,wta
397.0,Tena Lukas,31.2,1356.6,413.0,1304.9,355.0,1337.3,419.0,1331.5,1543.0,2018-07,405.0,-0.02,wta
398.0,Hanna Chang,28.4,1355.0,390.0,1322.6,310.0,1377.2,471.0,1304.4,1505.5,2025-04,298.0,0.29,wta
399.0,Victoria Rodriguez,31.3,1354.0,374.0,1337.1,411.0,1296.3,381.0,1352.0,1470.7,2015-10,456.0,-0.13,wta
400.0,Esther Adeshina,24.8,1353.1,428.0,1290.0,417.0,1291.6,359.0,1360.0,1376.4,2026-07,472.0,-0.17,wta
401.0,Elena Malygina,26.1,1350.5,337.0,1370.9,451.0,1265.8,241.0,1425.3,1470.1,2019-02,308.0,0.26,wta
402.0,Ranah Akua Stoiber,21.0,1350.0,387.0,1325.2,422.0,1287.9,442.0,1321.0,1450.1,2025-08,561.0,-0.33,wta
403.0,Georgia Pedone,21.9,1349.9,522.0,1187.7,347.0,1347.9,396.0,1342.3,1563.8,2024-09,285.0,0.35,wta
404.0,Kira Pavlova,22.2,1349.6,383.0,1329.3,419.0,1289.8,384.0,1349.8,1394.5,2024-04,344.0,0.16,wta
405.0,Miriam Bianca Bulgaru,27.8,1349.2,439.0,1277.4,379.0,1314.4,462.0,1312.0,1590.4,2024-09,322.0,0.23,wta
406.0,Mathilde Lollia,26.1,1348.6,458.0,1260.6,371.0,1323.2,385.0,1349.3,1472.7,2025-09,633.0,-0.44,wta
407.0,Sohyun Park,24.1,1347.2,350.0,1359.1,409.0,1297.6,244.0,1423.6,1536.6,2019-09,332.0,0.2,wta
408.0,Ayano Shimizu,28.1,1346.8,404.0,1314.7,485.0,1231.7,365.0,1358.5,1527.1,2018-07,579.0,-0.35,wta
409.0,Valeria Savinykh,35.4,1344.2,397.0,1318.9,470.0,1247.5,453.0,1314.8,1713.2,2012-03,677.0,-0.5,wta
410.0,Ekaterina Maklakova,22.2,1343.3,399.0,1318.3,384.0,1309.9,388.0,1346.6,1496.6,2024-03,478.0,-0.15,wta
411.0,Denislava Glushkova,22.5,1342.0,283.0,1421.0,369.0,1323.9,250.0,1421.0,1441.2,2023-04,435.0,-0.06,wta
412.0,Haley Giavara,25.6,1341.6,391.0,1322.1,465.0,1252.3,373.0,1356.0,1423.4,2023-07,474.0,-0.14,wta
413.0,Viktoria Morvayova,25.3,1341.1,379.0,1332.3,455.0,1264.1,329.0,1377.6,1441.9,2026-03,312.0,0.28,wta
414.0,Amelia Rajecki,24.1,1340.8,481.0,1245.8,427.0,1285.4,503.0,1279.9,1468.1,2024-06,386.0,0.07,wta
415.0,Malaika Rapolu,23.2,1340.6,389.0,1324.0,423.0,1287.7,389.0,1345.3,1526.4,2024-11,352.0,0.16,wta
416.0,Kristiana Sidorova,20.1,1339.9,370.0,1338.3,460.0,1260.4,390.0,1344.9,1462.0,2026-02,401.0,0.04,wta
417.0,Rina Saigo,25.7,1338.9,385.0,1328.0,473.0,1245.5,398.0,1341.0,1407.3,2023-05,272.0,0.43,wta
418.0,Saki Imamura,23.6,1338.0,400.0,1318.1,432.0,1284.0,410.0,1336.0,1427.6,2025-10,741.0,-0.57,wta
419.0,Zuzanna Pawlikowska,21.4,1335.6,373.0,1337.2,431.0,1284.3,392.0,1342.8,1487.4,2026-02,365.0,0.14,wta
420.0,Manon Leonard,25.4,1335.4,369.0,1338.9,522.0,1168.9,517.0,1265.9,1574.5,2024-03,335.0,0.23,wta
421.0,Hina Inoue,23.1,1335.4,402.0,1317.6,496.0,1211.5,407.0,1337.4,1550.8,2024-10,284.0,0.39,wta
422.0,Lina Glushko,26.5,1334.3,388.0,1324.7,401.0,1299.0,287.0,1396.6,1581.4,2019-02,543.0,-0.25,wta
423.0,Weronika Ewald,20.4,1333.3,444.0,1272.7,325.0,1365.5,397.0,1341.6,1428.5,2026-02,407.0,0.04,wta
424.0,Katarina Kuzmova,24.9,1331.2,386.0,1326.0,511.0,1189.1,399.0,1340.6,1388.3,2026-06,276.0,0.43,wta
425.0,Dalayna Hewitt,25.6,1331.1,403.0,1316.8,492.0,1218.7,400.0,1340.5,1492.7,2022-03,602.0,-0.35,wta
426.0,Ekaterina Kazionova,27.5,1330.7,415.0,1303.0,393.0,1301.8,446.0,1319.5,1515.5,2025-07,495.0,-0.15,wta
427.0,Anastasia Abbagnato,22.6,1330.6,433.0,1284.1,370.0,1323.3,401.0,1340.3,1447.4,2025-10,565.0,-0.28,wta
428.0,Carlota Martinez Cirez,25.4,1330.5,501.0,1223.4,381.0,1311.9,440.0,1321.3,1420.6,2025-07,391.0,0.09,wta
429.0,Lucie Nguyen Tan,23.1,1327.9,469.0,1254.8,408.0,1297.7,402.0,1339.0,1491.1,2022-06,430.0,0.0,wta
430.0,Diana Martynov,25.2,1327.3,432.0,1284.5,410.0,1296.6,404.0,1338.6,1521.5,2024-10,437.0,-0.02,wta
431.0,Tatiana Pieri,27.3,1325.0,431.0,1285.3,404.0,1298.6,406.0,1337.5,1415.2,2025-09,440.0,-0.02,wta
432.0,Georgina Garcia Perez,34.1,1324.4,425.0,1295.5,359.0,1333.1,472.0,1304.4,1676.8,2018-09,750.0,-0.55,wta
433.0,Jana Kolodynska,22.4,1322.7,398.0,1318.7,503.0,1201.2,482.0,1297.5,1443.8,2023-10,600.0,-0.33,wta
434.0,Gergana Topalova,25.8,1322.3,525.0,1172.7,383.0,1310.1,432.0,1326.0,1455.2,2024-07,499.0,-0.14,wta
435.0,Radka Zelnickova,23.1,1321.7,423.0,1297.6,457.0,1263.1,411.0,1335.9,1368.0,2025-11,342.0,0.24,wta
436.0,Wushuang Zheng,27.5,1319.7,409.0,1308.2,472.0,1245.9,416.0,1334.9,1518.4,2025-04,516.0,-0.17,wta
437.0,Gabriela Ce,33.4,1318.7,471.0,1253.1,407.0,1297.8,467.0,1307.4,1517.0,2022-05,336.0,0.26,wta
438.0,Carolyn Ansari,25.5,1318.1,406.0,1312.1,456.0,1263.9,458.0,1313.3,1477.4,2026-05,251.0,0.56,wta
439.0,Sahaja Yamalapalli,25.7,1315.6,422.0,1298.5,478.0,1238.7,451.0,1315.7,1465.4,2026-01,341.0,0.25,wta
440.0,Anouck Vrancken Peeters,23.4,1314.1,359.0,1350.2,428.0,1285.4,526.0,1257.4,1550.4,2026-05,319.0,0.32,wta
441.0,Momoko Kobori,27.9,1313.9,412.0,1306.3,516.0,1180.1,468.0,1306.0,1439.9,2018-05,375.0,0.16,wta
442.0,Cagla Buyukakcay,36.8,1310.9,405.0,1312.1,420.0,1289.7,539.0,1219.7,1727.7,2016-05,426.0,0.04,wta
443.0,Julie Pastikova,18.1,1310.9,462.0,1258.3,391.0,1302.9,420.0,1330.5,1483.5,2024-06,419.0,0.06,wta
444.0,Valentina Steiner,20.0,1310.1,440.0,1276.9,390.0,1303.4,421.0,1330.0,1328.5,2026-08,427.0,0.04,wta
445.0,Emily Appleton,26.8,1308.9,446.0,1272.2,483.0,1235.0,485.0,1296.7,1437.9,2024-06,450.0,-0.01,wta
446.0,Priska Madelyn Nugroho,23.1,1307.9,427.0,1295.4,357.0,1335.1,269.0,1404.0,1559.9,2020-03,398.0,0.11,wta
447.0,Daria Lodikova,29.4,1307.8,492.0,1234.1,395.0,1301.1,423.0,1328.9,1453.4,2024-10,606.0,-0.3,wta
448.0,Raluka Serban,29.1,1307.7,367.0,1340.9,433.0,1282.9,408.0,1336.7,1648.9,2022-04,376.0,0.18,wta
449.0,Jessica Pieri,29.2,1307.6,455.0,1262.8,398.0,1300.4,448.0,1318.3,1610.2,2021-05,326.0,0.32,wta
450.0,Ekaterina Ovcharenko,25.6,1307.5,454.0,1264.4,396.0,1301.0,424.0,1328.7,1402.6,2025-09,564.0,-0.23,wta
451.0,Victoria Allen,25.4,1306.9,430.0,1286.2,449.0,1268.5,531.0,1248.9,1316.4,2026-07,436.0,0.03,wta
452.0,Ana Sofia Sanchez,32.2,1306.4,441.0,1275.9,385.0,1309.1,477.0,1302.3,1487.1,2025-07,413.0,0.09,wta
453.0,Ellie Schoppe,24.6,1305.3,407.0,1312.0,475.0,1243.4,425.0,1327.7,1340.4,2025-09,768.0,-0.53,wta
454.0,Dayeon Back,24.5,1305.3,457.0,1260.9,425.0,1286.8,426.0,1327.7,1506.1,2024-09,268.0,0.53,wta
455.0,Sofia Rocchetti,23.9,1304.7,472.0,1252.8,416.0,1292.1,428.0,1327.3,1366.9,2025-11,558.0,-0.2,wta
456.0,Lia Karatancheva,22.9,1304.7,497.0,1228.1,415.0,1292.7,427.0,1327.3,1478.0,2025-05,379.0,0.18,wta
457.0,Alina Granwehr,23.0,1304.2,450.0,1267.1,426.0,1286.6,429.0,1327.1,1421.5,2026-04,317.0,0.37,wta
458.0,Beatrise Zeltina,19.4,1304.1,496.0,1229.0,387.0,1308.5,430.0,1327.1,1327.4,2025-09,451.0,0.02,wta
459.0,Antonia Vergara Rivera,19.7,1303.7,451.0,1266.8,434.0,1282.5,431.0,1326.8,1395.9,2025-11,369.0,0.22,wta
460.0,Anastasia Tikhonova,25.5,1303.1,438.0,1279.9,448.0,1269.2,271.0,1403.1,1592.0,2022-03,262.0,0.56,wta
461.0,Joelle Lilly Sophie Steur,22.3,1299.7,426.0,1295.5,452.0,1265.6,434.0,1324.8,1318.5,2026-07,331.0,0.33,wta
462.0,Maria Kozyreva,27.1,1296.0,410.0,1307.6,468.0,1248.8,518.0,1265.9,1586.1,2024-03,586.0,-0.24,wta
463.0,Meiqi Guo,26.2,1295.7,475.0,1251.4,443.0,1274.5,439.0,1322.8,1346.6,2025-09,630.0,-0.31,wta
464.0,Diletta Cherubini,24.2,1292.5,495.0,1231.3,441.0,1276.3,441.0,1321.3,1417.6,2025-06,378.0,0.2,wta
465.0,Aneta Laboutkova,26.2,1290.6,505.0,1219.4,454.0,1265.0,443.0,1320.3,1339.7,2026-08,412.0,0.12,wta
466.0,Cristina Diaz Adrover,20.3,1290.4,508.0,1217.7,421.0,1289.0,444.0,1320.2,1359.0,2025-09,659.0,-0.35,wta
467.0,Maria Florencia Urrutia,25.3,1289.8,459.0,1259.9,439.0,1279.5,445.0,1319.9,1383.6,2026-05,467.0,0.0,wta
468.0,Sofia Johnson,,1289.3,452.0,1264.9,481.0,1236.4,466.0,1308.8,1300.8,2026-06,459.0,0.02,wta
469.0,Alessandra Mazzola,26.6,1287.2,461.0,1258.6,445.0,1272.1,447.0,1318.6,1514.5,2025-07,390.0,0.18,wta
470.0,Lucia Cortez Llorca,26.1,1285.7,527.0,1167.9,360.0,1332.2,449.0,1317.8,1483.2,2024-08,468.0,0.0,wta
471.0,Valentini Grammatikopoulou,29.4,1284.9,464.0,1257.2,397.0,1300.7,532.0,1247.7,1617.7,2018-04,470.0,0.0,wta
472.0,Mell Elizabeth Reasco Gonzalez,24.0,1284.7,364.0,1344.6,477.0,1240.4,296.0,1392.3,1440.8,2026-01,338.0,0.33,wta
473.0,Sofia Elena Cabezas Dominguez,24.2,1283.1,416.0,1302.3,507.0,1197.0,450.0,1316.5,1416.1,2026-02,505.0,-0.07,wta
474.0,Madison Sieg,23.1,1279.7,443.0,1273.5,488.0,1227.9,454.0,1314.8,1336.0,2025-07,355.0,0.29,wta
475.0,Ariana Arseneault,24.1,1279.1,449.0,1268.4,490.0,1225.1,483.0,1297.1,1301.8,2026-06,382.0,0.22,wta
476.0,Nahia Berecoechea,22.2,1278.9,509.0,1217.3,437.0,1280.8,455.0,1314.4,1374.4,2026-02,512.0,-0.07,wta
477.0,Elina Nepliy,28.7,1278.8,474.0,1251.7,405.0,1298.0,456.0,1314.4,1369.6,2025-10,496.0,-0.04,wta
478.0,Andreea Prisacariu,26.4,1275.9,484.0,1241.0,464.0,1252.4,459.0,1313.0,1380.7,2022-05,503.0,-0.05,wta
479.0,Tiphanie Fiquet,26.2,1275.6,470.0,1254.0,444.0,1272.3,460.0,1312.8,1449.7,2025-10,402.0,0.18,wta
480.0,Carla Markus,20.2,1275.1,473.0,1252.6,453.0,1265.2,461.0,1312.6,1351.3,2026-01,528.0,-0.1,wta
481.0,Indianna Spink,23.7,1273.2,453.0,1264.7,466.0,1251.6,497.0,1285.3,1348.9,2026-06,631.0,-0.27,wta
482.0,Alice Robbe,25.9,1272.4,507.0,1217.8,364.0,1329.2,480.0,1300.5,1499.5,2023-10,864.0,-0.58,wta
483.0,Pia Lovric,24.3,1270.7,445.0,1272.7,450.0,1267.1,310.0,1385.3,1532.9,2022-04,541.0,-0.11,wta
484.0,Yasmine Mansouri,25.2,1270.1,429.0,1287.5,532.0,1137.4,464.0,1310.1,1399.3,2024-11,380.0,0.24,wta
485.0,Francesca Pace,20.9,1269.6,456.0,1262.8,474.0,1244.9,465.0,1309.8,1341.4,2026-06,324.0,0.4,wta
486.0,Leonie Kung,24.9,1268.4,424.0,1297.5,489.0,1226.5,527.0,1256.0,1632.1,2021-03,909.0,-0.63,wta
487.0,Anna Sinclair Rogers,28.3,1268.3,485.0,1240.2,476.0,1242.1,435.0,1324.7,1432.3,2024-11,330.0,0.39,wta
488.0,Carolina Alves,30.2,1267.2,448.0,1268.7,467.0,1251.3,522.0,1260.0,1582.2,2022-05,314.0,0.44,wta
489.0,Briana Szabo,20.6,1266.0,486.0,1238.3,438.0,1280.2,317.0,1383.0,1437.6,2021-08,547.0,-0.11,wta
490.0,Urszula Radwanska,35.6,1264.1,489.0,1236.0,374.0,1319.8,473.0,1304.3,1885.0,2012-09,641.0,-0.27,wta
491.0,Jiaqi Wang,24.1,1261.6,479.0,1246.8,487.0,1228.3,469.0,1305.8,1355.4,2025-09,400.0,0.2,wta
492.0,Ankita Raina,33.5,1261.5,493.0,1233.0,376.0,1317.2,514.0,1267.4,1517.7,2018-04,598.0,-0.2,wta
493.0,Martina Colmegna,29.6,1260.3,482.0,1245.2,469.0,1248.5,470.0,1305.2,1526.9,2023-01,347.0,0.35,wta
494.0,Yujia Huang,23.7,1258.3,419.0,1300.0,531.0,1140.7,474.0,1304.2,1366.8,2026-07,481.0,0.03,wta
495.0,Dasha Plekhanova,22.4,1257.6,491.0,1234.6,500.0,1204.6,475.0,1303.8,1414.0,2025-10,803.0,-0.48,wta
496.0,Alana Smith,26.7,1256.3,460.0,1258.9,526.0,1160.1,509.0,1273.8,1489.9,2024-11,425.0,0.15,wta
497.0,Peangtarn Plipuech,33.5,1254.6,468.0,1255.0,521.0,1175.7,507.0,1277.6,1452.6,2019-05,726.0,-0.38,wta
498.0,Stephanie Judith Visscher,26.5,1253.0,466.0,1255.3,520.0,1176.0,479.0,1301.5,1322.9,2026-06,388.0,0.25,wta
499.0,Ying Zhang,30.2,1248.0,487.0,1238.2,509.0,1194.5,481.0,1299.0,1294.0,2026-07,676.0,-0.3,wta
500.0,Eri Shimizu,27.9,1245.0,500.0,1225.9,479.0,1237.5,476.0,1303.6,1466.2,2024-09,417.0,0.18,wta
501.0,Astrid Lew Yan Foon,20.9,1243.8,477.0,1249.6,494.0,1214.2,484.0,1296.9,1438.9,2024-04,473.0,0.06,wta
502.0,Vaishnavi Adkar,21.5,1241.0,498.0,1227.2,482.0,1235.5,486.0,1295.5,1383.7,2026-02,392.0,0.25,wta
503.0,Laura Hietaranta,22.4,1240.3,503.0,1223.1,499.0,1208.8,487.0,1295.1,1395.4,2026-05,408.0,0.21,wta
504.0,Celia Cervino Ruiz,28.6,1236.8,494.0,1232.9,510.0,1190.0,489.0,1293.4,1262.5,2026-08,686.0,-0.31,wta
505.0,Ruien Zhang,18.2,1235.9,499.0,1226.6,484.0,1232.9,490.0,1292.9,1349.0,2025-04,658.0,-0.26,wta
506.0,Nina Vargova,20.8,1235.1,512.0,1208.6,495.0,1213.2,491.0,1292.6,1333.2,2022-11,409.0,0.21,wta
507.0,Laura Mair,23.6,1233.8,511.0,1210.9,486.0,1230.1,492.0,1291.9,1424.3,2025-10,433.0,0.16,wta
508.0,Maria Martinez Vaquero,24.4,1228.4,465.0,1256.7,530.0,1142.5,494.0,1289.2,1418.2,2025-08,509.0,0.0,wta
509.0,Jasmijn Gimbrere,25.4,1222.6,506.0,1218.7,502.0,1201.5,533.0,1242.8,1371.5,2025-08,487.0,0.04,wta
510.0,Ksenia Zaytseva,21.9,1222.1,478.0,1247.0,512.0,1188.1,495.0,1286.1,1468.1,2023-12,537.0,-0.05,wta
511.0,Katerina Tsygourova,26.2,1221.8,510.0,1212.1,497.0,1211.2,496.0,1285.9,1272.5,2026-02,394.0,0.26,wta
512.0,Victoria Bosio,31.7,1220.0,519.0,1190.5,501.0,1203.6,498.0,1285.0,1487.2,2020-02,323.0,0.46,wta
513.0,Isabella Maria Serban,20.3,1219.4,502.0,1223.4,508.0,1196.9,499.0,1284.7,1298.3,2026-05,511.0,0.0,wta
514.0,Ana Candiotto,22.2,1214.8,513.0,1201.6,506.0,1197.3,501.0,1282.4,1274.3,2025-10,457.0,0.12,wta
515.0,Martina Okalova,29.1,1213.6,504.0,1222.4,513.0,1187.8,502.0,1281.8,1504.3,2025-05,492.0,0.05,wta
516.0,Nicole Fossa Huergo,30.7,1209.6,515.0,1198.5,519.0,1176.4,504.0,1279.8,1453.7,2024-12,628.0,-0.2,wta
517.0,Chelsea Fontenel,22.0,1206.4,490.0,1235.9,528.0,1152.3,505.0,1278.2,1325.7,2024-11,625.0,-0.19,wta
518.0,Jana Otzipka,21.5,1206.2,483.0,1241.8,525.0,1162.5,506.0,1278.1,1280.2,2025-04,491.0,0.05,wta
519.0,Sara Cakarevic,29.3,1202.3,523.0,1184.5,498.0,1210.4,508.0,1276.2,1459.6,2024-10,578.0,-0.11,wta
520.0,Nika Radisic,26.2,1196.0,516.0,1192.7,505.0,1199.2,386.0,1348.0,1566.5,2021-07,897.0,-0.55,wta
521.0,Victoria Hu,24.1,1194.8,517.0,1191.9,524.0,1164.4,510.0,1272.4,1478.5,2024-02,529.0,-0.02,wta
522.0,Gina Marie Dittmann,23.8,1190.4,524.0,1176.9,515.0,1184.9,512.0,1270.2,1337.5,2026-06,523.0,0.0,wta
523.0,Ikumi Yamazaki,24.9,1189.0,521.0,1188.8,493.0,1215.3,513.0,1269.5,1493.3,2025-08,647.0,-0.21,wta
524.0,Marine Szostak,24.4,1184.1,530.0,1152.7,491.0,1221.8,515.0,1267.0,1285.4,2025-10,738.0,-0.34,wta
525.0,Gabriella Da Silva Fick,25.8,1184.0,526.0,1168.5,517.0,1177.4,516.0,1267.0,1310.4,2025-11,701.0,-0.29,wta
526.0,Yaroslava Bartashevich,21.2,1181.5,536.0,1132.5,523.0,1167.1,519.0,1265.8,1499.9,2025-04,530.0,-0.01,wta
527.0,Kristina Novak,25.7,1180.9,514.0,1199.2,534.0,1125.9,520.0,1265.4,1336.8,2025-10,691.0,-0.27,wta
528.0,Valeriya Strakhova,31.1,1173.2,538.0,1105.6,514.0,1185.3,521.0,1261.6,1455.2,2025-03,551.0,-0.04,wta
529.0,Daria Zelinskaya,21.8,1168.9,529.0,1157.4,504.0,1199.5,523.0,1259.5,1337.4,2026-04,605.0,-0.13,wta
530.0,Mayuka Aikawa,28.3,1167.6,537.0,1127.3,518.0,1176.9,524.0,1258.8,1237.7,2025-09,556.0,-0.05,wta
531.0,Natalija Senic,23.6,1166.7,467.0,1255.1,539.0,1109.6,525.0,1258.4,1291.3,2025-03,357.0,0.4,wta
532.0,Sofia Shapatava,37.5,1163.2,528.0,1165.2,527.0,1155.5,537.0,1227.0,1540.0,2014-06,469.0,0.13,wta
533.0,Chengyiyi Yuan,25.7,1152.4,540.0,1070.0,480.0,1237.1,529.0,1251.2,1322.3,2016-10,443.0,0.18,wta
534.0,Lian Tran,24.0,1152.3,518.0,1191.1,533.0,1133.6,528.0,1254.3,1501.0,2025-02,830.0,-0.44,wta
535.0,Nadiia Kolb,33.2,1150.7,535.0,1134.4,529.0,1147.6,530.0,1250.3,1236.7,2026-02,910.0,-0.53,wta
536.0,Ekaterina Yashina,32.9,1145.9,533.0,1143.4,540.0,1108.7,542.0,1208.1,1263.8,2011-07,514.0,0.04,wta
537.0,Julia Adams,26.8,1131.6,532.0,1148.9,537.0,1119.0,534.0,1240.8,1380.3,2025-03,480.0,0.11,wta
538.0,Ana Grubor,22.5,1127.8,534.0,1137.6,538.0,1114.8,535.0,1238.9,1221.7,2026-07,515.0,0.04,wta
539.0,Sapfo Sakellaridi,23.3,1119.6,541.0,1069.8,536.0,1123.8,536.0,1234.8,1437.6,2023-07,448.0,0.18,wta
540.0,Demi Tran,25.6,1092.4,531.0,1149.0,544.0,1065.1,538.0,1221.2,1298.0,2024-07,698.0,-0.26,wta
541.0,Alba Rey Garcia,24.1,1089.1,539.0,1086.3,541.0,1097.3,540.0,1219.6,1169.0,2024-08,634.0,-0.16,wta
542.0,Chenting Zhu,18.7,1082.0,542.0,1064.4,535.0,1125.5,541.0,1216.0,1205.2,2024-09,638.0,-0.16,wta
543.0,Amy Zhu,31.6,1050.8,543.0,1060.2,542.0,1084.7,543.0,1200.4,1312.7,2019-09,697.0,-0.25,wta
544.0,Sara Lanca,28.9,1019.6,544.0,1003.5,543.0,1077.3,544.0,1184.8,1187.1,2021-09,1170.0,-0.77,wta
