tournament,tournament_url,player1,player1_slug,odds1,odds2,match_id,sets_won1,player2,player2_slug,sets_won2,score,date
Hurghada 9 ITF,https://www.tennisexplorer.com/hurghada-9-itf/2026/wta-women/,Abouelsaad H.,abouelsaad,,,3310057,,Vuap N.,vuap,,,2026-09-01
UTR Pro Match Series,https://www.tennisexplorer.com/utr-pro-match-series/2026/wta-women/,Kiss C.,kiss-c6d87,,,3308079,,Evans K.,evans-1fe65,,,2026-09-01
UTR Pro Match Series,https://www.tennisexplorer.com/utr-pro-match-series/2026/wta-women/,Gisone M.,gisone,,,3305167,,Larke Z.,larke,,,2026-09-01
UTR Pro Match Series,https://www.tennisexplorer.com/utr-pro-match-series/2026/wta-women/,Bluestein C.,bluestein,4.7,1.15,3309725,,Fernandez B.,fernandez-5ed6d,,,2026-09-01
UTR Pro Match Series,https://www.tennisexplorer.com/utr-pro-match-series/2026/wta-women/,Dong N.,dong-70dd0,,,3310591,,Villegas G.,villegas-e5a71,,,2026-09-01
UTR Pro Match Series,https://www.tennisexplorer.com/utr-pro-match-series/2026/wta-women/,Dong N.,dong-70dd0,1.05,6.83,3310593,,Bonilla L.,bonilla-e5896,,,2026-09-01
UTR Pro Match Series,https://www.tennisexplorer.com/utr-pro-match-series/2026/wta-women/,Dadoun N.,dadoun,,,3310247,,Zack A.,zack,,,2026-09-01
UTR Pro Match Series,https://www.tennisexplorer.com/utr-pro-match-series/2026/wta-women/,Dadoun N.,dadoun,2.05,1.63,3310595,,Potter W.,potter-3a780,,,2026-09-01
UTR Pro Match Series,https://www.tennisexplorer.com/utr-pro-match-series/2026/wta-women/,Andreevskaya V.,andreevskaya,7.5,1.04,3310249,,Kubacha Z.,kubacha,,,2026-09-01
UTR Pro Match Series,https://www.tennisexplorer.com/utr-pro-match-series/2026/wta-women/,Abbagnato A.,abbagnato,1.03,9.0,3310251,,Gao D.,gao-bd960,,,2026-09-01
UTR Pro Tennis Series 5,https://www.tennisexplorer.com/utr-pro-tennis-series-5/2026/wta-women/,Molchanova O.,molchanova-ae9b6,12.0,1.01,3308861,,Vasilescu A.,vasilescu-c0729,,,2026-09-01
UTR Pro Tennis Series 5,https://www.tennisexplorer.com/utr-pro-tennis-series-5/2026/wta-women/,Gvozdenovic S.,gvozdenovic,17.0,1.02,3308075,,Terziyska J.,terziyska,,,2026-09-01
UTR Pro Tennis Series 5,https://www.tennisexplorer.com/utr-pro-tennis-series-5/2026/wta-women/,Vajsejtlova T.,vajsejtlova,1.04,8.67,3308863,,Veljacic Z.,veljacic,,,2026-09-01
UTR Pro Tennis Series 5,https://www.tennisexplorer.com/utr-pro-tennis-series-5/2026/wta-women/,Siedliska N.,siedliska,,,3310583,,Hirschi E.,hirschi,,,2026-09-01
UTR Pro Tennis Series 3,https://www.tennisexplorer.com/utr-pro-tennis-series-3/2026/atp-men/,Karra T.,karra,1.55,2.2,3308007,,Vuglar L.,vuglar,,,2026-09-01
UTR Pro Tennis Series 3,https://www.tennisexplorer.com/utr-pro-tennis-series-3/2026/atp-men/,Linde Palacios S.,linde-palacios,,,3309449,,Karra T.,karra,,,2026-09-01
UTR Pro Tennis Series 3,https://www.tennisexplorer.com/utr-pro-tennis-series-3/2026/atp-men/,Linde Palacios S.,linde-palacios,1.04,7.67,3310631,,Azoulay E.,azoulay,,,2026-09-01
UTR Pro Tennis Series 3,https://www.tennisexplorer.com/utr-pro-tennis-series-3/2026/atp-men/,Karra T.,karra,,,3310633,,Patel M.,patel-07114,,,2026-09-01
UTR Pro Tennis Series 3,https://www.tennisexplorer.com/utr-pro-tennis-series-3/2026/atp-men/,Tafarelo Vargas E.,tafarelo-vargas,7.17,1.05,3310635,,Schiessl E.,schiessl-49747,,,2026-09-01
UTR Pro Tennis Series 3,https://www.tennisexplorer.com/utr-pro-tennis-series-3/2026/atp-men/,Salazar A.,salazar-28fb1,8.67,1.03,3310639,,Jirousek T.,jirousek,,,2026-09-01
UTR Pro Tennis Series 3,https://www.tennisexplorer.com/utr-pro-tennis-series-3/2026/atp-men/,Faraci M.,faraci,6.5,1.05,3310641,,Bowden L.,bowden-3ebfb,,,2026-09-01
UTR Pro Tennis Series 5,https://www.tennisexplorer.com/utr-pro-tennis-series-5/2026/atp-men/,Hollemans S.,hollemans,1.42,2.5,3310285,,Maguire C.,maguire-2de31,,,2026-09-01
UTR Pro Tennis Series 5,https://www.tennisexplorer.com/utr-pro-tennis-series-5/2026/atp-men/,Hollemans S.,hollemans,,,3310287,,Macaulay S.,macaulay,,,2026-09-01
UTR Pro Tennis Series 5,https://www.tennisexplorer.com/utr-pro-tennis-series-5/2026/atp-men/,Pernas T.,pernas,1.03,7.75,3310685,,Clarke T.,clarke-85ef3,,,2026-09-01
UTR Pro Tennis Series 9,https://www.tennisexplorer.com/utr-pro-tennis-series-9/2026/atp-men/,Ono C.,ono-7a4c5,1.82,1.82,3310239,,Gasanov R.,gasanov-6a3d1,,,2026-09-01
UTR Pro Tennis Series 9,https://www.tennisexplorer.com/utr-pro-tennis-series-9/2026/atp-men/,Ozaki K.,ozaki-529a4,,,3310585,,Hung K.,hung-9f1c7,,,2026-09-01
UTR Pro Tennis Series 9,https://www.tennisexplorer.com/utr-pro-tennis-series-9/2026/atp-men/,Shtengelov A.,shtengelov-0b8d1,8.83,1.04,3309573,,Mochizuki K.,mochizuki-e154a,,,2026-09-01
US Open,https://www.tennisexplorer.com/us-open/2026/atp-men/,Auger Aliassime F.,auger-aliassime,1.09,7.31,3307387,3.0,Hijikata R.,hijikata,1.0,7-5 4-6 6-3 7-5,2026-09-01
US Open,https://www.tennisexplorer.com/us-open/2026/atp-men/,Shelton B.,shelton-38989,1.12,6.28,3307433,3.0,Griekspoor T.,griekspoor-d58ed,1.0,1-6 6-1 7-2,2026-09-01
US Open,https://www.tennisexplorer.com/us-open/2026/atp-men/,Popyrin A.,popyrin,2.63,1.49,3307831,3.0,Dimitrov G.,dimitrov-779bc,1.0,3-6 6-3 6-2 6-4,2026-09-01
US Open,https://www.tennisexplorer.com/us-open/2026/atp-men/,Mensik J.,mensik,1.1,7.23,3307841,3.0,Mochizuki S.,mochizuki-f2487,0.0,6-1 6-4 7-5,2026-09-01
US Open,https://www.tennisexplorer.com/us-open/2026/atp-men/,Tiafoe F.,tiafoe,1.24,4.06,3307419,3.0,Damm M.,damm-4f98a,2.0,6-4 4-6 3-6 6-3 6-4,2026-09-01
US Open,https://www.tennisexplorer.com/us-open/2026/atp-men/,Comesana F.,comesana-c17e0,4.46,1.21,3307407,,Cobolli F.,cobolli-d6311,,,2026-09-01
US Open,https://www.tennisexplorer.com/us-open/2026/atp-men/,Fritz T.,fritz-f1aa7,1.02,16.09,3307399,,Blanch D.,blanch-748a3,,,2026-09-01
US Open,https://www.tennisexplorer.com/us-open/2026/atp-men/,Sweeny D.,sweeny,3.29,1.34,3307371,,Moutet C.,moutet,,,2026-09-01
US Open,https://www.tennisexplorer.com/us-open/2026/atp-men/,Misolic F.,misolic,10.23,1.05,3307403,,Cerundolo F.,cerundolo,,,2026-09-01
US Open,https://www.tennisexplorer.com/us-open/2026/atp-men/,Basavareddy N.,basavareddy,1.31,3.49,3307849,,Schoolkate T.,schoolkate,,,2026-09-01
US Open,https://www.tennisexplorer.com/us-open/2026/atp-men/,Bellucci M.,bellucci-47e7e,1.45,2.77,3307845,,Piros Z.,piros,,,2026-09-01
US Open,https://www.tennisexplorer.com/us-open/2026/atp-men/,Fery A.,fery,3.89,1.26,3307373,,Musetti L.,musetti,,,2026-09-01
US Open,https://www.tennisexplorer.com/us-open/2026/atp-men/,Bergs Z.,bergs,1.04,12.04,3307383,,Taberner C.,taberner,,,2026-09-01
US Open,https://www.tennisexplorer.com/us-open/2026/atp-men/,Ugo Carabelli C.,ugo-carabelli,2.74,1.46,3307401,,Struff J.,struff,,,2026-09-01
US Open,https://www.tennisexplorer.com/us-open/2026/atp-men/,De Jong J.,de-jong-57322,1.72,2.15,3307837,,Passaro F.,passaro-5f6f1,,,2026-09-01
US Open,https://www.tennisexplorer.com/us-open/2026/atp-men/,Cerundolo J.,cerundolo-08df6,2.11,1.74,3310267,,Gea A.,gea,,,2026-09-01
US Open,https://www.tennisexplorer.com/us-open/2026/atp-men/,Jodar R.,jodar,1.1,7.09,3312959,,Yunchaokete B.,yunchaokete,,,2026-09-01
US Open,https://www.tennisexplorer.com/us-open/2026/atp-men/,Marozsan F.,marozsan,2.22,1.66,3307377,,Zheng M.,zheng-c91db,,,2026-09-01
US Open,https://www.tennisexplorer.com/us-open/2026/atp-men/,Svajda Z.,svajda,1.64,2.26,3307379,,Altmaier D.,altmaier,,,2026-09-01
US Open,https://www.tennisexplorer.com/us-open/2026/atp-men/,Molcan A.,molcan,2.7,1.46,3307391,,Bonzi B.,bonzi-a38fa,,,2026-09-01
Zhangjiagang challenger,https://www.tennisexplorer.com/zhangjiagang-challenger/2026/atp-men/,Simakin I.,simakin,1.25,3.71,3308153,2.0,Yevseyev D.,yevseyev,0.0,6-1 6-2,2026-09-01
Zhangjiagang challenger,https://www.tennisexplorer.com/zhangjiagang-challenger/2026/atp-men/,Dellavedova M.,dellavedova,1.46,2.58,3308155,1.0,Castelnuovo L.,castelnuovo,0.0,4-6 6-3 4-1,2026-09-01
Zhangjiagang challenger,https://www.tennisexplorer.com/zhangjiagang-challenger/2026/atp-men/,Tomic B.,tomic-4ca3d,1.45,2.6,3308143,2.0,Imamura M.,imamura-da963,1.0,6-4 3-6 6-4,2026-09-01
Zhangjiagang challenger,https://www.tennisexplorer.com/zhangjiagang-challenger/2026/atp-men/,Hsu Y.,hsu-b2ce0,1.57,2.29,3308161,1.0,Ymer E.,ymer,0.0,7-5,2026-09-01
Zhangjiagang challenger,https://www.tennisexplorer.com/zhangjiagang-challenger/2026/atp-men/,Matsuda K.,matsuda-ec691,2.0,1.74,3310933,2.0,Delaney J.,delaney,0.0,,2026-09-01
Zhangjiagang challenger,https://www.tennisexplorer.com/zhangjiagang-challenger/2026/atp-men/,Leong M.,leong-e28bd,2.1,1.67,3310931,2.0,Bar Biryukov P.,bar-biryukov,0.0,7-3,2026-09-01
Zhangjiagang challenger,https://www.tennisexplorer.com/zhangjiagang-challenger/2026/atp-men/,Tseng C.,tseng-5c1bc,1.22,4.01,3308145,2.0,Zhang T.,zhang-45382,0.0,6-4 6-0,2026-09-01
Zhangjiagang challenger,https://www.tennisexplorer.com/zhangjiagang-challenger/2026/atp-men/,Samrej K.,samrej-f05ce,2.04,1.71,3310929,2.0,Moriya H.,moriya,0.0,6-1,2026-09-01
Zhangjiagang challenger,https://www.tennisexplorer.com/zhangjiagang-challenger/2026/atp-men/,Sultanov K.,sultanov,1.61,2.22,3310935,2.0,Fomin S.,fomin,0.0,7-5 6-0,2026-09-01
Zhangjiagang challenger,https://www.tennisexplorer.com/zhangjiagang-challenger/2026/atp-men/,Ivashka I.,ivashka,1.77,1.96,3308157,2.0,Zhou Y.,zhou-472f7,1.0,3-6 7-3,2026-09-01
Zhangjiagang challenger,https://www.tennisexplorer.com/zhangjiagang-challenger/2026/atp-men/,Aguiard E.,aguiard,2.95,1.36,3310937,2.0,Matsuoka H.,matsuoka-5fe86,0.0,6-3 6-4,2026-09-01
Zhangjiagang challenger,https://www.tennisexplorer.com/zhangjiagang-challenger/2026/atp-men/,Santillan A.,santillan-29bed,2.43,1.51,3310939,2.0,Jasika O.,jasika,0.0,6-2 6-3,2026-09-01
Como challenger,https://www.tennisexplorer.com/como-challenger/2026/atp-men/,Feldbausch K.,feldbausch,1.2,4.3,3308237,2.0,Soto M.,soto-fec8d,0.0,6-3 6-2,2026-09-01
Como challenger,https://www.tennisexplorer.com/como-challenger/2026/atp-men/,Seyboth Wild T.,seyboth-wild,1.62,2.19,3308249,2.0,Krumich M.,krumich,0.0,6-3 6-4,2026-09-01
Como challenger,https://www.tennisexplorer.com/como-challenger/2026/atp-men/,Jianu F.,jianu-c67fb,2.19,1.62,3308239,1.0,Squire H.,squire,0.0,6-4 2-1,2026-09-01
Como challenger,https://www.tennisexplorer.com/como-challenger/2026/atp-men/,Nikles J.,nikles,2.82,1.39,3311539,2.0,Wallin O.,wallin-c26c8,1.0,6-4 3-6 6-4,2026-09-01
Como challenger,https://www.tennisexplorer.com/como-challenger/2026/atp-men/,Gombos N.,gombos,1.82,1.91,3311541,2.0,Kopp S.,kopp-0e635,0.0,6-3 6-3,2026-09-01
Como challenger,https://www.tennisexplorer.com/como-challenger/2026/atp-men/,Bernet H.,bernet,1.69,2.09,3308247,1.0,Napolitano S.,napolitano,0.0,3-0,2026-09-01
Como challenger,https://www.tennisexplorer.com/como-challenger/2026/atp-men/,Nedic A.,nedic,2.15,1.65,3311537,2.0,Sakellaridis S.,sakellaridis-6aacb,1.0,2-6 6-3,2026-09-01
Como challenger,https://www.tennisexplorer.com/como-challenger/2026/atp-men/,Clarke J.,clarke-60a59,1.81,1.92,3311545,2.0,Forti F.,forti-f61d4,0.0,6-2 6-4,2026-09-01
Como challenger,https://www.tennisexplorer.com/como-challenger/2026/atp-men/,Martin Manzano J.,martin-manzano,1.55,2.32,3311543,2.0,Tabacco F.,tabacco,1.0,6-3 3-6 6-0,2026-09-01
Como challenger,https://www.tennisexplorer.com/como-challenger/2026/atp-men/,Ajdukovic D.,ajdukovic,2.71,1.42,3308255,2.0,Brancaccio R.,brancaccio,0.0,7-2,2026-09-01
Como challenger,https://www.tennisexplorer.com/como-challenger/2026/atp-men/,Martinez P.,martinez-c0caf,1.29,3.41,3308257,1.0,Carboni L.,carboni-ecd4c,0.0,6-1 3-0,2026-09-01
Mallorca challenger,https://www.tennisexplorer.com/mallorca-challenger/2026/atp-men/,Balshaw F.,balshaw,1.87,1.85,3310219,2.0,Holmgren A.,holmgren-a5794,0.0,7-5,2026-09-01
Mallorca challenger,https://www.tennisexplorer.com/mallorca-challenger/2026/atp-men/,Pinnington Jones J.,pinnington-jones,1.47,2.56,3310211,2.0,Echargui M.,echargui,1.0,2-6 6-4 6-4,2026-09-01
Mallorca challenger,https://www.tennisexplorer.com/mallorca-challenger/2026/atp-men/,Schwaerzler J.,schwaerzler,1.6,2.23,3310207,2.0,Basing M.,basing,1.0,6-3 6-7,2026-09-01
Mallorca challenger,https://www.tennisexplorer.com/mallorca-challenger/2026/atp-men/,Butvilas E.,butvilas,1.71,2.05,3310203,1.0,Ofner S.,ofner-44428,0.0,2-6 6-0 3-0,2026-09-01
Mallorca challenger,https://www.tennisexplorer.com/mallorca-challenger/2026/atp-men/,Harris B.,harris-5a94c,1.82,1.9,3310217,2.0,Grenier H.,grenier-baaf0,0.0,6-2,2026-09-01
Mallorca challenger,https://www.tennisexplorer.com/mallorca-challenger/2026/atp-men/,Bertola R.,bertola-e4bb8,2.98,1.36,3310205,2.0,Kym J.,kym,1.0,4-6 6-3,2026-09-01
Porto 2 challenger,https://www.tennisexplorer.com/porto-2-challenger/2026/atp-men/,Cecchinato M.,cecchinato,1.31,3.25,3308885,2.0,Hardt N.,hardt-79c77,1.0,4-6 6-0 6-3,2026-09-01
Porto 2 challenger,https://www.tennisexplorer.com/porto-2-challenger/2026/atp-men/,Dalla Valle E.,dalla-valle,1.62,2.18,3308879,2.0,McDonald N.,mcdonald-245be,0.0,6-3 6-4,2026-09-01
Porto 2 challenger,https://www.tennisexplorer.com/porto-2-challenger/2026/atp-men/,Damas M.,damas,2.5,1.49,3308887,2.0,Sanchez Izquierdo N.,sanchez-izquierdo-99add,1.0,7-5 1-6 7-5,2026-09-01
Porto 2 challenger,https://www.tennisexplorer.com/porto-2-challenger/2026/atp-men/,Mena F.,mena-99e7a,1.52,2.38,3311547,2.0,Schoen P.,schoen-d4727,0.0,6-4 6-2,2026-09-01
Porto 2 challenger,https://www.tennisexplorer.com/porto-2-challenger/2026/atp-men/,Dellien H.,dellien,1.4,2.76,3308891,2.0,Silva F.,silva-cb43c,0.0,6-3 6-3,2026-09-01
Porto 2 challenger,https://www.tennisexplorer.com/porto-2-challenger/2026/atp-men/,Kuzmanov D.,kuzmanov,1.13,5.45,3311555,2.0,Ayeni A.,ayeni-bd31c,1.0,6-2 1-6 6-3,2026-09-01
Porto 2 challenger,https://www.tennisexplorer.com/porto-2-challenger/2026/atp-men/,Bailly G.,bailly-a8c26,1.91,1.81,3308889,2.0,Barrena A.,barrena-f6642,0.0,7-3,2026-09-01
Porto 2 challenger,https://www.tennisexplorer.com/porto-2-challenger/2026/atp-men/,Moro Canas A.,moro-canas,1.2,4.2,3311553,2.0,Cacao T.,cacao-391a5,1.0,3-6 6-1 6-4,2026-09-01
Porto 2 challenger,https://www.tennisexplorer.com/porto-2-challenger/2026/atp-men/,Visker N.,visker,2.61,1.46,3311549,2.0,Olivieri G.,olivieri-ff875,1.0,7-7,2026-09-01
Porto 2 challenger,https://www.tennisexplorer.com/porto-2-challenger/2026/atp-men/,Pereira T.,pereira-96af4,1.26,3.56,3308871,2.0,Rocha F.,rocha-a46b1,0.0,6-4 7-5,2026-09-01
Porto 2 challenger,https://www.tennisexplorer.com/porto-2-challenger/2026/atp-men/,Vives Marcos P.,vives-marcos,1.92,1.8,3311551,2.0,Ribeiro E.,ribeiro-a7963,0.0,7-4,2026-09-01
Plovdiv 3 challenger,https://www.tennisexplorer.com/plovdiv-3-challenger/2026/atp-men/,Ovcharenko O.,ovcharenko-bb3a3,1.39,2.79,3310919,2.0,Strombachs R.,strombachs,0.0,6-2,2026-09-01
Plovdiv 3 challenger,https://www.tennisexplorer.com/plovdiv-3-challenger/2026/atp-men/,Faurel T.,faurel-53b9f,1.31,3.28,3310921,2.0,Tabacco G.,tabacco-3fc98,0.0,7-5 7-5,2026-09-01
Plovdiv 3 challenger,https://www.tennisexplorer.com/plovdiv-3-challenger/2026/atp-men/,Kravchenko G.,kravchenko-62c4a,1.96,1.77,3308277,2.0,Siniakov D.,siniakov,1.0,7-6,2026-09-01
Plovdiv 3 challenger,https://www.tennisexplorer.com/plovdiv-3-challenger/2026/atp-men/,Hemery C.,hemery,1.43,2.67,3308285,2.0,Vanshelboim E.,vanshelboim,1.0,3-6 6-0 6-2,2026-09-01
Plovdiv 3 challenger,https://www.tennisexplorer.com/plovdiv-3-challenger/2026/atp-men/,Martin Tiffon P.,martin-tiffon,1.46,2.58,3308275,2.0,Ficovich J.,ficovich,0.0,6-4 6-4,2026-09-01
Plovdiv 3 challenger,https://www.tennisexplorer.com/plovdiv-3-challenger/2026/atp-men/,Mashtakov M.,mashtakov,1.36,2.95,3310925,2.0,Popovic S.,popovic-c2486,0.0,7-5,2026-09-01
Plovdiv 3 challenger,https://www.tennisexplorer.com/plovdiv-3-challenger/2026/atp-men/,Iannaccone F.,iannaccone,1.88,1.84,3310927,2.0,Estevez J.,estevez-4ab72,1.0,4-6 6-3 6-1,2026-09-01
Plovdiv 3 challenger,https://www.tennisexplorer.com/plovdiv-3-challenger/2026/atp-men/,La Serna J.,la-serna,1.49,2.47,3308289,2.0,Vasilev A.,vasilev-518d3,0.0,6-1 6-2,2026-09-01
Plovdiv 3 challenger,https://www.tennisexplorer.com/plovdiv-3-challenger/2026/atp-men/,Mrva M.,mrva,1.3,3.31,3308295,2.0,Prihodko O.,prihodko,1.0,7-5 6-7,2026-09-01
Plovdiv 3 challenger,https://www.tennisexplorer.com/plovdiv-3-challenger/2026/atp-men/,Aboian V.,aboian-f7ddc,2.69,1.43,3308291,1.0,Topo M.,topo-77408,0.0,6-1 3-0,2026-09-01
Plovdiv 3 challenger,https://www.tennisexplorer.com/plovdiv-3-challenger/2026/atp-men/,Parisca I.,parisca,2.37,1.53,3310923,2.0,Planinsek F.,planinsek,0.0,6-2 6-4,2026-09-01
Plovdiv 3 challenger,https://www.tennisexplorer.com/plovdiv-3-challenger/2026/atp-men/,Milev Y.,milev,4.03,1.21,3308287,2.0,Nesterov P.,nesterov-34bdf,1.0,7-6 3-4,2026-09-01
Plovdiv 3 challenger,https://www.tennisexplorer.com/plovdiv-3-challenger/2026/atp-men/,Sorger S.,sorger,1.74,2.0,3308293,2.0,Brunclik P.,brunclik-d09d6,0.0,7-1,2026-09-01
Plovdiv 3 challenger,https://www.tennisexplorer.com/plovdiv-3-challenger/2026/atp-men/,Saitoh K.,saitoh,1.02,12.3,3310753,2.0,Okabe S.,okabe-6c73c,0.0,6-1 6-4,2026-09-01
Plovdiv 3 challenger,https://www.tennisexplorer.com/plovdiv-3-challenger/2026/atp-men/,Tanuma R.,tanuma,1.69,2.05,3310757,2.0,Kawahashi Y.,kawahashi,1.0,1-6 6-4 6-1,2026-09-01
Plovdiv 3 challenger,https://www.tennisexplorer.com/plovdiv-3-challenger/2026/atp-men/,Mitsui S.,mitsui-086f9,1.12,5.36,3310755,2.0,Nakagawa S.,nakagawa-5e4d8,0.0,6-4 6-2,2026-09-01
Plovdiv 3 challenger,https://www.tennisexplorer.com/plovdiv-3-challenger/2026/atp-men/,Koizumi N.,koizumi-d8ff3,1.45,2.58,3310751,2.0,Takahata R.,takahata-acdb6,0.0,7-5 6-3,2026-09-01
Plovdiv 3 challenger,https://www.tennisexplorer.com/plovdiv-3-challenger/2026/atp-men/,Ichikawa T.,ichikawa-3744f,2.2,1.59,3310761,2.0,Roddick J.,roddick-30f1b,0.0,6-1 7-5,2026-09-01
Plovdiv 3 challenger,https://www.tennisexplorer.com/plovdiv-3-challenger/2026/atp-men/,Oki Y.,oki-e89d0,2.69,1.4,3310759,2.0,Imai S.,imai-69d8b,0.0,6-1 6-4,2026-09-01
Plovdiv 3 challenger,https://www.tennisexplorer.com/plovdiv-3-challenger/2026/atp-men/,Ochi M.,ochi-91d1b,1.46,2.56,3310745,2.0,Tanaka Y.,tanaka-5cb9d,0.0,6-2 6-1,2026-09-01
Plovdiv 3 challenger,https://www.tennisexplorer.com/plovdiv-3-challenger/2026/atp-men/,Lee K.,lee-da7c4,1.41,2.63,3310743,1.0,Katayama S.,katayama,0.0,3-6 6-3 3-0,2026-09-01
Plovdiv 3 challenger,https://www.tennisexplorer.com/plovdiv-3-challenger/2026/atp-men/,Reco A.,reco,2.57,1.45,3312041,2.0,Malige M.,malige-dbd0f,0.0,7-5 7-5,2026-09-01
Plovdiv 3 challenger,https://www.tennisexplorer.com/plovdiv-3-challenger/2026/atp-men/,Knaff A.,knaff,1.56,2.26,3312035,1.0,Aguilar J.,aguilar-9f10a,0.0,6-1,2026-09-01
Plovdiv 3 challenger,https://www.tennisexplorer.com/plovdiv-3-challenger/2026/atp-men/,Dalmasso G.,dalmasso,1.39,2.77,3312033,2.0,Dando J.,dando,1.0,5-7 6-4 6-3,2026-09-01
Plovdiv 3 challenger,https://www.tennisexplorer.com/plovdiv-3-challenger/2026/atp-men/,Hartig R.,hartig-c180c,2.15,1.62,3312247,2.0,Held J.,held-8a2c8,1.0,6-3 2-6 6-3,2026-09-01
Plovdiv 3 challenger,https://www.tennisexplorer.com/plovdiv-3-challenger/2026/atp-men/,Ehrenschneider N.,ehrenschneider,1.58,2.22,3312249,2.0,Braynin A.,braynin,0.0,6-3 6-2,2026-09-01
Plovdiv 3 challenger,https://www.tennisexplorer.com/plovdiv-3-challenger/2026/atp-men/,Majdandzic M.,majdandzic,1.71,2.02,3312245,2.0,Schlageter J.,schlageter,1.0,6-4 4-6 6-3,2026-09-01
Plovdiv 3 challenger,https://www.tennisexplorer.com/plovdiv-3-challenger/2026/atp-men/,Echeverria J.,echeverria-ef17c,1.02,15.21,3312023,2.0,Barreira Bonzom V.,barreira-bonzom,0.0,6-3 6-2,2026-09-01
Plovdiv 3 challenger,https://www.tennisexplorer.com/plovdiv-3-challenger/2026/atp-men/,Vasa I.,vasa-a72b8,1.03,9.86,3312251,2.0,Grunewald N.,grunewald,0.0,7-5,2026-09-01
Plovdiv 3 challenger,https://www.tennisexplorer.com/plovdiv-3-challenger/2026/atp-men/,Barsukov N.,barsukov-dff96,1.44,2.59,3312253,2.0,Djonov C.,djonov,0.0,6-2 6-1,2026-09-01
Plovdiv 3 challenger,https://www.tennisexplorer.com/plovdiv-3-challenger/2026/atp-men/,Perot R.,perot,1.17,4.45,3312047,2.0,Porras J.,porras,0.0,6-1 6-2,2026-09-01
Plovdiv 3 challenger,https://www.tennisexplorer.com/plovdiv-3-challenger/2026/atp-men/,Habib H.,habib,1.12,5.28,3312037,2.0,Tarrio Ponte A.,tarrio-ponte,0.0,6-4 6-2,2026-09-01
Plovdiv 3 challenger,https://www.tennisexplorer.com/plovdiv-3-challenger/2026/atp-men/,Williams A.,williams-8a3c4,1.04,9.32,3312255,2.0,Tsapenko M.,tsapenko,0.0,6-4 6-0,2026-09-01
Plovdiv 3 challenger,https://www.tennisexplorer.com/plovdiv-3-challenger/2026/atp-men/,Garcian A.,garcian,1.03,9.87,3312021,2.0,Dubinin A.,dubinin,0.0,6-3 6-4,2026-09-01
Plovdiv 3 challenger,https://www.tennisexplorer.com/plovdiv-3-challenger/2026/atp-men/,Pattanalertphan N.,pattanalertphan,,,3311521,,De Cuyper J.,de-cuyper,,,2026-09-01
Plovdiv 3 challenger,https://www.tennisexplorer.com/plovdiv-3-challenger/2026/atp-men/,Wassermann D.,wassermann,,,3311749,,Van Weldam S.,van-weldam,,,2026-09-01
Plovdiv 3 challenger,https://www.tennisexplorer.com/plovdiv-3-challenger/2026/atp-men/,Bozemoj S.,bozemoj-2b9e6,,,3311753,,Khoeblal E.,khoeblal,,,2026-09-01
Plovdiv 3 challenger,https://www.tennisexplorer.com/plovdiv-3-challenger/2026/atp-men/,Jones H.,jones-44ce4,1.18,4.2,3310711,2.0,Konowczuk W.,konowczuk,0.0,6-0 6-1,2026-09-01
Plovdiv 3 challenger,https://www.tennisexplorer.com/plovdiv-3-challenger/2026/atp-men/,Chanta T.,chanta,1.27,3.42,3311505,2.0,Masabayashi T.,masabayashi,0.0,6-1 6-2,2026-09-01
Plovdiv 3 challenger,https://www.tennisexplorer.com/plovdiv-3-challenger/2026/atp-men/,Barki N.,barki-be9dc,3.36,1.27,3310723,2.0,Perez Ramos P.,perez-ramos,1.0,6-2 2-6 6-4,2026-09-01
Plovdiv 3 challenger,https://www.tennisexplorer.com/plovdiv-3-challenger/2026/atp-men/,O'Connell B.,o-connell-6a282,1.13,5.25,3311507,2.0,Suresh K.,suresh-9450c,1.0,6-3 2-6 6-2,2026-09-01
Plovdiv 3 challenger,https://www.tennisexplorer.com/plovdiv-3-challenger/2026/atp-men/,Nirundorn T.,nirundorn-9d4b6,,,3311523,2.0,Dzhavakian Y.,dzhavakian,0.0,6-3 6-1,2026-09-01
Plovdiv 3 challenger,https://www.tennisexplorer.com/plovdiv-3-challenger/2026/atp-men/,Kesarwani M.,kesarwani,2.37,1.51,3311515,2.0,Bertran P.,bertran,1.0,6-4 3-6 6-0,2026-09-01
Plovdiv 3 challenger,https://www.tennisexplorer.com/plovdiv-3-challenger/2026/atp-men/,Singh D.,singh-2e37e,1.37,2.92,3310739,2.0,Visaya A.,visaya,0.0,6-4 6-2,2026-09-01
Plovdiv 3 challenger,https://www.tennisexplorer.com/plovdiv-3-challenger/2026/atp-men/,Borg L.,borg-0659d,1.55,2.32,3310731,2.0,Chang A.,chang-ddf68,0.0,7-5 6-4,2026-09-01
Plovdiv 3 challenger,https://www.tennisexplorer.com/plovdiv-3-challenger/2026/atp-men/,Mehrotra A.,mehrotra,1.56,2.28,3310737,2.0,Dembo J.,dembo,0.0,6-2 6-3,2026-09-01
Plovdiv 3 challenger,https://www.tennisexplorer.com/plovdiv-3-challenger/2026/atp-men/,Vu H.,vu-89974,,,3310729,2.0,Seitz J.,seitz-d0757,0.0,6-2 6-4,2026-09-01
Plovdiv 3 challenger,https://www.tennisexplorer.com/plovdiv-3-challenger/2026/atp-men/,Patton T.,patton-59123,2.27,1.56,3310713,2.0,Rathi A.,rathi-a2882,0.0,6-2,2026-09-01
Plovdiv 3 challenger,https://www.tennisexplorer.com/plovdiv-3-challenger/2026/atp-men/,Ryan Ziegann S.,ryan-ziegann,1.24,3.61,3310725,2.0,Ahren Moonga E.,ahren-moonga,0.0,6-3 6-4,2026-09-01
Plovdiv 3 challenger,https://www.tennisexplorer.com/plovdiv-3-challenger/2026/atp-men/,Bouzige M.,bouzige,1.02,12.22,3311511,2.0,Venkataraman A.,venkataraman-f84b6,0.0,6-4 6-3,2026-09-01
Plovdiv 3 challenger,https://www.tennisexplorer.com/plovdiv-3-challenger/2026/atp-men/,Sureshkumar M.,sureshkumar,1.58,2.22,3311509,2.0,Van Herzeele J.,van-herzeele,0.0,7-3,2026-09-01
Plovdiv 3 challenger,https://www.tennisexplorer.com/plovdiv-3-challenger/2026/atp-men/,Ellis B.,ellis-b4efc,1.18,4.41,3310709,2.0,Falck R.,falck,0.0,7-4,2026-09-01
Plovdiv 3 challenger,https://www.tennisexplorer.com/plovdiv-3-challenger/2026/atp-men/,Melnic V.,melnic,1.21,3.7,3311697,2.0,Morega D.,morega,1.0,5-7 6-4 6-4,2026-09-01
Plovdiv 3 challenger,https://www.tennisexplorer.com/plovdiv-3-challenger/2026/atp-men/,Breazu M.,breazu-5a544,2.06,1.66,3310151,2.0,Misasi G.,misasi,1.0,6-0 1-6 6-4,2026-09-01
Plovdiv 3 challenger,https://www.tennisexplorer.com/plovdiv-3-challenger/2026/atp-men/,Gschwendtner J.,gschwendtner,3.07,1.33,3310157,2.0,Monzon I.,monzon-8e6ef,1.0,7-6 4-4,2026-09-01
Plovdiv 3 challenger,https://www.tennisexplorer.com/plovdiv-3-challenger/2026/atp-men/,Batin T.,batin,1.25,3.55,3310161,2.0,Bentzel C.,bentzel,0.0,6-1 6-3,2026-09-01
Plovdiv 3 challenger,https://www.tennisexplorer.com/plovdiv-3-challenger/2026/atp-men/,Lagarrigue L.,lagarrigue,1.03,11.1,3310153,2.0,Mortasifu M.,mortasifu,0.0,6-2 6-3,2026-09-01
Plovdiv 3 challenger,https://www.tennisexplorer.com/plovdiv-3-challenger/2026/atp-men/,Partal M.,partal,3.28,1.28,3311699,2.0,Hebhang Balan A.,hebhang-balan,1.0,5-7 6-3,2026-09-01
Plovdiv 3 challenger,https://www.tennisexplorer.com/plovdiv-3-challenger/2026/atp-men/,Radu A.,radu-d67d6,1.06,6.94,3311693,2.0,Gadoiu A.,gadoiu,0.0,6-0 6-0,2026-09-01
Plovdiv 3 challenger,https://www.tennisexplorer.com/plovdiv-3-challenger/2026/atp-men/,Marino P.,marino-81908,1.48,2.42,3310155,1.0,Marinescu M.,marinescu-d0d2e,0.0,6-1 4-2,2026-09-01
Plovdiv 3 challenger,https://www.tennisexplorer.com/plovdiv-3-challenger/2026/atp-men/,Petre S.,petre,1.29,3.25,3311695,2.0,Schinteie G.,schinteie-f25b4,1.0,6-2 4-6 6-3,2026-09-01
Plovdiv 3 challenger,https://www.tennisexplorer.com/plovdiv-3-challenger/2026/atp-men/,Alvarez Sarmiento M.,alvarez-sarmiento,1.04,9.25,3311147,2.0,Lopez Dominguez J.,lopez-dominguez,0.0,6-0 6-4,2026-09-01
Plovdiv 3 challenger,https://www.tennisexplorer.com/plovdiv-3-challenger/2026/atp-men/,Turriziani Alvarez A.,turriziani-alvarez,1.06,7.65,3311157,2.0,Lara Salmeron D.,lara-salmeron,0.0,6-1 6-0,2026-09-01
Plovdiv 3 challenger,https://www.tennisexplorer.com/plovdiv-3-challenger/2026/atp-men/,Juhas K.,juhas-379af,1.02,14.62,3311797,2.0,Talavera Cortes E.,talavera-cortes,0.0,6-1 6-3,2026-09-01
Plovdiv 3 challenger,https://www.tennisexplorer.com/plovdiv-3-challenger/2026/atp-men/,Lagerbohm L.,lagerbohm,1.15,4.62,3311215,2.0,Thurner N.,thurner-76329,1.0,7-6 3-1,2026-09-01
Plovdiv 3 challenger,https://www.tennisexplorer.com/plovdiv-3-challenger/2026/atp-men/,Coman M.,coman-da99a,1.59,2.17,3310149,2.0,Brown P.,brown-8a1cb,1.0,6-2 3-6 6-3,2026-09-01
Plovdiv 3 challenger,https://www.tennisexplorer.com/plovdiv-3-challenger/2026/atp-men/,Rispoli N.,rispoli-218ca,2.23,1.58,3311703,2.0,Ignatik U.,ignatik,0.0,6-3 6-2,2026-09-01
Plovdiv 3 challenger,https://www.tennisexplorer.com/plovdiv-3-challenger/2026/atp-men/,Gima S.,gima-59cd8,1.94,1.75,3311705,2.0,Breazu V.,breazu,0.0,7-5 6-0,2026-09-01
Plovdiv 3 challenger,https://www.tennisexplorer.com/plovdiv-3-challenger/2026/atp-men/,Salazar D.,salazar-a04be,,,3311217,,Suresh D.,suresh-b7e90,,,2026-09-01
Plovdiv 3 challenger,https://www.tennisexplorer.com/plovdiv-3-challenger/2026/atp-men/,Mueller C.,mueller-e26d8,1.31,3.39,3311219,,Tejerina S.,tejerina-74c00,,,2026-09-01
Plovdiv 3 challenger,https://www.tennisexplorer.com/plovdiv-3-challenger/2026/atp-men/,Rivera L.,rivera-b0190,1.76,1.96,3311221,,Knitter K.,knitter,,,2026-09-01
Plovdiv 3 challenger,https://www.tennisexplorer.com/plovdiv-3-challenger/2026/atp-men/,Sadzik J.,sadzik,2.95,1.36,3311223,,Wazny A.,wazny,,,2026-09-01
Plovdiv 3 challenger,https://www.tennisexplorer.com/plovdiv-3-challenger/2026/atp-men/,Eichenseher D.,eichenseher,1.73,2.0,3311225,,Szajrych J.,szajrych,,,2026-09-01
Plovdiv 3 challenger,https://www.tennisexplorer.com/plovdiv-3-challenger/2026/atp-men/,Kokot B.,kokot-908be,2.3,1.57,3311227,,Antoni R.,antoni,,,2026-09-01
Plovdiv 3 challenger,https://www.tennisexplorer.com/plovdiv-3-challenger/2026/atp-men/,Borrelli L.,borrelli-c1bd0,4.97,1.14,3311229,,Hallquist Lithen J.,hallquist-lithen,,,2026-09-01
Plovdiv 3 challenger,https://www.tennisexplorer.com/plovdiv-3-challenger/2026/atp-men/,Denolly C.,denolly,1.1,6.25,3312743,,Sterniczuk O.,sterniczuk,,,2026-09-01
Plovdiv 3 challenger,https://www.tennisexplorer.com/plovdiv-3-challenger/2026/atp-men/,Kosinski F.,kosinski-0a13d,3.44,1.29,3312745,,Chlodnicki J.,chlodnicki,,,2026-09-01
Plovdiv 3 challenger,https://www.tennisexplorer.com/plovdiv-3-challenger/2026/atp-men/,Bienkiewicz J.,bienkiewicz,1.23,4.3,3312747,,Pohjola P.,pohjola-89785,,,2026-09-01
Plovdiv 3 challenger,https://www.tennisexplorer.com/plovdiv-3-challenger/2026/atp-men/,Gundacker J.,gundacker,2.59,1.46,3312749,,Marek W.,marek-eb437,,,2026-09-01
Plovdiv 3 challenger,https://www.tennisexplorer.com/plovdiv-3-challenger/2026/atp-men/,Januchowski J.,januchowski,2.59,1.45,3312751,,Homola P.,homola,,,2026-09-01
Plovdiv 3 challenger,https://www.tennisexplorer.com/plovdiv-3-challenger/2026/atp-men/,Galus P.,galus,8.0,1.06,3312753,,Agwi M.,agwi,,,2026-09-01
Plovdiv 3 challenger,https://www.tennisexplorer.com/plovdiv-3-challenger/2026/atp-men/,Juszczak P.,juszczak-e14d8,,,3312755,,Da Silva L.,da-silva-cfb68,,,2026-09-01
Plovdiv 3 challenger,https://www.tennisexplorer.com/plovdiv-3-challenger/2026/atp-men/,Lanik T.,lanik,1.48,2.45,3312757,,Huszar A.,huszar,,,2026-09-01
Plovdiv 3 challenger,https://www.tennisexplorer.com/plovdiv-3-challenger/2026/atp-men/,Aubriot A.,aubriot,2.21,1.59,3311791,2.0,Fumagalli F.,fumagalli-b5d9a,1.0,5-7 6-1 7-5,2026-09-01
Plovdiv 3 challenger,https://www.tennisexplorer.com/plovdiv-3-challenger/2026/atp-men/,Carrascosa Diaz M.,carrascosa-diaz-4432f,1.13,5.18,3311153,2.0,Alekseychuk A.,alekseychuk,0.0,7-5 6-1,2026-09-01
Plovdiv 3 challenger,https://www.tennisexplorer.com/plovdiv-3-challenger/2026/atp-men/,Baker B.,baker-45151,1.68,2.05,3311093,2.0,Seghetti S.,seghetti,1.0,6-2 4-6 6-1,2026-09-01
Plovdiv 3 challenger,https://www.tennisexplorer.com/plovdiv-3-challenger/2026/atp-men/,Bosio G.,bosio-f82d1,1.81,1.86,3311091,2.0,Mazzola F.,mazzola-5c967,0.0,7-5,2026-09-01
Plovdiv 3 challenger,https://www.tennisexplorer.com/plovdiv-3-challenger/2026/atp-men/,Pieleanu R.,pieleanu-4cfdb,1.03,8.92,3311707,2.0,Sardo G.,sardo,0.0,6-3,2026-09-01
Plovdiv 3 challenger,https://www.tennisexplorer.com/plovdiv-3-challenger/2026/atp-men/,Malla B.,malla,1.23,3.68,3312311,2.0,Vertberger I.,vertberger,1.0,6-1 3-6,2026-09-01
Plovdiv 3 challenger,https://www.tennisexplorer.com/plovdiv-3-challenger/2026/atp-men/,Gagliardo L.,gagliardo,1.27,3.25,3312313,2.0,Gay F.,gay-1d3e5,1.0,6-4 1-6 6-3,2026-09-01
Plovdiv 3 challenger,https://www.tennisexplorer.com/plovdiv-3-challenger/2026/atp-men/,Grippo V.,grippo-6a9f4,2.77,1.39,3312309,2.0,Del Pino M.,del-pino-90d8b,0.0,7-5 6-4,2026-09-01
Plovdiv 3 challenger,https://www.tennisexplorer.com/plovdiv-3-challenger/2026/atp-men/,Schenekenberg G.,schenekenberg,1.51,2.43,3312277,2.0,Cunha V.,cunha-cc931,0.0,6-3 6-4,2026-09-01
Plovdiv 3 challenger,https://www.tennisexplorer.com/plovdiv-3-challenger/2026/atp-men/,Branchetti G.,branchetti,1.61,2.18,3312319,2.0,Mouilleron Salvo M.,mouilleron-salvo,0.0,6-0 7-5,2026-09-01
Plovdiv 3 challenger,https://www.tennisexplorer.com/plovdiv-3-challenger/2026/atp-men/,Martinez T.,martinez-d0cfb,1.17,4.51,3312315,2.0,Fernandez Badia A.,fernandez-badia,0.0,6-2 6-4,2026-09-01
Plovdiv 3 challenger,https://www.tennisexplorer.com/plovdiv-3-challenger/2026/atp-men/,Zarate C.,zarate-fab15,1.11,5.45,3312317,2.0,Bruna N.,bruna-45ba3,0.0,6-3,2026-09-01
Plovdiv 3 challenger,https://www.tennisexplorer.com/plovdiv-3-challenger/2026/atp-men/,De Almeida Santos P.,de-almeida-santos,1.53,2.3,3310651,,Malacarne B.,malacarne,,,2026-09-01
Plovdiv 3 challenger,https://www.tennisexplorer.com/plovdiv-3-challenger/2026/atp-men/,Mazza M.,mazza,1.1,5.87,3311097,2.0,Crisostomo G.,crisostomo-ad3fa,0.0,6-2 7-5,2026-09-01
Plovdiv 3 challenger,https://www.tennisexplorer.com/plovdiv-3-challenger/2026/atp-men/,De la Pena B.,de-la-pena-1f846,4.17,1.2,3312321,,Schachter N.,schachter,,,2026-09-01
Plovdiv 3 challenger,https://www.tennisexplorer.com/plovdiv-3-challenger/2026/atp-men/,Cundom J.,cundom,1.72,2.0,3312323,,Monferrer E.,monferrer,,,2026-09-01
Plovdiv 3 challenger,https://www.tennisexplorer.com/plovdiv-3-challenger/2026/atp-men/,Valente R.,valente-54a99,2.66,1.42,3312325,,Villalon N.,villalon-f51a4,,,2026-09-01
Plovdiv 3 challenger,https://www.tennisexplorer.com/plovdiv-3-challenger/2026/atp-men/,Lima E.,lima-eba65,1.21,3.91,3310655,,Braga V.,braga-1d9dd,,,2026-09-01
Plovdiv 3 challenger,https://www.tennisexplorer.com/plovdiv-3-challenger/2026/atp-men/,Braga B.,braga-cdf23,1.6,2.19,3312279,,Martins E.,martins-965aa,,,2026-09-01
Plovdiv 3 challenger,https://www.tennisexplorer.com/plovdiv-3-challenger/2026/atp-men/,Silva L.,silva-cc86e,1.52,2.35,3312281,1.0,Noatto K.,noatto,0.0,7-1,2026-09-01
Plovdiv 3 challenger,https://www.tennisexplorer.com/plovdiv-3-challenger/2026/atp-men/,Baldisserri E.,baldisserri,3.88,1.22,3311095,,Bilardo J.,bilardo-d2636,,,2026-09-01
Plovdiv 3 challenger,https://www.tennisexplorer.com/plovdiv-3-challenger/2026/atp-men/,Garcia Longo N.,garcia-longo,1.93,1.78,3312327,,De Dios F.,de-dios,,,2026-09-01
Plovdiv 3 challenger,https://www.tennisexplorer.com/plovdiv-3-challenger/2026/atp-men/,Castro L.,castro-f56a9,7.19,1.06,3312329,,Corwin F.,corwin-48373,,,2026-09-01
Plovdiv 3 challenger,https://www.tennisexplorer.com/plovdiv-3-challenger/2026/atp-men/,Menzel Piccioli T.,menzel-piccioli,3.91,1.21,3312331,,Darderi V.,darderi-55c66,,,2026-09-01
Plovdiv 3 challenger,https://www.tennisexplorer.com/plovdiv-3-challenger/2026/atp-men/,Crevelaro E.,crevelaro,3.4,1.26,3312283,,Scramin do Lago J.,scramin-do-lago,,,2026-09-01
Plovdiv 3 challenger,https://www.tennisexplorer.com/plovdiv-3-challenger/2026/atp-men/,Dreycopp I.,dreycopp,1.18,4.2,3312333,,Benitez V.,benitez-c429c,,,2026-09-01
Plovdiv 3 challenger,https://www.tennisexplorer.com/plovdiv-3-challenger/2026/atp-men/,Lassaga E.,lassaga,8.59,1.05,3312335,,Torrealba B.,torrealba,,,2026-09-01
Plovdiv 3 challenger,https://www.tennisexplorer.com/plovdiv-3-challenger/2026/atp-men/,Giamichelle S.,giamichelle,1.24,3.7,3312337,,Ross J.,ross-59147,,,2026-09-01
Plovdiv 3 challenger,https://www.tennisexplorer.com/plovdiv-3-challenger/2026/atp-men/,Jara-Lozano N.,jara-lozano,2.39,1.52,3312339,,Aguilar Cardozo F.,aguilar-cardozo-9f958,,,2026-09-01
Plovdiv 3 challenger,https://www.tennisexplorer.com/plovdiv-3-challenger/2026/atp-men/,Pignaton V.,pignaton-f0791,1.13,5.06,3310645,,Garcia Finetto R.,garcia-finetto,,,2026-09-01
Plovdiv 3 challenger,https://www.tennisexplorer.com/plovdiv-3-challenger/2026/atp-men/,Becerra Otarola I.,becerra-otarola,,,3310653,,Nunez D.,nunez-7e736,,,2026-09-01
UTR Pro Tennis Series 3,https://www.tennisexplorer.com/utr-pro-tennis-series-3/2026/atp-men/,Kroslak J.,kroslak-c5d86,1.03,9.17,3312165,,Saltz C.,saltz,,,2026-09-01
UTR Pro Tennis Series 3,https://www.tennisexplorer.com/utr-pro-tennis-series-3/2026/atp-men/,Felsmann F.,felsmann,2.68,1.39,3312163,2.0,Dubas M.,dubas,1.0,6-2 4-6 6-3,2026-09-01
UTR Pro Tennis Series 3,https://www.tennisexplorer.com/utr-pro-tennis-series-3/2026/atp-men/,Prat A.,prat-22e20,1.12,4.75,3312167,2.0,Adesoro A.,adesoro,0.0,6-2 6-2,2026-09-01
UTR Pro Tennis Series 3,https://www.tennisexplorer.com/utr-pro-tennis-series-3/2026/atp-men/,Bernard A.,bernard-56743,1.31,2.98,3312171,,Linde Palacios S.,linde-palacios,,,2026-09-01
UTR Pro Tennis Series 3,https://www.tennisexplorer.com/utr-pro-tennis-series-3/2026/atp-men/,Hernandez J.,hernandez-a6ca8,4.27,1.16,3312173,,Price Pelaez S.,price-pelaez,,,2026-09-01
UTR Pro Tennis Series 3,https://www.tennisexplorer.com/utr-pro-tennis-series-3/2026/atp-men/,Godsick N.,godsick,1.12,4.92,3312169,2.0,Segado Esteve R.,segado-esteve,0.0,6-3 6-0,2026-09-01
UTR Pro Tennis Series 3,https://www.tennisexplorer.com/utr-pro-tennis-series-3/2026/atp-men/,Chang J.,chang-d11ba,1.37,2.75,3312177,,Gordon A.,gordon-95c75,,,2026-09-01
UTR Pro Tennis Series 3,https://www.tennisexplorer.com/utr-pro-tennis-series-3/2026/atp-men/,Krupkin M.,krupkin,1.82,1.84,3312175,,Kuehne C.,kuehne-ad314,,,2026-09-01
UTR Pro Tennis Series 3,https://www.tennisexplorer.com/utr-pro-tennis-series-3/2026/atp-men/,Jirousek T.,jirousek,1.05,7.5,3312179,,McEwan W.,mcewan,,,2026-09-01
UTR Pro Tennis Series 3,https://www.tennisexplorer.com/utr-pro-tennis-series-3/2026/atp-men/,Luethi A.,luethi,4.1,1.27,3312181,,Tafarelo Vargas E.,tafarelo-vargas,,,2026-09-01
UTR Pro Tennis Series 3,https://www.tennisexplorer.com/utr-pro-tennis-series-3/2026/atp-men/,Gallagher G.,gallagher-b2968,1.31,3.02,3312183,,Ahmad C.,ahmad-8c1f4,,,2026-09-01
UTR Pro Tennis Series 3,https://www.tennisexplorer.com/utr-pro-tennis-series-3/2026/atp-men/,Bowden L.,bowden-3ebfb,1.37,2.68,3312185,,Bracks I.,bracks-ed5b2,,,2026-09-01
UTR Pro Tennis Series 3,https://www.tennisexplorer.com/utr-pro-tennis-series-3/2026/atp-men/,Faraci M.,faraci,1.83,1.83,3312187,,Golden J.,golden-e7e71,,,2026-09-01
UTR Pro Tennis Series 3,https://www.tennisexplorer.com/utr-pro-tennis-series-3/2026/atp-men/,Salazar A.,salazar-28fb1,3.68,1.21,3312189,,Poulsen A.,poulsen-447a6,,,2026-09-01
UTR Pro Tennis Series 3,https://www.tennisexplorer.com/utr-pro-tennis-series-3/2026/atp-men/,Hedgecoe D.,hedgecoe,1.96,1.69,3312191,,Cardona Herrera T.,cardona-herrera,,,2026-09-01
UTR Pro Tennis Series 5,https://www.tennisexplorer.com/utr-pro-tennis-series-5/2026/atp-men/,Lulic N.,lulic,,,3312065,2.0,Verlaguet A.,verlaguet,1.0,4-6 7-5 6-3,2026-09-01
UTR Pro Tennis Series 5,https://www.tennisexplorer.com/utr-pro-tennis-series-5/2026/atp-men/,Pernas T.,pernas,,,3312061,2.0,Petrovic D.,petrovic-38c78,0.0,6-4 6-3,2026-09-01
UTR Pro Tennis Series 5,https://www.tennisexplorer.com/utr-pro-tennis-series-5/2026/atp-men/,Milanovic D.,milanovic-d24f1,1.1,5.25,3312067,2.0,Ivanov M.,ivanov-fb6c5,0.0,7-6 7-5,2026-09-01
UTR Pro Tennis Series 5,https://www.tennisexplorer.com/utr-pro-tennis-series-5/2026/atp-men/,Apostolou L.,apostolou,,,3312063,2.0,Murariu J.,murariu,1.0,5-7 6-3 6-4,2026-09-01
UTR Pro Tennis Series 5,https://www.tennisexplorer.com/utr-pro-tennis-series-5/2026/atp-men/,Ristov M.,ristov,1.15,4.35,3312073,2.0,Holban V.,holban-6076d,0.0,6-3 6-2,2026-09-01
UTR Pro Tennis Series 5,https://www.tennisexplorer.com/utr-pro-tennis-series-5/2026/atp-men/,Petrov P.,petrov-80599,7.5,1.03,3312077,2.0,Srbljak G.,srbljak,0.0,6-4 6-1,2026-09-01
UTR Pro Tennis Series 5,https://www.tennisexplorer.com/utr-pro-tennis-series-5/2026/atp-men/,Takacs B.,takacs,1.2,3.68,3312071,2.0,Garcia Gomez H.,garcia-gomez,0.0,6-1 6-2,2026-09-01
UTR Pro Tennis Series 5,https://www.tennisexplorer.com/utr-pro-tennis-series-5/2026/atp-men/,Dazert J.,dazert,2.05,1.63,3312069,2.0,Bianchi N.,bianchi-d8825,1.0,2-6 6-1 6-3,2026-09-01
UTR Pro Tennis Series 5,https://www.tennisexplorer.com/utr-pro-tennis-series-5/2026/atp-men/,Pikkaart J.,pikkaart,2.85,1.33,3311927,,Neubauer C.,neubauer-d88e1,,,2026-09-01
UTR Pro Tennis Series 5,https://www.tennisexplorer.com/utr-pro-tennis-series-5/2026/atp-men/,Sheyngezikht L.,sheyngezikht,,,3312479,,Madarasz G.,madarasz-31016,,,2026-09-01
UTR Pro Tennis Series 5,https://www.tennisexplorer.com/utr-pro-tennis-series-5/2026/atp-men/,Madarasz G.,madarasz-31016,,,3312573,2.0,Szamborski J.,szamborski,0.0,6-2 6-1,2026-09-01
UTR Pro Tennis Series 5,https://www.tennisexplorer.com/utr-pro-tennis-series-5/2026/atp-men/,Krolo F.,krolo,1.1,5.13,3312075,2.0,Corthey L.,corthey,0.0,6-2 6-2,2026-09-01
UTR Pro Tennis Series 5,https://www.tennisexplorer.com/utr-pro-tennis-series-5/2026/atp-men/,Best H.,best-c57b0,1.2,3.7,3312079,2.0,Clarke T.,clarke-85ef3,0.0,6-1 6-2,2026-09-01
UTR Pro Tennis Series 5,https://www.tennisexplorer.com/utr-pro-tennis-series-5/2026/atp-men/,Bien D.,bien-fc9a3,2.78,1.34,3312081,2.0,Dornbusch H.,dornbusch-88bed,0.0,6-4 6-3,2026-09-01
UTR Pro Tennis Series 5,https://www.tennisexplorer.com/utr-pro-tennis-series-5/2026/atp-men/,Maguire C.,maguire-2de31,3.5,1.24,3310907,2.0,Froemel K.,froemel,0.0,6-3 7-5,2026-09-01
UTR Pro Tennis Series 9,https://www.tennisexplorer.com/utr-pro-tennis-series-9/2026/atp-men/,Gasanov R.,gasanov-6a3d1,1.68,1.98,3310909,,Kawanaka H.,kawanaka,,,2026-09-01
UTR Pro Tennis Series 9,https://www.tennisexplorer.com/utr-pro-tennis-series-9/2026/atp-men/,Mochizuki K.,mochizuki-e154a,1.32,2.92,3310911,2.0,Fu H.,fu-061e3,0.0,6-3 6-2,2026-09-01
UTR Pro Tennis Series 9,https://www.tennisexplorer.com/utr-pro-tennis-series-9/2026/atp-men/,Cheng S.,cheng-0aec1,,,3312467,2.0,Mirdzhaliev M.,mirdzhaliev,0.0,7-6 6-2,2026-09-01
UTR Pro Tennis Series 9,https://www.tennisexplorer.com/utr-pro-tennis-series-9/2026/atp-men/,Shtengelov A.,shtengelov-0b8d1,2.14,1.58,3310947,2.0,Shen J.,shen-e6097,0.0,6-0 6-2,2026-09-01
UTR Pro Tennis Series 9,https://www.tennisexplorer.com/utr-pro-tennis-series-9/2026/atp-men/,Fukushima G.,fukushima-8cdbe,1.29,3.1,3310915,2.0,Takada M.,takada-90c4f,1.0,5-7 6-3 6-2,2026-09-01
UTR Pro Tennis Series 9,https://www.tennisexplorer.com/utr-pro-tennis-series-9/2026/atp-men/,Uenoyama T.,uenoyama,1.38,2.66,3310949,2.0,Hung K.,hung-9f1c7,0.0,6-0 6-2,2026-09-01
UTR Pro Tennis Series 9,https://www.tennisexplorer.com/utr-pro-tennis-series-9/2026/atp-men/,Seo H.,seo-9fd0b,1.27,3.3,3310913,2.0,Ono C.,ono-7a4c5,0.0,6-2 6-4,2026-09-01
UTR Pro Tennis Series 9,https://www.tennisexplorer.com/utr-pro-tennis-series-9/2026/atp-men/,Liu S.,liu-94f42,1.09,5.93,3310697,2.0,Yue M.,yue-95747,0.0,6-3 6-1,2026-09-01
UTR Pro Tennis Series 9,https://www.tennisexplorer.com/utr-pro-tennis-series-9/2026/atp-men/,Jones A.,jones-28bc0,1.29,3.23,3310991,2.0,Xia Y.,xia-928c6,0.0,6-4 7-5,2026-09-01
UTR Pro Tennis Series 9,https://www.tennisexplorer.com/utr-pro-tennis-series-9/2026/atp-men/,Sun Z.,sun-00a62,3.33,1.28,3310705,2.0,Minakata R.,minakata,0.0,6-4 7-6,2026-09-01
UTR Pro Tennis Series 9,https://www.tennisexplorer.com/utr-pro-tennis-series-9/2026/atp-men/,Vickery L.,vickery-c5cce,1.35,2.95,3310703,2.0,Hao-Yu L.,hao-yu,1.0,6-7 7-6 10-6,2026-09-01
UTR Pro Tennis Series 9,https://www.tennisexplorer.com/utr-pro-tennis-series-9/2026/atp-men/,Nakano R.,nakano-abf3d,5.3,1.1,3310701,2.0,Komagata R.,komagata,1.0,6-2 4-6 10-8,2026-09-01
UTR Pro Tennis Series 9,https://www.tennisexplorer.com/utr-pro-tennis-series-9/2026/atp-men/,Satara H.,satara,1.13,4.7,3310695,2.0,Nakajima K.,nakajima-8d782,0.0,6-3 6-3,2026-09-01
UTR Pro Tennis Series 9,https://www.tennisexplorer.com/utr-pro-tennis-series-9/2026/atp-men/,Yang Z.,yang-ace75,2.65,1.42,3310707,2.0,Osminkin V.,osminkin,1.0,7-5 2-6 10-8,2026-09-01
UTR Pro Tennis Series 9,https://www.tennisexplorer.com/utr-pro-tennis-series-9/2026/atp-men/,Zhou X.,zhou-d3f6d,1.39,2.77,3310699,2.0,Yamamoto N.,yamamoto-f8a02,1.0,7-6 3-6 11-9,2026-09-01
UTR Pro Tennis Series 9,https://www.tennisexplorer.com/utr-pro-tennis-series-9/2026/atp-men/,Shvangiradze A.,shvangiradze,,,3310965,2.0,Bajurko A.,bajurko,1.0,3-6 6-3 12-10,2026-09-01
UTR Pro Tennis Series 9,https://www.tennisexplorer.com/utr-pro-tennis-series-9/2026/atp-men/,Ehab M.,ehab,1.1,4.95,3310975,2.0,Sahoo D.,sahoo-323f2,0.0,6-4 6-3,2026-09-01
UTR Pro Tennis Series 9,https://www.tennisexplorer.com/utr-pro-tennis-series-9/2026/atp-men/,Kshitij A.,kshitij,1.69,2.09,3310963,2.0,Morolli A.,morolli,0.0,6-2 6-2,2026-09-01
UTR Pro Tennis Series 9,https://www.tennisexplorer.com/utr-pro-tennis-series-9/2026/atp-men/,Krivoshchekov M.,krivoshchekov-fea1d,1.04,10.25,3310967,2.0,Russell G.,russell-96f2b,0.0,6-2 6-4,2026-09-01
UTR Pro Tennis Series 9,https://www.tennisexplorer.com/utr-pro-tennis-series-9/2026/atp-men/,El Feky G.,el-feky-840e7,1.21,4.23,3310969,2.0,Campese C.,campese,0.0,6-2 6-4,2026-09-01
UTR Pro Tennis Series 9,https://www.tennisexplorer.com/utr-pro-tennis-series-9/2026/atp-men/,Kandil O.,kandil-ecbb3,1.18,4.23,3310973,2.0,Elesin M.,elesin,0.0,6-3 6-2,2026-09-01
UTR Pro Tennis Series 9,https://www.tennisexplorer.com/utr-pro-tennis-series-9/2026/atp-men/,Fellows J.,fellows-484ca,1.47,2.6,3310961,2.0,Lakshmanan A.,lakshmanan-2b3a9,0.0,6-2 6-2,2026-09-01
UTR Pro Tennis Series 9,https://www.tennisexplorer.com/utr-pro-tennis-series-9/2026/atp-men/,Singh S.,singh-e57c6,2.6,1.38,3310971,2.0,Qabazard E.,qabazard,1.0,6-4 3-6 10-6,2026-09-01
UTR Pro Tennis Series 9,https://www.tennisexplorer.com/utr-pro-tennis-series-9/2026/atp-men/,Khorozov M.,khorozov,5.63,1.08,3311593,2.0,Oparnica A.,oparnica,0.0,6-1 6-4,2026-09-01
UTR Pro Tennis Series 9,https://www.tennisexplorer.com/utr-pro-tennis-series-9/2026/atp-men/,Shcherbakov E.,shcherbakov,1.08,6.0,3311591,2.0,Krstajic V.,krstajic-bef1d,0.0,6-2 6-0,2026-09-01
UTR Pro Tennis Series 9,https://www.tennisexplorer.com/utr-pro-tennis-series-9/2026/atp-men/,Khodorchenko M.,khodorchenko,1.06,6.63,3310977,2.0,Pavic F.,pavic-5647b,0.0,6-2 6-4,2026-09-01
UTR Pro Tennis Series 9,https://www.tennisexplorer.com/utr-pro-tennis-series-9/2026/atp-men/,Shah K.,shah-f263b,1.16,4.5,3310987,2.0,Beranger Y.,beranger,1.0,3-6 6-2 10-3,2026-09-01
UTR Pro Tennis Series 9,https://www.tennisexplorer.com/utr-pro-tennis-series-9/2026/atp-men/,Manuel J.,manuel-39567,3.43,1.24,3310979,2.0,Stice T.,stice,1.0,4-6 6-0 10-6,2026-09-01
UTR Pro Tennis Series 9,https://www.tennisexplorer.com/utr-pro-tennis-series-9/2026/atp-men/,Popovic S.,popovic-cc443,1.55,2.25,3310983,2.0,Baluska Y.,baluska,1.0,6-0 4-6 10-3,2026-09-01
UTR Pro Tennis Series 9,https://www.tennisexplorer.com/utr-pro-tennis-series-9/2026/atp-men/,Dhokia R.,dhokia,1.03,11.5,3311615,2.0,De Carvalho V.,de-carvalho,0.0,6-0 6-4,2026-09-01
UTR Pro Tennis Series 9,https://www.tennisexplorer.com/utr-pro-tennis-series-9/2026/atp-men/,McGloughlin J.,mcgloughlin,1.66,2.03,3310985,2.0,Amadike C.,amadike,0.0,6-1 7-5,2026-09-01
UTR Pro Tennis Series 9,https://www.tennisexplorer.com/utr-pro-tennis-series-9/2026/atp-men/,Cardinaud H.,cardinaud,1.07,6.4,3311617,2.0,Petroski Rocha P.,petroski-rocha,0.0,6-3 7-6,2026-09-01
UTR Pro Tennis Series 9,https://www.tennisexplorer.com/utr-pro-tennis-series-9/2026/atp-men/,Sterniczuk O.,sterniczuk,1.35,2.8,3311621,2.0,Latifovic A.,latifovic-f0d9c,0.0,6-3 6-3,2026-09-01
UTR Pro Tennis Series 9,https://www.tennisexplorer.com/utr-pro-tennis-series-9/2026/atp-men/,Homola P.,homola,1.84,1.83,3312093,2.0,Bienkiewicz J.,bienkiewicz,1.0,7-6 3-6 10-8,2026-09-01
UTR Pro Tennis Series 9,https://www.tennisexplorer.com/utr-pro-tennis-series-9/2026/atp-men/,Chlodnicki J.,chlodnicki,1.07,5.75,3312091,2.0,Matuszczyk M.,matuszczyk-55a7b,0.0,6-2 6-1,2026-09-01
UTR Pro Tennis Series 9,https://www.tennisexplorer.com/utr-pro-tennis-series-9/2026/atp-men/,Massucco S.,massucco,1.94,1.72,3311587,2.0,Torres Ramis M.,torres-ramis,1.0,4-6 6-3 10-5,2026-09-01
UTR Pro Tennis Series 9,https://www.tennisexplorer.com/utr-pro-tennis-series-9/2026/atp-men/,Zusman R.,zusman,,,3311599,2.0,Varillas R.,varillas-0e96a,0.0,6-2 6-4,2026-09-01
UTR Pro Tennis Series 9,https://www.tennisexplorer.com/utr-pro-tennis-series-9/2026/atp-men/,Perez Socas R.,perez-socas,,,3311609,2.0,Rojas C.,rojas-6e103,0.0,6-1 7-6,2026-09-01
UTR Pro Tennis Series 9,https://www.tennisexplorer.com/utr-pro-tennis-series-9/2026/atp-men/,Aunion P.,aunion,,,3311607,2.0,Mendes J.,mendes-61228,0.0,6-4 6-3,2026-09-01
UTR Pro Tennis Series 9,https://www.tennisexplorer.com/utr-pro-tennis-series-9/2026/atp-men/,Arce Fernandez M.,arce-fernandez,,,3311605,2.0,Alcaraz Galbis V.,alcaraz-galbis,0.0,6-3 6-1,2026-09-01
UTR Pro Tennis Series 9,https://www.tennisexplorer.com/utr-pro-tennis-series-9/2026/atp-men/,Cervantes Tomas I.,cervantes-tomas,,,3311603,1.0,Planella Hernandez S.,planella-hernandez,0.0,6-3 4-0,2026-09-01
UTR Pro Tennis Series 9,https://www.tennisexplorer.com/utr-pro-tennis-series-9/2026/atp-men/,Saritas G.,saritas,1.9,1.8,3312089,2.0,Chunduru P.,chunduru,1.0,4-6 6-2 10-8,2026-09-01
UTR Pro Tennis Series 9,https://www.tennisexplorer.com/utr-pro-tennis-series-9/2026/atp-men/,Ushakov A.,ushakov-53542,2.98,1.29,3311595,2.0,Knezevic M.,knezevic-ea1c0,0.0,6-1 7-6,2026-09-01
UTR Pro Tennis Series 9,https://www.tennisexplorer.com/utr-pro-tennis-series-9/2026/atp-men/,Aydin E.,aydin-4b627,3.8,1.24,3311597,2.0,Pradat P.,pradat,0.0,7-6 6-1,2026-09-01
UTR Pro Tennis Series 9,https://www.tennisexplorer.com/utr-pro-tennis-series-9/2026/atp-men/,Sabbatini M.,sabbatini,1.37,2.83,3311579,2.0,Boi G.,boi-c177f,1.0,7-6 3-6 10-3,2026-09-01
UTR Pro Tennis Series 9,https://www.tennisexplorer.com/utr-pro-tennis-series-9/2026/atp-men/,Mikovic M.,mikovic-b284d,2.13,1.63,3310951,2.0,Minighini D.,minighini,0.0,6-2 6-2,2026-09-01
UTR Pro Tennis Series 9,https://www.tennisexplorer.com/utr-pro-tennis-series-9/2026/atp-men/,Lechner D.,lechner-0399f,3.08,1.3,3311585,2.0,Valle F.,valle-d79c4,0.0,6-3 7-5,2026-09-01
UTR Pro Tennis Series 9,https://www.tennisexplorer.com/utr-pro-tennis-series-9/2026/atp-men/,Hribar M.,hribar-0c7c2,2.24,1.59,3311577,2.0,Tognolini A.,tognolini,0.0,7-5 6-2,2026-09-01
UTR Pro Tennis Series 9,https://www.tennisexplorer.com/utr-pro-tennis-series-9/2026/atp-men/,Galus P.,galus,1.76,1.98,3312095,2.0,Michocki P.,michocki,0.0,6-0 6-2,2026-09-01
UTR Pro Tennis Series 9,https://www.tennisexplorer.com/utr-pro-tennis-series-9/2026/atp-men/,Gundacker J.,gundacker,,,3312099,2.0,Terczynski M.,terczynski-b3dd3,0.0,6-2 6-3,2026-09-01
UTR Pro Tennis Series 9,https://www.tennisexplorer.com/utr-pro-tennis-series-9/2026/atp-men/,Januchowski J.,januchowski,1.56,3.1,3312097,2.0,Stolarik S.,stolarik-271a3,0.0,6-3 6-2,2026-09-01
UTR Pro Tennis Series 9,https://www.tennisexplorer.com/utr-pro-tennis-series-9/2026/atp-men/,Dayal N.,dayal,1.01,14.5,3310981,,Dy D.,dy-fac84,,,2026-09-01
UTR Pro Tennis Series 9,https://www.tennisexplorer.com/utr-pro-tennis-series-9/2026/atp-men/,Ulrich N.,ulrich-1e6d3,1.92,1.78,3311589,2.0,Despotovic M.,despotovic,0.0,7-6 6-2,2026-09-01
UTR Pro Tennis Series 9,https://www.tennisexplorer.com/utr-pro-tennis-series-9/2026/atp-men/,De Felipe Garcia S.,de-felipe-garcia,1.18,4.1,3311613,2.0,Font O.,font-b1b3e,1.0,3-6 6-1 10-7,2026-09-01
UTR Pro Tennis Series 9,https://www.tennisexplorer.com/utr-pro-tennis-series-9/2026/atp-men/,Bollinger L.,bollinger-157eb,,,3311601,2.0,Goldberg Alviani N.,goldberg-alviani,1.0,4-6 6-3 13-11,2026-09-01
UTR Pro Tennis Series 9,https://www.tennisexplorer.com/utr-pro-tennis-series-9/2026/atp-men/,Djukic Valera N.,djukic-valera,,,3311611,2.0,Sau Franco A.,sau-franco-f4357,0.0,6-2 6-1,2026-09-01
UTR Pro Tennis Series 9,https://www.tennisexplorer.com/utr-pro-tennis-series-9/2026/atp-men/,Morais D.,morais-c304a,1.19,4.03,3311673,2.0,Kahatapitiya R.,kahatapitiya,0.0,6-4 6-3,2026-09-01
UTR Pro Tennis Series 9,https://www.tennisexplorer.com/utr-pro-tennis-series-9/2026/atp-men/,Baumgartner S.,baumgartner-cb15a,1.42,2.6,3311679,2.0,Eldin R.,eldin-39a5d,1.0,3-6 6-2 11-9,2026-09-01
UTR Pro Tennis Series 9,https://www.tennisexplorer.com/utr-pro-tennis-series-9/2026/atp-men/,Leote Prata V.,leote-prata-ca676,1.04,9.88,3311675,2.0,Ndualu R.,ndualu,0.0,6-0 6-3,2026-09-01
UTR Pro Tennis Series 9,https://www.tennisexplorer.com/utr-pro-tennis-series-9/2026/atp-men/,Petit L.,petit-02f21,1.06,7.25,3311677,2.0,Mishkin K.,mishkin,0.0,7-6 6-3,2026-09-01
UTR Pro Tennis Series 9,https://www.tennisexplorer.com/utr-pro-tennis-series-9/2026/atp-men/,Lagasio M.,lagasio,,,3312085,2.0,Iemmi L.,iemmi,0.0,6-4 7-5,2026-09-01
UTR Pro Tennis Series 9,https://www.tennisexplorer.com/utr-pro-tennis-series-9/2026/atp-men/,Ciaschetti D.,ciaschetti,,,3311583,2.0,Filippi T.,filippi-ecf4c,0.0,6-4 6-0,2026-09-01
UTR Pro Tennis Series 9,https://www.tennisexplorer.com/utr-pro-tennis-series-9/2026/atp-men/,Mikovic N.,mikovic-5a4c2,1.09,5.67,3311581,2.0,Piano G.,piano,0.0,6-4 7-6,2026-09-01
UTR Pro Tennis Series 9,https://www.tennisexplorer.com/utr-pro-tennis-series-9/2026/atp-men/,Taddia L.,taddia,1.22,3.95,3312083,2.0,Pagnoni E.,pagnoni-4ff3a,1.0,7-5 3-6 10-7,2026-09-01
UTR Pro Tennis Series 9,https://www.tennisexplorer.com/utr-pro-tennis-series-9/2026/atp-men/,Weekes J.,weekes-0c599,1.04,7.75,3311619,,El-Qurneh M.,el-qurneh,,,2026-09-01
UTR Pro Tennis Series 9,https://www.tennisexplorer.com/utr-pro-tennis-series-9/2026/atp-men/,Collignon K.,collignon-f24d7,,,3310953,2.0,Van Leeuwen P.,van-leeuwen-4aada,0.0,6-0 6-2,2026-09-01
UTR Pro Tennis Series 9,https://www.tennisexplorer.com/utr-pro-tennis-series-9/2026/atp-men/,Hendrikx J.,hendrikx-00064,,,3310955,2.0,Schoemacher B.,schoemacher,0.0,6-3 6-1,2026-09-01
UTR Pro Tennis Series 9,https://www.tennisexplorer.com/utr-pro-tennis-series-9/2026/atp-men/,Da Silva L.,da-silva-cfb68,1.96,1.73,3311623,2.0,Karpinski S.,karpinski-139de,0.0,6-4 6-1,2026-09-01
UTR Pro Tennis Series 9,https://www.tennisexplorer.com/utr-pro-tennis-series-9/2026/atp-men/,Desousa J.,desousa,,,3312087,2.0,Heinrich S.,heinrich-5733d,0.0,6-2 6-3,2026-09-01
UTR Pro Tennis Series 9,https://www.tennisexplorer.com/utr-pro-tennis-series-9/2026/atp-men/,Blando J.,blando,,,3310957,2.0,Waterbolk I.,waterbolk,0.0,6-2 7-5,2026-09-01
UTR Pro Tennis Series 9,https://www.tennisexplorer.com/utr-pro-tennis-series-9/2026/atp-men/,Admiraal A.,admiraal,,,3310959,2.0,Merre N.,merre,0.0,6-2 7-5,2026-09-01
UTR Pro Tennis Series 9,https://www.tennisexplorer.com/utr-pro-tennis-series-9/2026/atp-men/,Huszar A.,huszar,1.58,2.12,3310989,2.0,Drab F.,drab,0.0,6-2 7-6,2026-09-01
UTR Pro Tennis Series 9,https://www.tennisexplorer.com/utr-pro-tennis-series-9/2026/atp-men/,Tremblay D.,tremblay,1.26,3.39,3311671,2.0,Moundir Y.,moundir-b8412,0.0,6-0 6-3,2026-09-01
UTR Pro Tennis Series 9,https://www.tennisexplorer.com/utr-pro-tennis-series-9/2026/atp-men/,Fabre J.,fabre-2a1a1,,,3311067,2.0,Panzo K.,panzo,1.0,6-0 3-6 10-4,2026-09-01
UTR Pro Tennis Series 9,https://www.tennisexplorer.com/utr-pro-tennis-series-9/2026/atp-men/,Perfetti N.,perfetti-6f712,1.06,6.85,3311669,2.0,Fahim A.,fahim-a2a7a,0.0,6-0 6-3,2026-09-01
UTR Pro Tennis Series 9,https://www.tennisexplorer.com/utr-pro-tennis-series-9/2026/atp-men/,Shvets V.,shvets,4.06,1.19,3312141,2.0,Haddouch I.,haddouch,0.0,6-4 6-2,2026-09-01
Mallorca challenger,https://www.tennisexplorer.com/mallorca-challenger/2026/atp-men/,Erhard M.,erhard,2.74,1.41,3311559,2.0,Broom C.,broom-cb719,1.0,6-2 6-7,2026-09-01
Mallorca challenger,https://www.tennisexplorer.com/mallorca-challenger/2026/atp-men/,Pucinelli De Almeida M.,pucinelli-de-almeida,1.34,3.07,3311561,2.0,Gengel M.,gengel,0.0,6-3 6-4,2026-09-01
Mallorca challenger,https://www.tennisexplorer.com/mallorca-challenger/2026/atp-men/,Lajal M.,lajal,1.23,3.82,3311557,2.0,Boitan G.,boitan,0.0,6-4 6-1,2026-09-01
Mallorca challenger,https://www.tennisexplorer.com/mallorca-challenger/2026/atp-men/,Gueymard Wayenburg S.,gueymard-wayenburg,1.66,2.12,3311563,2.0,Callejon Hernando S.,callejon-hernando,0.0,6-4 6-1,2026-09-01
Mallorca challenger,https://www.tennisexplorer.com/mallorca-challenger/2026/atp-men/,Jones M.,jones-07763,2.26,1.58,3311565,2.0,Paldanius O.,paldanius,0.0,6-3 6-4,2026-09-01
Mallorca challenger,https://www.tennisexplorer.com/mallorca-challenger/2026/atp-men/,Potenza L.,potenza,3.48,1.27,3311567,2.0,Overbeck C.,overbeck,0.0,6-3 6-3,2026-09-01
US Open,https://www.tennisexplorer.com/us-open/2026/wta-women/,Swiatek I.,swiatek,1.06,9.76,3307343,2.0,Wang X.,wang-d78f7,0.0,6-2 6-3,2026-09-01
US Open,https://www.tennisexplorer.com/us-open/2026/wta-women/,Osaka N.,osaka-fa603,1.08,8.03,3307353,2.0,Zakharova A.,zakharova-887ba,0.0,,2026-09-01
US Open,https://www.tennisexplorer.com/us-open/2026/wta-women/,Keys M.,keys,1.35,3.21,3307349,2.0,Korneeva A.,korneeva-a635d,0.0,7-5 6-4,2026-09-01
US Open,https://www.tennisexplorer.com/us-open/2026/wta-women/,Starodubtseva Y.,starodubtseva,1.33,3.37,3307359,,Seidel E.,seidel,,,2026-09-01
US Open,https://www.tennisexplorer.com/us-open/2026/wta-women/,Frodin T.,frodin,12.51,1.04,3307363,,Rybakina E.,rybakina,,,2026-09-01
US Open,https://www.tennisexplorer.com/us-open/2026/wta-women/,Knutson G.,knutson,2.37,1.58,3307889,,Lys E.,lys,,,2026-09-01
US Open,https://www.tennisexplorer.com/us-open/2026/wta-women/,Havlickova L.,havlickova-33935,2.4,1.57,3307901,,Bondar A.,bondar-4cb3e,,,2026-09-01
US Open,https://www.tennisexplorer.com/us-open/2026/wta-women/,Sakkari M.,sakkari,1.6,2.34,3307907,,Montgomery R.,montgomery-8a7c9,,,2026-09-01
US Open,https://www.tennisexplorer.com/us-open/2026/wta-women/,Putintseva Y.,putintseva,4.6,1.2,3307351,,Bencic B.,bencic,,,2026-09-01
US Open,https://www.tennisexplorer.com/us-open/2026/wta-women/,Andreeva M.,andreeva-7d55d,1.12,6.3,3307321,,Tjen J.,tjen,,,2026-09-01
US Open,https://www.tennisexplorer.com/us-open/2026/wta-women/,Oliynykova O.,oliynykova,1.9,1.9,3307335,,Brantmeier R.,brantmeier,,,2026-09-01
US Open,https://www.tennisexplorer.com/us-open/2026/wta-women/,Kasatkina D.,kasatkina,2.01,1.8,3307339,,Badosa P.,badosa,,,2026-09-01
US Open,https://www.tennisexplorer.com/us-open/2026/wta-women/,Maria T.,maria-8ad07,2.25,1.65,3307325,,Ostapenko J.,ostapenko-4d156,,,2026-09-01
US Open,https://www.tennisexplorer.com/us-open/2026/wta-women/,Vidmanova D.,vidmanova,1.94,1.88,3307361,,Bouzas Maneiro J.,bouzas-maneiro,,,2026-09-01
US Open,https://www.tennisexplorer.com/us-open/2026/wta-women/,Potapova A.,potapova-ae536,1.23,4.25,3312049,,Semenistaja D.,semenistaja,,,2026-09-01
US Open,https://www.tennisexplorer.com/us-open/2026/wta-women/,Jovic I.,jovic-19208,1.29,3.58,3307333,,Frech M.,frech,,,2026-09-01
US Open,https://www.tennisexplorer.com/us-open/2026/wta-women/,Quevedo K.,quevedo-e94b5,5.22,1.16,3307357,,Mertens E.,mertens-f8826,,,2026-09-01
US Open,https://www.tennisexplorer.com/us-open/2026/wta-women/,Rus A.,rus-a3117,2.58,1.5,3307891,,Jeanjean L.,jeanjean,,,2026-09-01
US Open,https://www.tennisexplorer.com/us-open/2026/wta-women/,Bartunkova N.,bartunkova-db92f,1.18,4.91,3307323,,Sherif M.,sherif-78113,,,2026-09-01
Tianjin 5 ITF,https://www.tennisexplorer.com/tianjin-5-itf/2026/wta-women/,Yamaguchi M.,yamaguchi-c1f36,2.6,1.44,3310829,2.0,Back D.,back-6aabb,0.0,6-2 6-1,2026-09-01
Tianjin 5 ITF,https://www.tennisexplorer.com/tianjin-5-itf/2026/wta-women/,Kulikova A.,kulikova-1f1c3,1.87,1.81,3310835,2.0,Yao X.,yao-33578,1.0,6-4 4-6 6-2,2026-09-01
Tianjin 5 ITF,https://www.tennisexplorer.com/tianjin-5-itf/2026/wta-women/,Bai Z.,bai-991f3,1.2,4.14,3310831,2.0,Wang J.,wang-2cad9,0.0,7-5 6-2,2026-09-01
Tianjin 5 ITF,https://www.tennisexplorer.com/tianjin-5-itf/2026/wta-women/,Astakhova D.,astakhova,1.43,2.6,3310847,2.0,Naito Y.,naito-77ef5,0.0,6-1,2026-09-01
Tianjin 5 ITF,https://www.tennisexplorer.com/tianjin-5-itf/2026/wta-women/,Kuramochi M.,kuramochi-49cd0,1.97,1.75,3310845,2.0,Inoue H.,inoue-6da8e,0.0,6-2 6-2,2026-09-01
Tianjin 5 ITF,https://www.tennisexplorer.com/tianjin-5-itf/2026/wta-women/,Wang J.,wang-010e0,2.0,1.74,3310853,2.0,Yang Y.,yang-50970,1.0,6-2 5-7,2026-09-01
Tianjin 5 ITF,https://www.tennisexplorer.com/tianjin-5-itf/2026/wta-women/,Ma Y.,ma-2d7c9,1.5,2.37,3310855,2.0,Huang Y.,huang-4dd5f,0.0,6-3 6-2,2026-09-01
Tianjin 5 ITF,https://www.tennisexplorer.com/tianjin-5-itf/2026/wta-women/,Sidorova K.,sidorova-c06bb,1.47,2.5,3310827,2.0,Okamura K.,okamura-13b40,0.0,6-3 6-2,2026-09-01
Leiria ITF,https://www.tennisexplorer.com/leiria-itf/2026/wta-women/,Kinoshita H.,kinoshita-78645,1.26,3.44,3312423,2.0,Munk Mortensen R.,munk-mortensen,0.0,6-0 7-5,2026-09-01
Leiria ITF,https://www.tennisexplorer.com/leiria-itf/2026/wta-women/,Fontenel C.,fontenel,1.77,2.07,3312425,2.0,Kardava Z.,kardava,0.0,6-0 6-4,2026-09-01
Leiria ITF,https://www.tennisexplorer.com/leiria-itf/2026/wta-women/,Reasco Gonzalez M.,reasco-gonzalez,2.8,1.37,3312427,2.0,Karunaratne A.,karunaratne,0.0,6-3 6-4,2026-09-01
Leiria ITF,https://www.tennisexplorer.com/leiria-itf/2026/wta-women/,Gasanova A.,gasanova,1.26,3.52,3311905,2.0,Arseneault A.,arseneault,1.0,3-6 6-2 6-1,2026-09-01
Saint Palais sur Mer ITF,https://www.tennisexplorer.com/saint-palais-sur-mer-itf/2026/wta-women/,Zantedeschi A.,zantedeschi,1.47,2.53,3311457,2.0,Monnot A.,monnot,0.0,6-3,2026-09-01
Saint Palais sur Mer ITF,https://www.tennisexplorer.com/saint-palais-sur-mer-itf/2026/wta-women/,Nguyen Tan L.,nguyen-tan,2.01,1.71,3311465,2.0,Hietaranta L.,hietaranta-71970,1.0,4-6 7-1,2026-09-01
Saint Palais sur Mer ITF,https://www.tennisexplorer.com/saint-palais-sur-mer-itf/2026/wta-women/,Cherubini D.,cherubini,1.71,2.02,3311459,2.0,Martynov D.,martynov-22216,0.0,6-4 6-1,2026-09-01
Saint Palais sur Mer ITF,https://www.tennisexplorer.com/saint-palais-sur-mer-itf/2026/wta-women/,Wolff V.,wolff-4e33a,1.52,2.4,3311461,2.0,Sieg M.,sieg,0.0,6-3,2026-09-01
Kursumlijska Banja 17 ITF,https://www.tennisexplorer.com/kursumlijska-banja-17-itf/2026/wta-women/,Oz I.,oz-08ffe,1.29,3.33,3312393,2.0,Sakellaridi S.,sakellaridi,0.0,6-1 6-2,2026-09-01
UTR Pro Tennis Series 5,https://www.tennisexplorer.com/utr-pro-tennis-series-5/2026/wta-women/,Hirschi E.,hirschi,,,3312143,,Kornieieva A.,kornieieva,,,2026-09-01
UTR Pro Tennis Series 5,https://www.tennisexplorer.com/utr-pro-tennis-series-5/2026/wta-women/,Terziyska J.,terziyska,,,3312145,2.0,Muzinic H.,muzinic,0.0,6-1 6-0,2026-09-01
UTR Pro Tennis Series 5,https://www.tennisexplorer.com/utr-pro-tennis-series-5/2026/wta-women/,Wysoczanska K.,wysoczanska,1.07,6.17,3311929,2.0,Gvozdenovic S.,gvozdenovic,0.0,6-2 6-1,2026-09-01
UTR Pro Tennis Series 5,https://www.tennisexplorer.com/utr-pro-tennis-series-5/2026/wta-women/,Siedliska N.,siedliska,1.01,8.25,3311059,2.0,Nizetic L.,nizetic,0.0,6-2 6-2,2026-09-01
UTR Pro Tennis Series 5,https://www.tennisexplorer.com/utr-pro-tennis-series-5/2026/wta-women/,Aksu S.,aksu-9bc6f,1.11,5.0,3312147,2.0,Czapulak E.,czapulak,0.0,6-4 7-5,2026-09-01
UTR Pro Tennis Series 5,https://www.tennisexplorer.com/utr-pro-tennis-series-5/2026/wta-women/,Njiric S.,njiric,1.08,5.75,3312153,2.0,Dimitrova D.,dimitrova-e496b,0.0,6-1 6-3,2026-09-01
UTR Pro Tennis Series 5,https://www.tennisexplorer.com/utr-pro-tennis-series-5/2026/wta-women/,Marcinkevica D.,marcinkevica,1.06,6.92,3311061,2.0,Molchanova O.,molchanova-ae9b6,0.0,6-1 6-1,2026-09-01
UTR Pro Tennis Series 5,https://www.tennisexplorer.com/utr-pro-tennis-series-5/2026/wta-women/,Grammatikopoulou V.,grammatikopoulou,,,3312151,2.0,Marioara D.,marioara,1.0,4-6 6-4 6-1,2026-09-01
UTR Pro Tennis Series 5,https://www.tennisexplorer.com/utr-pro-tennis-series-5/2026/wta-women/,Radenkovic M.,radenkovic-6376e,1.05,7.17,3311931,2.0,Zabrdac N.,zabrdac,0.0,6-3 6-1,2026-09-01
UTR Pro Tennis Series 5,https://www.tennisexplorer.com/utr-pro-tennis-series-5/2026/wta-women/,Vajsejtlova T.,vajsejtlova,3.57,1.22,3312149,2.0,Bojovic J.,bojovic-e1650,1.0,6-3 1-6 7-6,2026-09-01
UTR Pro Tennis Series 5,https://www.tennisexplorer.com/utr-pro-tennis-series-5/2026/wta-women/,Welker E.,welker,,,3311063,2.0,Boehner L.,boehner-19250,0.0,6-3 6-3,2026-09-01
UTR Pro Tennis Series 5,https://www.tennisexplorer.com/utr-pro-tennis-series-5/2026/wta-women/,Skapets A.,skapets,3.4,1.25,3312155,2.0,Kannan A.,kannan-9d7d6,0.0,6-2 7-5,2026-09-01
UTR Pro Tennis Series 5,https://www.tennisexplorer.com/utr-pro-tennis-series-5/2026/wta-women/,Vasilescu A.,vasilescu-c0729,,,3312159,,Pryshchepa M.,pryshchepa,,,2026-09-01
UTR Pro Tennis Series 5,https://www.tennisexplorer.com/utr-pro-tennis-series-5/2026/wta-women/,Vaneva Z.,vaneva,1.08,5.75,3312157,2.0,Cassidy L.,cassidy-4e903,0.0,6-2 6-3,2026-09-01
UTR Pro Tennis Series 5,https://www.tennisexplorer.com/utr-pro-tennis-series-5/2026/wta-women/,Veljacic Z.,veljacic,3.57,1.23,3311065,2.0,Kuparev A.,kuparev,0.0,6-3 6-4,2026-09-01
UTR Pro Tennis Series 5,https://www.tennisexplorer.com/utr-pro-tennis-series-5/2026/wta-women/,Sevald N.,sevald,2.57,1.41,3312161,2.0,Dinoto Fernandez L.,dinoto-fernandez,0.0,6-3 6-3,2026-09-01
Badalona ITF,https://www.tennisexplorer.com/badalona-itf/2026/wta-women/,Pozarenko A.,pozarenko,3.74,1.23,3311257,2.0,Garcia-Perez G.,garcia-perez,1.0,3-6 7-5 6-1,2026-09-01
Badalona ITF,https://www.tennisexplorer.com/badalona-itf/2026/wta-women/,Argyrokastriti M.,argyrokastriti,1.26,3.51,3311255,2.0,Paun G.,paun-27385,0.0,6-1 6-3,2026-09-01
Badalona ITF,https://www.tennisexplorer.com/badalona-itf/2026/wta-women/,Roura Llaverias R.,roura-llaverias,1.01,15.5,3311259,2.0,Liu M.,liu-27a02,1.0,6-3 6-7,2026-09-01
Badalona ITF,https://www.tennisexplorer.com/badalona-itf/2026/wta-women/,Giraldi Requena A.,giraldi-requena-6c158,1.67,2.06,3311247,2.0,Cirpanli D.,cirpanli,0.0,6-4 7-5,2026-09-01
Brasov 3 ITF,https://www.tennisexplorer.com/brasov-3-itf/2026/wta-women/,Prisacariu A.,prisacariu,1.02,14.84,3311275,2.0,Marinescu A.,marinescu-46886,1.0,3-6 6-2 6-1,2026-09-01
Brasov 3 ITF,https://www.tennisexplorer.com/brasov-3-itf/2026/wta-women/,Safta A.,safta,,,3311285,2.0,Sauciuc A.,sauciuc,0.0,6-0 6-1,2026-09-01
Brasov 3 ITF,https://www.tennisexplorer.com/brasov-3-itf/2026/wta-women/,Iancu A.,iancu,1.83,1.85,3311291,2.0,Boyden M.,boyden-5ed00,0.0,6-2 6-0,2026-09-01
Cap d'Agde ITF,https://www.tennisexplorer.com/cap-d-agde-itf/2026/wta-women/,Ebster A.,ebster,2.93,1.35,3311833,2.0,Favier M.,favier-d1f7b,0.0,6-2 6-3,2026-09-01
Cap d'Agde ITF,https://www.tennisexplorer.com/cap-d-agde-itf/2026/wta-women/,Longueville R.,longueville,1.17,4.4,3311835,2.0,Grekul E.,grekul-4c5e9,0.0,6-4 6-0,2026-09-01
Cap d'Agde ITF,https://www.tennisexplorer.com/cap-d-agde-itf/2026/wta-women/,Szostak M.,szostak-65e37,1.58,2.23,3311837,2.0,Luescher S.,luescher-b7c53,1.0,6-4 6-7,2026-09-01
Cap d'Agde ITF,https://www.tennisexplorer.com/cap-d-agde-itf/2026/wta-women/,Ruchkina K.,ruchkina,,,3311859,2.0,Yersh K.,yersh,0.0,7-5 6-1,2026-09-01
Cap d'Agde ITF,https://www.tennisexplorer.com/cap-d-agde-itf/2026/wta-women/,Crinebouch H.,crinebouch,2.88,1.36,3311843,2.0,Ciocan M.,ciocan-e1714,1.0,0-6 6-4,2026-09-01
Cap d'Agde ITF,https://www.tennisexplorer.com/cap-d-agde-itf/2026/wta-women/,Sasnouskaya T.,sasnouskaya,1.18,4.29,3311841,2.0,Lorrimer K.,lorrimer,0.0,6-1 6-3,2026-09-01
Cap d'Agde ITF,https://www.tennisexplorer.com/cap-d-agde-itf/2026/wta-women/,Mettraux M.,mettraux,1.12,5.25,3311839,2.0,Charrier A.,charrier-67e6e,0.0,6-3,2026-09-01
Cap d'Agde ITF,https://www.tennisexplorer.com/cap-d-agde-itf/2026/wta-women/,Buculei I.,buculei,1.15,4.71,3311845,2.0,Martin S.,martin-0b52f,0.0,7-2,2026-09-01
Cap d'Agde ITF,https://www.tennisexplorer.com/cap-d-agde-itf/2026/wta-women/,Van Zyl J.,van-zyl-c6ef1,1.3,3.21,3311861,2.0,Diabate E.,diabate,0.0,6-1 6-3,2026-09-01
Cap d'Agde ITF,https://www.tennisexplorer.com/cap-d-agde-itf/2026/wta-women/,Carpentier N.,carpentier-1808f,1.14,5.06,3311857,2.0,Delaloye I.,delaloye,1.0,6-2 3-6 7-5,2026-09-01
Cap d'Agde ITF,https://www.tennisexplorer.com/cap-d-agde-itf/2026/wta-women/,Soriano Santiago M.,soriano-santiago,1.05,8.81,3311863,2.0,Collin L.,collin-6543a,0.0,6-2 6-2,2026-09-01
Cap d'Agde ITF,https://www.tennisexplorer.com/cap-d-agde-itf/2026/wta-women/,Fornasieri C.,fornasieri,1.05,8.39,3311855,2.0,Orlando Pellicero A.,orlando-pellicero,0.0,6-2 6-4,2026-09-01
Cap d'Agde ITF,https://www.tennisexplorer.com/cap-d-agde-itf/2026/wta-women/,Mpetshi Perricard D.,mpetshi-perricard-c6719,1.31,3.18,3311849,1.0,Sarrazin L.,sarrazin,0.0,6-1 0-0,2026-09-01
Cap d'Agde ITF,https://www.tennisexplorer.com/cap-d-agde-itf/2026/wta-women/,Krajmer K.,krajmer,1.2,4.05,3311847,2.0,Litvinova D.,litvinova,0.0,6-2 6-3,2026-09-01
Cap d'Agde ITF,https://www.tennisexplorer.com/cap-d-agde-itf/2026/wta-women/,Bayerlova M.,bayerlova,1.07,7.0,3311851,2.0,Boullay O.,boullay,1.0,6-4 1-6 6-3,2026-09-01
Cap d'Agde ITF,https://www.tennisexplorer.com/cap-d-agde-itf/2026/wta-women/,Gabriel A.,gabriel-d7af2,1.05,13.34,3311853,2.0,Eto N.,eto,0.0,6-2 6-1,2026-09-01
Fiano Romano ITF,https://www.tennisexplorer.com/fiano-romano-itf/2026/wta-women/,Giambelli C.,giambelli,2.87,1.37,3312361,2.0,Tomase E.,tomase,0.0,6-2 6-4,2026-09-01
Fiano Romano ITF,https://www.tennisexplorer.com/fiano-romano-itf/2026/wta-women/,Maines N.,maines,1.11,5.72,3312359,2.0,Giordano M.,giordano-05739,1.0,6-3 5-7,2026-09-01
Fiano Romano ITF,https://www.tennisexplorer.com/fiano-romano-itf/2026/wta-women/,Milanese S.,milanese,1.04,9.17,3312363,2.0,Koleva R.,koleva-185a3,0.0,6-4 6-1,2026-09-01
Fiano Romano ITF,https://www.tennisexplorer.com/fiano-romano-itf/2026/wta-women/,Alvisi E.,alvisi,1.67,2.07,3312365,2.0,Bilardo F.,bilardo,0.0,6-1 6-2,2026-09-01
Fiano Romano ITF,https://www.tennisexplorer.com/fiano-romano-itf/2026/wta-women/,Voracek E.,voracek,1.09,5.92,3312369,2.0,Mais G.,mais,0.0,6-3 6-3,2026-09-01
Fiano Romano ITF,https://www.tennisexplorer.com/fiano-romano-itf/2026/wta-women/,Gasparini C.,gasparini-b1e8b,2.32,1.54,3312367,2.0,Stagno B.,stagno,0.0,6-4 6-3,2026-09-01
Fiano Romano ITF,https://www.tennisexplorer.com/fiano-romano-itf/2026/wta-women/,Sevcikova L.,sevcikova-458c4,1.59,2.21,3312373,2.0,Valente D.,valente-38265,1.0,6-4 1-6 6-1,2026-09-01
Fiano Romano ITF,https://www.tennisexplorer.com/fiano-romano-itf/2026/wta-women/,Ormaechea P.,ormaechea,2.43,1.49,3312375,2.0,Gennaro C.,gennaro-d1cbd,0.0,6-4 6-2,2026-09-01
Grodzisk Mazowiecki ITF,https://www.tennisexplorer.com/grodzisk-mazowiecki-itf/2026/wta-women/,Appleton E.,appleton,1.05,8.55,3311309,2.0,Gniewkowska O.,gniewkowska,0.0,6-2 6-4,2026-09-01
Grodzisk Mazowiecki ITF,https://www.tennisexplorer.com/grodzisk-mazowiecki-itf/2026/wta-women/,Kadzielska O.,kadzielska,3.91,1.21,3311317,2.0,Ceuca A.,ceuca,0.0,6-1 6-3,2026-09-01
Grodzisk Mazowiecki ITF,https://www.tennisexplorer.com/grodzisk-mazowiecki-itf/2026/wta-women/,Narti C.,narti,1.57,2.25,3311313,2.0,Straszewska B.,straszewska,0.0,6-2 6-0,2026-09-01
Grodzisk Mazowiecki ITF,https://www.tennisexplorer.com/grodzisk-mazowiecki-itf/2026/wta-women/,Heuser M.,heuser-af169,1.68,2.06,3311311,2.0,Gorska D.,gorska,0.0,6-4 6-2,2026-09-01
Grodzisk Mazowiecki ITF,https://www.tennisexplorer.com/grodzisk-mazowiecki-itf/2026/wta-women/,Burylo M.,burylo,1.11,5.65,3311323,2.0,Yardley S.,yardley,0.0,6-0 6-4,2026-09-01
Grodzisk Mazowiecki ITF,https://www.tennisexplorer.com/grodzisk-mazowiecki-itf/2026/wta-women/,Adams J.,adams-af764,1.12,5.46,3311325,2.0,Paredes Perez M.,paredes-perez,0.0,6-2 6-2,2026-09-01
Grodzisk Mazowiecki ITF,https://www.tennisexplorer.com/grodzisk-mazowiecki-itf/2026/wta-women/,Van Poppel E.,van-poppel,3.26,1.3,3311319,2.0,Kolodziejska J.,kolodziejska,0.0,6-4 6-3,2026-09-01
Grodzisk Mazowiecki ITF,https://www.tennisexplorer.com/grodzisk-mazowiecki-itf/2026/wta-women/,Wainwright M.,wainwright-2852f,2.2,1.6,3311321,,Brooks A.,brooks-20c34,,,2026-09-01
Haren ITF,https://www.tennisexplorer.com/haren-itf/2026/wta-women/,Coppez K.,coppez,1.12,5.48,3311343,2.0,Kleinenberg N.,kleinenberg,1.0,7-5 5-7 7-5,2026-09-01
Haren ITF,https://www.tennisexplorer.com/haren-itf/2026/wta-women/,Brand V.,brand-1d828,1.4,2.74,3311349,2.0,Ait El Bachir W.,ait-el-bachir,0.0,7-3,2026-09-01
Haren ITF,https://www.tennisexplorer.com/haren-itf/2026/wta-women/,Nuudi M.,nuudi,1.61,2.16,3311347,2.0,Hageman M.,hageman-84fbb,1.0,6-1 4-6 6-2,2026-09-01
Lujan ITF,https://www.tennisexplorer.com/lujan-itf/2026/wta-women/,Bosio V.,bosio-54824,,,3312437,,Arabarco I.,arabarco,,,2026-09-01
Lujan ITF,https://www.tennisexplorer.com/lujan-itf/2026/wta-women/,Brayotta M.,brayotta,,,3312439,,Navarro Oliva M.,navarro-oliva,,,2026-09-01
Lujan ITF,https://www.tennisexplorer.com/lujan-itf/2026/wta-women/,Barrera Aguirre I.,barrera-aguirre,1.68,2.06,3312441,,Ayala L.,ayala-c7fec,,,2026-09-01
Lujan ITF,https://www.tennisexplorer.com/lujan-itf/2026/wta-women/,Estevez J.,estevez-a9151,3.49,1.25,3312443,,Urrutia M.,urrutia-26f9b,,,2026-09-01
Lujan ITF,https://www.tennisexplorer.com/lujan-itf/2026/wta-women/,Agudelo L.,agudelo-b0551,,,3312445,2.0,Bulbarella M.,bulbarella,0.0,6-2 6-4,2026-09-01
Lujan ITF,https://www.tennisexplorer.com/lujan-itf/2026/wta-women/,Sousa Salazar N.,sousa-salazar,,,3312447,,Sosa C.,sosa-b1228,,,2026-09-01
Lujan ITF,https://www.tennisexplorer.com/lujan-itf/2026/wta-women/,Gobbi Monllau A.,gobbi-monllau,1.95,1.75,3312449,,Gerald Gonzalez J.,gerald-gonzalez,,,2026-09-01
Lujan ITF,https://www.tennisexplorer.com/lujan-itf/2026/wta-women/,Lopez P.,lopez-0c14b,,,3312451,,Maruca M.,maruca,,,2026-09-01
Lujan ITF,https://www.tennisexplorer.com/lujan-itf/2026/wta-women/,Cabezas Dominguez S.,cabezas-dominguez,,,3312453,,Soto Neira A.,soto-neira,,,2026-09-01
Lujan ITF,https://www.tennisexplorer.com/lujan-itf/2026/wta-women/,Duarte A.,duarte-31528,,,3312455,,Markus C.,markus-e2563,,,2026-09-01
Monastir 48 ITF,https://www.tennisexplorer.com/monastir-48-itf/2026/wta-women/,Mateva A.,mateva,,,3311413,,Clifford D.,clifford-020a7,,,2026-09-01
Pécs ITF,https://www.tennisexplorer.com/pecs-itf/2026/wta-women/,Goina P.,goina,1.17,4.39,3311443,2.0,Kalman L.,kalman,0.0,6-2 6-0,2026-09-01
Pécs ITF,https://www.tennisexplorer.com/pecs-itf/2026/wta-women/,Mrazikova K.,mrazikova,1.75,1.95,3311435,2.0,Daniels E.,daniels-44a8e,0.0,6-2 6-3,2026-09-01
Pécs ITF,https://www.tennisexplorer.com/pecs-itf/2026/wta-women/,Grubor A.,grubor,1.07,6.69,3311431,2.0,Samardzic A.,samardzic-3ee49,0.0,6-3 6-3,2026-09-01
Pécs ITF,https://www.tennisexplorer.com/pecs-itf/2026/wta-women/,Mihalka A.,mihalka,1.44,2.54,3311433,2.0,Auer S.,auer-0cbba,0.0,6-4 7-5,2026-09-01
Porto Velho ITF,https://www.tennisexplorer.com/porto-velho-itf/2026/wta-women/,Vasconcelos Da Costa T.,vasconcelos-da-costa,,,3310663,,Santos Nunes S.,santos-nunes,,,2026-09-01
Porto Velho ITF,https://www.tennisexplorer.com/porto-velho-itf/2026/wta-women/,Bia Bernardes B.,bia-bernardes,1.59,2.17,3310667,1.0,Cantos Siemers T.,cantos-siemers-9a0f3,0.0,,2026-09-01
Porto Velho ITF,https://www.tennisexplorer.com/porto-velho-itf/2026/wta-women/,Cruz A.,cruz-47dab,1.43,2.6,3310673,1.0,Maria Silva Ferreira L.,maria-silva-ferreira,0.0,,2026-09-01
Porto Velho ITF,https://www.tennisexplorer.com/porto-velho-itf/2026/wta-women/,Danilova A.,danilova,,,3310665,,Rodrigues Oliveira V.,rodrigues-oliveira,,,2026-09-01
Porto Velho ITF,https://www.tennisexplorer.com/porto-velho-itf/2026/wta-women/,Dias S.,dias-54c63,,,3310671,,Insfran G.,insfran,,,2026-09-01
Porto Velho ITF,https://www.tennisexplorer.com/porto-velho-itf/2026/wta-women/,Massardo Brain F.,massardo-brain,1.21,4.03,3310675,,Ramirez K.,ramirez-f3804,,,2026-09-01
Yeongwol ITF,https://www.tennisexplorer.com/yeongwol-itf/2026/wta-women/,Lee H.,lee-534c9,,,3310887,2.0,Mushika M.,mushika-0bdc0,0.0,6-3 6-1,2026-09-01
Yeongwol ITF,https://www.tennisexplorer.com/yeongwol-itf/2026/wta-women/,Kim D.,kim-22c3e,,,3310883,2.0,Uemura M.,uemura-2942b,0.0,6-3 6-3,2026-09-01
Yeongwol ITF,https://www.tennisexplorer.com/yeongwol-itf/2026/wta-women/,Yodpetch K.,yodpetch,1.12,5.25,3310885,2.0,Im H.,im-841e9,0.0,7-3,2026-09-01
Yeongwol ITF,https://www.tennisexplorer.com/yeongwol-itf/2026/wta-women/,Sawashiro K.,sawashiro,1.03,10.73,3310881,2.0,Lee D.,lee-9bc69,0.0,6-4 6-0,2026-09-01
Yeongwol ITF,https://www.tennisexplorer.com/yeongwol-itf/2026/wta-women/,Tsao C.,tsao-f5af6,1.07,8.2,3310877,2.0,Lee S.,lee-99ff8,0.0,6-2 6-1,2026-09-01
Yeongwol ITF,https://www.tennisexplorer.com/yeongwol-itf/2026/wta-women/,Sato N.,sato-4d5a6,1.19,4.44,3310875,2.0,Choi O.,choi-edcce,0.0,6-1 6-1,2026-09-01
Yeongwol ITF,https://www.tennisexplorer.com/yeongwol-itf/2026/wta-women/,Kim Y.,kim-cbe6a,,,3310873,2.0,Kim Y.,kim-355ab,1.0,6-3 4-6 6-3,2026-09-01
Yeongwol ITF,https://www.tennisexplorer.com/yeongwol-itf/2026/wta-women/,Son H.,son-95368,,,3310879,2.0,Kalyakina M.,kalyakina,1.0,6-7 6-4,2026-09-01
UTR Pro Match Series,https://www.tennisexplorer.com/utr-pro-match-series/2026/wta-women/,Gonzalez Vilar R.,gonzalez-vilar,1.26,3.15,3312195,2.0,Scilipoti S.,scilipoti,0.0,6-2 6-0,2026-09-01
UTR Pro Match Series,https://www.tennisexplorer.com/utr-pro-match-series/2026/wta-women/,Ogunwale J.,ogunwale,1.43,2.5,3312197,2.0,Dean J.,dean-cae8e,0.0,6-3 6-1,2026-09-01
UTR Pro Match Series,https://www.tennisexplorer.com/utr-pro-match-series/2026/wta-women/,Lutringer L.,lutringer,9.83,1.02,3312015,,Crossley M.,crossley-e1579,,,2026-09-01
UTR Pro Match Series,https://www.tennisexplorer.com/utr-pro-match-series/2026/wta-women/,Dema V.,dema,3.65,1.21,3312199,,Weir L.,weir-4762d,,,2026-09-01
UTR Pro Match Series,https://www.tennisexplorer.com/utr-pro-match-series/2026/wta-women/,Oliver N.,oliver-90067,5.12,1.11,3312201,,Rocchetti S.,rocchetti,,,2026-09-01
UTR Pro Match Series,https://www.tennisexplorer.com/utr-pro-match-series/2026/wta-women/,Nagornaia S.,nagornaia,2.28,1.52,3312205,,Hitt Z.,hitt-b13d7,,,2026-09-01
UTR Pro Match Series,https://www.tennisexplorer.com/utr-pro-match-series/2026/wta-women/,Bluestein C.,bluestein,2.43,1.46,3312207,,Perelman A.,perelman,,,2026-09-01
UTR Pro Match Series,https://www.tennisexplorer.com/utr-pro-match-series/2026/wta-women/,Foerster M.,foerster,2.52,1.43,3312203,,Skegro M.,skegro,,,2026-09-01
UTR Pro Match Series,https://www.tennisexplorer.com/utr-pro-match-series/2026/wta-women/,Frankowska Z.,frankowska,1.13,4.9,3312209,,Gullacksen N.,gullacksen,,,2026-09-01
UTR Pro Match Series,https://www.tennisexplorer.com/utr-pro-match-series/2026/wta-women/,Schefke K.,schefke,11.5,1.02,3312229,,Shcherbinina A.,shcherbinina,,,2026-09-01
UTR Pro Match Series,https://www.tennisexplorer.com/utr-pro-match-series/2026/wta-women/,Makarova M.,makarova-eedde,2.88,1.34,3312215,,Dong N.,dong-70dd0,,,2026-09-01
UTR Pro Match Series,https://www.tennisexplorer.com/utr-pro-match-series/2026/wta-women/,Henderson C.,henderson-78339,2.23,1.57,3312217,,Andreevskaya V.,andreevskaya,,,2026-09-01
UTR Pro Match Series,https://www.tennisexplorer.com/utr-pro-match-series/2026/wta-women/,Potter W.,potter-3a780,3.7,1.22,3312219,,Loureiro M.,loureiro-e31db,,,2026-09-01
UTR Pro Match Series,https://www.tennisexplorer.com/utr-pro-match-series/2026/wta-women/,Erickson K.,erickson-fa3a0,1.97,1.71,3312225,,Lovato E.,lovato-75f74,,,2026-09-01
UTR Pro Match Series,https://www.tennisexplorer.com/utr-pro-match-series/2026/wta-women/,Dadoun N.,dadoun,6.75,1.07,3312227,,Abbagnato A.,abbagnato,,,2026-09-01
UTR Pro Match Series,https://www.tennisexplorer.com/utr-pro-match-series/2026/wta-women/,Murray L.,murray-6c418,2.95,1.34,3312231,,Ustic M.,ustic,,,2026-09-01
Badalona ITF,https://www.tennisexplorer.com/badalona-itf/2026/wta-women/,Kucikova K.,kucikova,,,3311625,2.0,Kolas M.,kolas,1.0,6-4 5-7 10-7,2026-09-01
Badalona ITF,https://www.tennisexplorer.com/badalona-itf/2026/wta-women/,Xu B.,xu-a4b41,,,3310995,2.0,Martin Lopez V.,martin-lopez,0.0,6-3 6-3,2026-09-01
Badalona ITF,https://www.tennisexplorer.com/badalona-itf/2026/wta-women/,Cabassers Morros A.,cabassers-morros,,,3311627,2.0,Moneva Y.,moneva,1.0,6-4 4-6 10-3,2026-09-01
Badalona ITF,https://www.tennisexplorer.com/badalona-itf/2026/wta-women/,Torner Sensano N.,torner-sensano,,,3310993,2.0,Trujillo Garnica M.,trujillo-garnica,0.0,6-2 6-0,2026-09-01
Badalona ITF,https://www.tennisexplorer.com/badalona-itf/2026/wta-women/,Monlleo Ramos A.,monlleo-ramos,,,3311629,2.0,Ruan Z.,ruan-f4f5e,0.0,6-3 6-2,2026-09-01
Badalona ITF,https://www.tennisexplorer.com/badalona-itf/2026/wta-women/,Montesinos S.,montesinos-07f26,,,3311635,2.0,Vila Salles C.,vila-salles,1.0,5-7 6-0 15-13,2026-09-01
Badalona ITF,https://www.tennisexplorer.com/badalona-itf/2026/wta-women/,Cherny I.,cherny,,,3311631,2.0,Cabassers Morros M.,cabassers-morros-97a35,1.0,6-1 4-6 10-8,2026-09-01
Badalona ITF,https://www.tennisexplorer.com/badalona-itf/2026/wta-women/,Fojcik L.,fojcik,,,3311633,2.0,Teixido Garcia A.,teixido-garcia-6f143,1.0,4-6 7-6 10-7,2026-09-01
Brasov 3 ITF,https://www.tennisexplorer.com/brasov-3-itf/2026/wta-women/,Lungu A.,lungu-85644,1.69,1.99,3311007,2.0,Pastoric D.,pastoric,0.0,6-3 6-1,2026-09-01
Brasov 3 ITF,https://www.tennisexplorer.com/brasov-3-itf/2026/wta-women/,Varsa A.,varsa,1.16,4.3,3311005,2.0,Preda A.,preda-1e7ee,0.0,6-0 6-4,2026-09-01
Brasov 3 ITF,https://www.tennisexplorer.com/brasov-3-itf/2026/wta-women/,Trush Y.,trush,1.29,3.28,3311001,2.0,Trasca A.,trasca,1.0,6-2 2-6 10-8,2026-09-01
Brasov 3 ITF,https://www.tennisexplorer.com/brasov-3-itf/2026/wta-women/,Sanduleasa I.,sanduleasa,1.01,12.0,3311003,2.0,Bigiu A.,bigiu,0.0,6-2 6-1,2026-09-01
Brasov 3 ITF,https://www.tennisexplorer.com/brasov-3-itf/2026/wta-women/,Lopatetska D.,lopatetska,1.02,12.75,3310997,2.0,Mitu A.,mitu-f02e6,0.0,6-0 6-3,2026-09-01
Brasov 3 ITF,https://www.tennisexplorer.com/brasov-3-itf/2026/wta-women/,Scuppa A.,scuppa,2.2,1.6,3310999,2.0,Brotea A.,brotea,1.0,6-1 5-7 12-10,2026-09-01
Brasov 3 ITF,https://www.tennisexplorer.com/brasov-3-itf/2026/wta-women/,Paris S.,paris-2ec33,1.28,3.4,3311011,2.0,Butuc Cerchez S.,butuc-cerchez,1.0,6-3 4-6 10-2,2026-09-01
Brasov 3 ITF,https://www.tennisexplorer.com/brasov-3-itf/2026/wta-women/,Proietti V.,proietti,1.84,1.83,3311009,2.0,Paul K.,paul-2cec2,0.0,7-6 6-3,2026-09-01
Grodzisk Mazowiecki ITF,https://www.tennisexplorer.com/grodzisk-mazowiecki-itf/2026/wta-women/,Chudejova M.,chudejova,,,3312101,2.0,Affelt N.,affelt,1.0,3-6 6-1 10-7,2026-09-01
Grodzisk Mazowiecki ITF,https://www.tennisexplorer.com/grodzisk-mazowiecki-itf/2026/wta-women/,Drozdz O.,drozdz,,,3312105,2.0,Russell C.,russell-c24e3,0.0,7-5 6-3,2026-09-01
Grodzisk Mazowiecki ITF,https://www.tennisexplorer.com/grodzisk-mazowiecki-itf/2026/wta-women/,Janiszewska A.,janiszewska,,,3312107,2.0,Milash E.,milash,0.0,6-4 6-4,2026-09-01
Grodzisk Mazowiecki ITF,https://www.tennisexplorer.com/grodzisk-mazowiecki-itf/2026/wta-women/,Idaszewska A.,idaszewska,,,3311637,2.0,Jankowska H.,jankowska-dacfa,1.0,3-6 6-3 10-7,2026-09-01
Grodzisk Mazowiecki ITF,https://www.tennisexplorer.com/grodzisk-mazowiecki-itf/2026/wta-women/,Sharabura K.,sharabura,,,3312103,2.0,Yakimakho A.,yakimakho,0.0,6-1 6-2,2026-09-01
Grodzisk Mazowiecki ITF,https://www.tennisexplorer.com/grodzisk-mazowiecki-itf/2026/wta-women/,Wrobel M.,wrobel-0edcf,,,3311013,2.0,Piaskowska P.,piaskowska,0.0,6-0 6-1,2026-09-01
Grodzisk Mazowiecki ITF,https://www.tennisexplorer.com/grodzisk-mazowiecki-itf/2026/wta-women/,Frahn M.,frahn,,,3312111,2.0,Sikora M.,sikora-98d7d,0.0,6-2 7-5,2026-09-01
Grodzisk Mazowiecki ITF,https://www.tennisexplorer.com/grodzisk-mazowiecki-itf/2026/wta-women/,Pabisiak J.,pabisiak-62ae3,,,3312109,2.0,Strzelecka J.,strzelecka,1.0,6-7 6-3 10-5,2026-09-01
Haren ITF,https://www.tennisexplorer.com/haren-itf/2026/wta-women/,Havermans D.,havermans,,,3312115,2.0,Boulonois S.,boulonois,0.0,6-4 6-3,2026-09-01
Haren ITF,https://www.tennisexplorer.com/haren-itf/2026/wta-women/,Nesmianovych A.,nesmianovych,,,3312113,2.0,Streltsova S.,streltsova,0.0,6-3 6-3,2026-09-01
Haren ITF,https://www.tennisexplorer.com/haren-itf/2026/wta-women/,Burchak A.,burchak,,,3312117,2.0,Preugschat P.,preugschat,0.0,6-4 6-0,2026-09-01
Hurghada 9 ITF,https://www.tennisexplorer.com/hurghada-9-itf/2026/wta-women/,Kochta T.,kochta-15505,1.87,1.8,3311645,2.0,Krupenina K.,krupenina-c621e,1.0,5-7 6-3 10-6,2026-09-01
Hurghada 9 ITF,https://www.tennisexplorer.com/hurghada-9-itf/2026/wta-women/,Bedini V.,bedini,1.2,3.63,3311643,2.0,Compuesto B.,compuesto,0.0,6-0 6-3,2026-09-01
Hurghada 9 ITF,https://www.tennisexplorer.com/hurghada-9-itf/2026/wta-women/,Khodzhaeva E.,khodzhaeva,3.1,1.35,3311019,2.0,Bretnacher J.,bretnacher,0.0,6-4 6-2,2026-09-01
Hurghada 9 ITF,https://www.tennisexplorer.com/hurghada-9-itf/2026/wta-women/,Rachapudi P.,rachapudi,3.05,1.3,3311639,2.0,Avataneo S.,avataneo,0.0,6-4 6-3,2026-09-01
Hurghada 9 ITF,https://www.tennisexplorer.com/hurghada-9-itf/2026/wta-women/,Hansen S.,hansen-10336,1.49,2.33,3311015,2.0,Sadiq S.,sadiq-44f1a,0.0,6-4 6-4,2026-09-01
Hurghada 9 ITF,https://www.tennisexplorer.com/hurghada-9-itf/2026/wta-women/,Elkady J.,elkady,,,3311021,2.0,Atturu S.,atturu-d3f83,1.0,6-4 4-6 10-8,2026-09-01
Hurghada 9 ITF,https://www.tennisexplorer.com/hurghada-9-itf/2026/wta-women/,Abouelsaad H.,abouelsaad,,,3311017,2.0,Wagner L.,wagner-00629,0.0,6-3 6-4,2026-09-01
Hurghada 9 ITF,https://www.tennisexplorer.com/hurghada-9-itf/2026/wta-women/,Vlajic T.,vlajic-eeaf6,,,3311641,2.0,Sherif D.,sherif-870cd,0.0,6-3 7-5,2026-09-01
Lujan ITF,https://www.tennisexplorer.com/lujan-itf/2026/wta-women/,E'halli Obeid M.,e-halli-obeid,,,3312129,2.0,Cristobal M.,cristobal,0.0,6-1 6-1,2026-09-01
Lujan ITF,https://www.tennisexplorer.com/lujan-itf/2026/wta-women/,Corbalan Miranda A.,corbalan-miranda,,,3312123,2.0,Gabotto Loredo K.,gabotto-loredo,0.0,7-6 6-3,2026-09-01
Lujan ITF,https://www.tennisexplorer.com/lujan-itf/2026/wta-women/,Rondinoni G.,rondinoni,,,3312127,2.0,Pajello A.,pajello,0.0,6-0 6-1,2026-09-01
Lujan ITF,https://www.tennisexplorer.com/lujan-itf/2026/wta-women/,Madrid Rocca M.,madrid-rocca-92c98,,,3312125,2.0,Vega Gudino C.,vega-gudino,0.0,6-1 6-3,2026-09-01
Lujan ITF,https://www.tennisexplorer.com/lujan-itf/2026/wta-women/,Moron F.,moron-b2533,,,3312121,,Rossi V.,rossi-98a9a,,,2026-09-01
Lujan ITF,https://www.tennisexplorer.com/lujan-itf/2026/wta-women/,Castro Zunino M.,castro-zunino,,,3312131,,Tarantola A.,tarantola,,,2026-09-01
Lujan ITF,https://www.tennisexplorer.com/lujan-itf/2026/wta-women/,Marmorstein J.,marmorstein,,,3312133,,Doldan Z.,doldan-3d86a,,,2026-09-01
Lujan ITF,https://www.tennisexplorer.com/lujan-itf/2026/wta-women/,Barreto Scholz S.,barreto-scholz,,,3312119,,Nunez M.,nunez-514bb,,,2026-09-01
Monastir 48 ITF,https://www.tennisexplorer.com/monastir-48-itf/2026/wta-women/,Belkova K.,belkova,1.12,4.85,3311651,2.0,Zaremba M.,zaremba,0.0,6-0 6-1,2026-09-01
Monastir 48 ITF,https://www.tennisexplorer.com/monastir-48-itf/2026/wta-women/,Chen Y.,chen-dff10,1.12,4.8,3311039,2.0,Cammilleri L.,cammilleri-d0a3f,0.0,6-3 6-4,2026-09-01
Monastir 48 ITF,https://www.tennisexplorer.com/monastir-48-itf/2026/wta-women/,Schruff L.,schruff-7512d,,,3312139,2.0,Semenistaja M.,semenistaja-6abe4,0.0,7-6 7-5,2026-09-01
Monastir 48 ITF,https://www.tennisexplorer.com/monastir-48-itf/2026/wta-women/,Dada-Mascoll S.,dada-mascoll,1.22,3.83,3312137,2.0,Safi M.,safi-20e81,0.0,6-1 6-2,2026-09-01
Monastir 48 ITF,https://www.tennisexplorer.com/monastir-48-itf/2026/wta-women/,Iakukhina S.,iakukhina,1.13,5.35,3312135,2.0,Tahiri M.,tahiri-8d710,0.0,6-1 6-3,2026-09-01
Monastir 48 ITF,https://www.tennisexplorer.com/monastir-48-itf/2026/wta-women/,Sahnoun N.,sahnoun,1.84,1.83,3311649,2.0,Newberry E.,newberry-f95f3,1.0,6-2 4-6 10-7,2026-09-01
Monastir 48 ITF,https://www.tennisexplorer.com/monastir-48-itf/2026/wta-women/,Nosei A.,nosei-4e0d4,1.43,2.53,3311647,2.0,Alekseeva S.,alekseeva-e5dfd,1.0,6-4 4-6 10-6,2026-09-01
Monastir 48 ITF,https://www.tennisexplorer.com/monastir-48-itf/2026/wta-women/,Stabauer T.,stabauer,,,3311653,2.0,Maruyama A.,maruyama-5de4d,0.0,6-3 6-3,2026-09-01
Pécs ITF,https://www.tennisexplorer.com/pecs-itf/2026/wta-women/,Cozma S.,cozma-dd98c,1.11,5.2,3311661,2.0,Muller N.,muller-021f5,0.0,6-1 6-1,2026-09-01
Pécs ITF,https://www.tennisexplorer.com/pecs-itf/2026/wta-women/,Belanska L.,belanska,1.22,3.7,3311663,2.0,Stanikova M.,stanikova,1.0,6-7 6-2 10-5,2026-09-01
Pécs ITF,https://www.tennisexplorer.com/pecs-itf/2026/wta-women/,Williams S.,williams-83f74,1.85,1.82,3311659,2.0,Chytilova A.,chytilova,0.0,6-4 7-6,2026-09-01
Pécs ITF,https://www.tennisexplorer.com/pecs-itf/2026/wta-women/,Cinkanicova S.,cinkanicova,1.56,2.25,3311655,2.0,Michna M.,michna-d5811,0.0,6-0 6-2,2026-09-01
Pécs ITF,https://www.tennisexplorer.com/pecs-itf/2026/wta-women/,Petrasova D.,petrasova,,,3311665,2.0,Fenyves G.,fenyves,0.0,6-4 6-4,2026-09-01
Pécs ITF,https://www.tennisexplorer.com/pecs-itf/2026/wta-women/,Biro M.,biro-19860,,,3311043,2.0,Matvejeva D.,matvejeva,0.0,6-3 6-4,2026-09-01
Pécs ITF,https://www.tennisexplorer.com/pecs-itf/2026/wta-women/,Vojcinakova I.,vojcinakova,,,3311041,2.0,Richter A.,richter-f412c,0.0,6-2 6-3,2026-09-01
Pécs ITF,https://www.tennisexplorer.com/pecs-itf/2026/wta-women/,Klys N.,klys,5.6,1.1,3311657,2.0,Levinsky G.,levinsky-ae11f,0.0,6-2 7-6,2026-09-01
Saint Palais sur Mer ITF,https://www.tennisexplorer.com/saint-palais-sur-mer-itf/2026/wta-women/,Cirotte A.,cirotte-767ac,1.23,3.68,3310579,2.0,Bougouffa H.,bougouffa,1.0,5-7 6-2 7-6,2026-09-01
Saint Palais sur Mer ITF,https://www.tennisexplorer.com/saint-palais-sur-mer-itf/2026/wta-women/,Berecoechea N.,berecoechea,1.63,2.14,3310123,2.0,Biolay S.,biolay,1.0,7-6 5-7 6-4,2026-09-01
Yeongwol ITF,https://www.tennisexplorer.com/yeongwol-itf/2026/wta-women/,Lee E.,lee-f44c9,1.17,4.17,3311053,2.0,Ohwaki Y.,ohwaki,0.0,6-0 6-3,2026-09-01
Yeongwol ITF,https://www.tennisexplorer.com/yeongwol-itf/2026/wta-women/,Jeong S.,jeong-c0986,1.22,3.87,3311051,2.0,Ahn Y.,ahn-5bfc6,0.0,6-1 6-4,2026-09-01
Yeongwol ITF,https://www.tennisexplorer.com/yeongwol-itf/2026/wta-women/,Shin J.,shin-79862,4.48,1.16,3311047,2.0,Choi S.,choi-fbe16,0.0,6-2 6-4,2026-09-01
Yeongwol ITF,https://www.tennisexplorer.com/yeongwol-itf/2026/wta-women/,Jang S.,jang-45777,1.63,2.13,3311049,2.0,Oh J.,oh-800ea,0.0,7-5 6-3,2026-09-01
Yeongwol ITF,https://www.tennisexplorer.com/yeongwol-itf/2026/wta-women/,Jang G.,jang-fde1b,2.23,1.61,3311055,2.0,Oh Y.,oh-0729f,1.0,6-3 0-6 11-9,2026-09-01
Yeongwol ITF,https://www.tennisexplorer.com/yeongwol-itf/2026/wta-women/,Lin F.,lin-0807a,1.39,2.68,3311045,2.0,Kawagishi N.,kawagishi,0.0,7-6 6-1,2026-09-01
Yeongwol ITF,https://www.tennisexplorer.com/yeongwol-itf/2026/wta-women/,Park E.,park-1fa09,1.41,2.68,3311057,2.0,Moon J.,moon-8c62d,1.0,3-6 6-2 10-7,2026-09-01
Yeongwol ITF,https://www.tennisexplorer.com/yeongwol-itf/2026/wta-women/,Sato H.,sato-f7911,2.28,3.5,3311667,2.0,Choi S.,choi-aa721,0.0,6-4 6-3,2026-09-01
US Open,https://www.tennisexplorer.com/us-open/2026/wta-women/,Sonmez Z.,sonmez-ed11c,11.36,1.04,3307341,,Gauff C.,gauff,,,2026-09-02
US Open,https://www.tennisexplorer.com/us-open/2026/wta-women/,Linette M.,linette,1.88,1.92,3307893,,Jones F.,jones-68698,,,2026-09-02
US Open,https://www.tennisexplorer.com/us-open/2026/wta-women/,Stoiana M.,stoiana,4.24,1.22,3307895,,Eala A.,eala,,,2026-09-02
US Open,https://www.tennisexplorer.com/us-open/2026/wta-women/,Paolini J.,paolini-4af25,1.42,2.86,3310275,,Stefanini L.,stefanini-e3656,,,2026-09-02
US Open,https://www.tennisexplorer.com/us-open/2026/wta-women/,Pegula J.,pegula,1.05,10.78,3310681,,Kenin S.,kenin-5a3a8,,,2026-09-02
US Open,https://www.tennisexplorer.com/us-open/2026/wta-women/,Boulter K.,boulter,5.66,1.14,3311571,,Muchova K.,muchova,,,2026-09-02
US Open,https://www.tennisexplorer.com/us-open/2026/wta-women/,Sabalenka A.,sabalenka,1.02,15.74,3311937,,Iatcenko P.,iatcenko,,,2026-09-02
US Open,https://www.tennisexplorer.com/us-open/2026/wta-women/,Selekhmeteva O.,selekhmeteva,2.4,1.56,3311939,,Rakhimova K.,rakhimova-29cc5,,,2026-09-02
US Open,https://www.tennisexplorer.com/us-open/2026/wta-women/,Birrell K.,birrell-dca33,4.16,1.23,3311941,,Alexandrova E.,alexandrova-3181a,,,2026-09-02
US Open,https://www.tennisexplorer.com/us-open/2026/wta-women/,Bucsa C.,bucsa,1.44,2.76,3311943,,Sakatsume H.,sakatsume,,,2026-09-02
US Open,https://www.tennisexplorer.com/us-open/2026/wta-women/,Dart H.,dart,4.98,1.17,3311945,,Bouzkova M.,bouzkova,,,2026-09-02
US Open,https://www.tennisexplorer.com/us-open/2026/wta-women/,Sawangkaew M.,sawangkaew-7db4a,3.29,1.34,3311947,,Fernandez L.,fernandez-8411c,,,2026-09-02
US Open,https://www.tennisexplorer.com/us-open/2026/wta-women/,Wang X.,wang-77549,2.77,1.44,3311973,,Kalinskaya A.,kalinskaya,,,2026-09-02
US Open,https://www.tennisexplorer.com/us-open/2026/wta-women/,Townsend T.,townsend,1.24,4.02,3311975,,Preston T.,preston-2f931,,,2026-09-02
US Open,https://www.tennisexplorer.com/us-open/2026/wta-women/,Tagger L.,tagger-1a5b1,4.53,1.2,3311977,,Anisimova A.,anisimova-3be62,,,2026-09-02
US Open,https://www.tennisexplorer.com/us-open/2026/wta-women/,Pliskova K.,pliskova,3.9,1.26,3311985,,Shnaider D.,shnaider-51347,,,2026-09-02
US Open,https://www.tennisexplorer.com/us-open/2026/wta-women/,Navarro E.,navarro-d5bcf,1.76,2.05,3311991,,McNally C.,mcnally-c14af,,,2026-09-02
US Open,https://www.tennisexplorer.com/us-open/2026/wta-women/,Tararudee L.,tararudee,4.21,1.22,3311993,,Noskova L.,noskova,,,2026-09-02
US Open,https://www.tennisexplorer.com/us-open/2026/wta-women/,Kostyuk M.,kostyuk-ea2bf,1.1,7.15,3311997,,Stephens S.,stephens-82dfa,,,2026-09-02
US Open,https://www.tennisexplorer.com/us-open/2026/wta-women/,Parry D.,parry-d5e54,3.29,1.34,3311999,,Cirstea S.,cirstea,,,2026-09-02
US Open,https://www.tennisexplorer.com/us-open/2026/wta-women/,Li A.,li-f8666,1.58,2.35,3312001,,Vekic D.,vekic,,,2026-09-02
US Open,https://www.tennisexplorer.com/us-open/2026/wta-women/,Svitolina E.,svitolina,1.1,7.12,3312003,,Joint M.,joint,,,2026-09-02
US Open,https://www.tennisexplorer.com/us-open/2026/wta-women/,Swiatek I.,swiatek,1.01,19.76,3312009,,Podoroska N.,podoroska,,,2026-09-02
US Open,https://www.tennisexplorer.com/us-open/2026/wta-women/,Osaka N.,osaka-fa603,1.26,3.86,3312051,,Siniakova K.,siniakova,,,2026-09-02
Tianjin 5 ITF,https://www.tennisexplorer.com/tianjin-5-itf/2026/wta-women/,Costoulas S.,costoulas,1.04,8.59,3310825,,Ye S.,ye-892d3,,,2026-09-02
Tianjin 5 ITF,https://www.tennisexplorer.com/tianjin-5-itf/2026/wta-women/,Garland J.,garland-472f9,1.31,3.14,3310833,,Khomutsianskaya D.,khomutsianskaya,,,2026-09-02
Tianjin 5 ITF,https://www.tennisexplorer.com/tianjin-5-itf/2026/wta-women/,Zhang J.,zhang-f5385,3.42,1.26,3310837,,Nugroho P.,nugroho-ee7f1,,,2026-09-02
Tianjin 5 ITF,https://www.tennisexplorer.com/tianjin-5-itf/2026/wta-women/,Morvayova V.,morvayova,2.27,1.54,3310839,,Saito S.,saito-64ad1,,,2026-09-02
Tianjin 5 ITF,https://www.tennisexplorer.com/tianjin-5-itf/2026/wta-women/,Kaji H.,kaji,2.18,1.58,3310841,,Ren Y.,ren-2bd98,,,2026-09-02
Tianjin 5 ITF,https://www.tennisexplorer.com/tianjin-5-itf/2026/wta-women/,Shi H.,shi-2f390,1.19,4.18,3310843,,Saigo R.,saigo-c334b,,,2026-09-02
Tianjin 5 ITF,https://www.tennisexplorer.com/tianjin-5-itf/2026/wta-women/,Tian F.,tian-df169,1.33,2.83,3310849,,Li Z.,li-bfc02,,,2026-09-02
Tianjin 5 ITF,https://www.tennisexplorer.com/tianjin-5-itf/2026/wta-women/,Lu J.,lu-ce849,1.66,2.06,3310851,,Cheapchandej P.,cheapchandej,,,2026-09-02
Leiria ITF,https://www.tennisexplorer.com/leiria-itf/2026/wta-women/,Podrez V.,podrez,1.48,2.48,3311893,,Werner C.,werner-0c6a8,,,2026-09-02
Leiria ITF,https://www.tennisexplorer.com/leiria-itf/2026/wta-women/,Micic E.,micic-2eaa8,1.04,9.39,3311895,,Isakova P.,isakova-87902,,,2026-09-02
Leiria ITF,https://www.tennisexplorer.com/leiria-itf/2026/wta-women/,Dodin O.,dodin,2.58,1.45,3312429,,Burrage J.,burrage,,,2026-09-02
Leiria ITF,https://www.tennisexplorer.com/leiria-itf/2026/wta-women/,Ku Y.,ku-2f72f,1.21,3.85,3311897,,Rouvroy M.,rouvroy,,,2026-09-02
Leiria ITF,https://www.tennisexplorer.com/leiria-itf/2026/wta-women/,Klugman H.,klugman,1.66,2.09,3311899,,Friedsam A.,friedsam,,,2026-09-02
Leiria ITF,https://www.tennisexplorer.com/leiria-itf/2026/wta-women/,Kuzmova K.,kuzmova-d77dc,3.12,1.32,3311901,,Jorge F.,jorge-fb514,,,2026-09-02
Leiria ITF,https://www.tennisexplorer.com/leiria-itf/2026/wta-women/,Tomai C.,tomai-00b67,21.0,1.0,3311903,,Cervino Ruiz C.,cervino-ruiz,,,2026-09-02
Leiria ITF,https://www.tennisexplorer.com/leiria-itf/2026/wta-women/,Rapolu M.,rapolu,2.16,1.61,3311909,,Stojsavljevic M.,stojsavljevic,,,2026-09-02
Leiria ITF,https://www.tennisexplorer.com/leiria-itf/2026/wta-women/,Ivanov V.,ivanov-2885b,2.73,1.39,3312433,,Jorge M.,jorge-66a57,,,2026-09-02
Leiria ITF,https://www.tennisexplorer.com/leiria-itf/2026/wta-women/,Klimovicova L.,klimovicova,1.12,5.23,3311907,,Voloshchuk A.,voloshchuk,,,2026-09-02
Leiria ITF,https://www.tennisexplorer.com/leiria-itf/2026/wta-women/,Tan H.,tan-20ad3,1.48,2.48,3312431,,Johnson S.,johnson-d42b6,,,2026-09-02
Leiria ITF,https://www.tennisexplorer.com/leiria-itf/2026/wta-women/,Lacasse R.,lacasse-d16d0,9.88,1.03,3312435,,Fruhvirtova L.,fruhvirtova,,,2026-09-02
Saint Palais sur Mer ITF,https://www.tennisexplorer.com/saint-palais-sur-mer-itf/2026/wta-women/,Tubello A.,tubello,1.07,7.24,3311463,,Iliev S.,iliev-33d70,,,2026-09-02
Saint Palais sur Mer ITF,https://www.tennisexplorer.com/saint-palais-sur-mer-itf/2026/wta-women/,Van Emst S.,van-emst,4.95,1.15,3312921,,Burel C.,burel-b743e,,,2026-09-02
Saint Palais sur Mer ITF,https://www.tennisexplorer.com/saint-palais-sur-mer-itf/2026/wta-women/,Babel O.,babel-4eade,1.35,3.1,3312925,,Aikawa M.,aikawa,,,2026-09-02
Saint Palais sur Mer ITF,https://www.tennisexplorer.com/saint-palais-sur-mer-itf/2026/wta-women/,Paquet C.,paquet,1.34,2.95,3312927,,Strakhova V.,strakhova,,,2026-09-02
Saint Palais sur Mer ITF,https://www.tennisexplorer.com/saint-palais-sur-mer-itf/2026/wta-women/,Pace F.,pace-1c15d,1.73,2.0,3311467,,Nahimana S.,nahimana,,,2026-09-02
Saint Palais sur Mer ITF,https://www.tennisexplorer.com/saint-palais-sur-mer-itf/2026/wta-women/,Urgesi F.,urgesi,1.57,2.26,3311471,,Karatancheva L.,karatancheva,,,2026-09-02
Saint Palais sur Mer ITF,https://www.tennisexplorer.com/saint-palais-sur-mer-itf/2026/wta-women/,Ferro F.,ferro,1.01,15.0,3312915,,Cirotte A.,cirotte-767ac,,,2026-09-02
Saint Palais sur Mer ITF,https://www.tennisexplorer.com/saint-palais-sur-mer-itf/2026/wta-women/,Mattel M.,mattel,5.15,1.16,3312919,,Lene E.,lene,,,2026-09-02
Saint Palais sur Mer ITF,https://www.tennisexplorer.com/saint-palais-sur-mer-itf/2026/wta-women/,Ebeling Koning L.,ebeling-koning,2.72,1.42,3312917,,Kovackova A.,kovackova,,,2026-09-02
Saint Palais sur Mer ITF,https://www.tennisexplorer.com/saint-palais-sur-mer-itf/2026/wta-women/,Berecoechea N.,berecoechea,2.68,1.44,3312923,,Mikulskyte J.,mikulskyte,,,2026-09-02
Saint Palais sur Mer ITF,https://www.tennisexplorer.com/saint-palais-sur-mer-itf/2026/wta-women/,Lollia M.,lollia-cbd89,3.98,1.23,3312929,,Carle M.,carle-f03da,,,2026-09-02
Saint Palais sur Mer ITF,https://www.tennisexplorer.com/saint-palais-sur-mer-itf/2026/wta-women/,Zolotareva A.,zolotareva-f9b96,1.56,2.28,3311469,,Hesse A.,hesse-e3573,,,2026-09-02
Kursumlijska Banja 17 ITF,https://www.tennisexplorer.com/kursumlijska-banja-17-itf/2026/wta-women/,Cvetkovic A.,cvetkovic-da1f9,,,3312391,,Xiao S.,xiao-8a22f,,,2026-09-02
Kursumlijska Banja 17 ITF,https://www.tennisexplorer.com/kursumlijska-banja-17-itf/2026/wta-women/,Janicijevic S.,janicijevic,1.73,2.0,3312395,,Glushkova D.,glushkova,,,2026-09-02
Kursumlijska Banja 17 ITF,https://www.tennisexplorer.com/kursumlijska-banja-17-itf/2026/wta-women/,Reami A.,reami,1.18,4.33,3312397,,Karatancheva A.,karatancheva-ea42f,,,2026-09-02
Kursumlijska Banja 17 ITF,https://www.tennisexplorer.com/kursumlijska-banja-17-itf/2026/wta-women/,Radovanovic N.,radovanovic-5b7ca,1.39,2.76,3312399,,Simion O.,simion-b1e5b,,,2026-09-02
Kursumlijska Banja 17 ITF,https://www.tennisexplorer.com/kursumlijska-banja-17-itf/2026/wta-women/,Tona M.,tona-6576b,1.02,10.95,3312401,,Yuneva A.,yuneva,,,2026-09-02
Kursumlijska Banja 17 ITF,https://www.tennisexplorer.com/kursumlijska-banja-17-itf/2026/wta-women/,Stankovic A.,stankovic-c7d3f,1.02,13.38,3312403,,Agbaba L.,agbaba,,,2026-09-02
Kursumlijska Banja 17 ITF,https://www.tennisexplorer.com/kursumlijska-banja-17-itf/2026/wta-women/,Zaytseva K.,zaytseva-e6a32,1.11,5.71,3312405,,Obradovic A.,obradovic-33b41,,,2026-09-02
Kursumlijska Banja 17 ITF,https://www.tennisexplorer.com/kursumlijska-banja-17-itf/2026/wta-women/,Cortez Llorca L.,cortez-llorca,3.78,1.23,3312407,,Toth A.,toth-8a51e,,,2026-09-02
Kursumlijska Banja 17 ITF,https://www.tennisexplorer.com/kursumlijska-banja-17-itf/2026/wta-women/,Martinez Cirez C.,martinez-cirez,1.06,7.97,3312409,,Garnevska V.,garnevska-4e795,,,2026-09-02
Kursumlijska Banja 17 ITF,https://www.tennisexplorer.com/kursumlijska-banja-17-itf/2026/wta-women/,Golovina M.,golovina,2.29,1.56,3312411,,Taraba Wallberg N.,taraba-wallberg,,,2026-09-02
Kursumlijska Banja 17 ITF,https://www.tennisexplorer.com/kursumlijska-banja-17-itf/2026/wta-women/,Petkovic A.,petkovic-1cadf,4.43,1.18,3312413,,Senic N.,senic,,,2026-09-02
Kursumlijska Banja 17 ITF,https://www.tennisexplorer.com/kursumlijska-banja-17-itf/2026/wta-women/,Milovanovic E.,milovanovic-fca5a,1.25,3.66,3312415,,Virc L.,virc,,,2026-09-02
Kursumlijska Banja 17 ITF,https://www.tennisexplorer.com/kursumlijska-banja-17-itf/2026/wta-women/,Stoyanov A.,stoyanov,1.13,5.21,3312417,,Cakarevic S.,cakarevic,,,2026-09-02
Kursumlijska Banja 17 ITF,https://www.tennisexplorer.com/kursumlijska-banja-17-itf/2026/wta-women/,Cakarun N.,cakarun,15.22,1.02,3312419,,Kokkinis T.,kokkinis,,,2026-09-02
Kursumlijska Banja 17 ITF,https://www.tennisexplorer.com/kursumlijska-banja-17-itf/2026/wta-women/,Schnyder S.,schnyder-e2342,12.83,1.02,3312421,,Pedone G.,pedone,,,2026-09-02
UTR Pro Tennis Series 5,https://www.tennisexplorer.com/utr-pro-tennis-series-5/2026/wta-women/,Siedliska N.,siedliska,,,3312977,,Kornieieva A.,kornieieva,,,2026-09-02
UTR Pro Tennis Series 5,https://www.tennisexplorer.com/utr-pro-tennis-series-5/2026/wta-women/,Vaneva Z.,vaneva,,,3312979,,Borodulina V.,borodulina,,,2026-09-02
UTR Pro Tennis Series 5,https://www.tennisexplorer.com/utr-pro-tennis-series-5/2026/wta-women/,Kannan A.,kannan-9d7d6,,,3312981,,Cassidy L.,cassidy-4e903,,,2026-09-02
UTR Pro Tennis Series 5,https://www.tennisexplorer.com/utr-pro-tennis-series-5/2026/wta-women/,Zabrdac N.,zabrdac,,,3312983,,Grammatikopoulou V.,grammatikopoulou,,,2026-09-02
UTR Pro Tennis Series 5,https://www.tennisexplorer.com/utr-pro-tennis-series-5/2026/wta-women/,Vasilescu A.,vasilescu-c0729,,,3312985,,Correia L.,correia-71352,,,2026-09-02
UTR Pro Tennis Series 5,https://www.tennisexplorer.com/utr-pro-tennis-series-5/2026/wta-women/,Vajsejtlova T.,vajsejtlova,,,3312987,,Kuparev A.,kuparev,,,2026-09-02
Badalona ITF,https://www.tennisexplorer.com/badalona-itf/2026/wta-women/,Quesada Oyonarte M.,quesada-oyonarte,6.7,1.15,3311249,,Diaz Adrover C.,diaz-adrover,,,2026-09-02
Badalona ITF,https://www.tennisexplorer.com/badalona-itf/2026/wta-women/,Jialin T.,jialin,1.5,2.4,3311251,,Hui K.,hui-cc453,,,2026-09-02
Badalona ITF,https://www.tennisexplorer.com/badalona-itf/2026/wta-women/,Lopez Alcaraz E.,lopez-alcaraz,,,3311253,,Greiner S.,greiner-42dc8,,,2026-09-02
Badalona ITF,https://www.tennisexplorer.com/badalona-itf/2026/wta-women/,Lutkemeyer Obregon A.,lutkemeyer-obregon,1.02,11.36,3311261,,Corte C.,corte-36bd7,,,2026-09-02
Badalona ITF,https://www.tennisexplorer.com/badalona-itf/2026/wta-women/,Mair L.,mair-38859,2.72,1.4,3312761,,Torner Sensano N.,torner-sensano,,,2026-09-02
Badalona ITF,https://www.tennisexplorer.com/badalona-itf/2026/wta-women/,Kucikova K.,kucikova,1.66,2.06,3312767,,Cherny I.,cherny,,,2026-09-02
Badalona ITF,https://www.tennisexplorer.com/badalona-itf/2026/wta-women/,Fojcik L.,fojcik,5.63,1.13,3312771,,Teixido Garcia M.,teixido-garcia-b8df4,,,2026-09-02
Badalona ITF,https://www.tennisexplorer.com/badalona-itf/2026/wta-women/,Ortega Redondo P.,ortega-redondo,4.93,1.13,3312765,,Monlleo Ramos A.,monlleo-ramos,,,2026-09-02
Badalona ITF,https://www.tennisexplorer.com/badalona-itf/2026/wta-women/,Xu B.,xu-a4b41,,,3312769,,Bruno V.,bruno-0e6ae,,,2026-09-02
Badalona ITF,https://www.tennisexplorer.com/badalona-itf/2026/wta-women/,Lahey A.,lahey,1.07,6.77,3311263,,Natal Gomez L.,natal-gomez,,,2026-09-02
Badalona ITF,https://www.tennisexplorer.com/badalona-itf/2026/wta-women/,Montesinos S.,montesinos-07f26,3.27,1.29,3312763,,Reva A.,reva,,,2026-09-02
Badalona ITF,https://www.tennisexplorer.com/badalona-itf/2026/wta-women/,Cabassers Morros A.,cabassers-morros,11.98,1.01,3312773,,Primorac I.,primorac-378c7,,,2026-09-02
Brasov 3 ITF,https://www.tennisexplorer.com/brasov-3-itf/2026/wta-women/,Marcu T.,marcu-7d151,1.35,2.97,3311277,,Dumitru K.,dumitru-8fc60,,,2026-09-02
Brasov 3 ITF,https://www.tennisexplorer.com/brasov-3-itf/2026/wta-women/,Cirstea J.,cirstea-65bec,3.27,1.3,3311279,,Stamatova J.,stamatova,,,2026-09-02
Brasov 3 ITF,https://www.tennisexplorer.com/brasov-3-itf/2026/wta-women/,Popa G.,popa-5ef18,1.07,6.75,3311281,,Kryvoruchko S.,kryvoruchko-9ba4b,,,2026-09-02
Brasov 3 ITF,https://www.tennisexplorer.com/brasov-3-itf/2026/wta-women/,Todoni C.,todoni-0af2b,1.2,4.06,3311283,,Sagmar I.,sagmar,,,2026-09-02
Brasov 3 ITF,https://www.tennisexplorer.com/brasov-3-itf/2026/wta-women/,Sandru I.,sandru,3.15,1.3,3311287,,Barbulescu B.,barbulescu-68dbb,,,2026-09-02
Brasov 3 ITF,https://www.tennisexplorer.com/brasov-3-itf/2026/wta-women/,Craciun G.,craciun-a3e65,,,3311289,,Cucu S.,cucu-7dee2,,,2026-09-02
Brasov 3 ITF,https://www.tennisexplorer.com/brasov-3-itf/2026/wta-women/,Lungu A.,lungu-85644,11.5,1.03,3312783,,Lopatetska D.,lopatetska,,,2026-09-02
Brasov 3 ITF,https://www.tennisexplorer.com/brasov-3-itf/2026/wta-women/,Ogescu S.,ogescu,1.34,2.94,3312775,,Varsa A.,varsa,,,2026-09-02
Brasov 3 ITF,https://www.tennisexplorer.com/brasov-3-itf/2026/wta-women/,Sanduleasa I.,sanduleasa,3.82,1.2,3312781,,Breaz A.,breaz,,,2026-09-02
Brasov 3 ITF,https://www.tennisexplorer.com/brasov-3-itf/2026/wta-women/,Vozniak K.,vozniak,1.16,4.55,3312785,,Trush Y.,trush,,,2026-09-02
Brasov 3 ITF,https://www.tennisexplorer.com/brasov-3-itf/2026/wta-women/,Proietti V.,proietti,5.21,1.12,3312787,,Raggi A.,raggi,,,2026-09-02
Brasov 3 ITF,https://www.tennisexplorer.com/brasov-3-itf/2026/wta-women/,Scuppa A.,scuppa,3.13,1.31,3312777,,Paris S.,paris-2ec33,,,2026-09-02
Brasov 3 ITF,https://www.tennisexplorer.com/brasov-3-itf/2026/wta-women/,Brotea A.,brotea,2.94,1.33,3312779,,Popescu A.,popescu-27c7f,,,2026-09-02
Cap d'Agde ITF,https://www.tennisexplorer.com/cap-d-agde-itf/2026/wta-women/,Ruchkina K.,ruchkina,,,3312585,,Szostak M.,szostak-65e37,,,2026-09-02
Cap d'Agde ITF,https://www.tennisexplorer.com/cap-d-agde-itf/2026/wta-women/,Buculei I.,buculei,3.35,1.28,3312643,,Soriano Santiago M.,soriano-santiago,,,2026-09-02
Cap d'Agde ITF,https://www.tennisexplorer.com/cap-d-agde-itf/2026/wta-women/,Longueville R.,longueville,,,3312661,,Carpentier N.,carpentier-1808f,,,2026-09-02
Cap d'Agde ITF,https://www.tennisexplorer.com/cap-d-agde-itf/2026/wta-women/,Van Zyl J.,van-zyl-c6ef1,,,3312659,,Crinebouch H.,crinebouch,,,2026-09-02
Cap d'Agde ITF,https://www.tennisexplorer.com/cap-d-agde-itf/2026/wta-women/,Mettraux M.,mettraux,1.47,2.48,3312603,,Sasnouskaya T.,sasnouskaya,,,2026-09-02
Cap d'Agde ITF,https://www.tennisexplorer.com/cap-d-agde-itf/2026/wta-women/,Krajmer K.,krajmer,,,3312885,,Mpetshi Perricard D.,mpetshi-perricard-c6719,,,2026-09-02
Cap d'Agde ITF,https://www.tennisexplorer.com/cap-d-agde-itf/2026/wta-women/,Bayerlova M.,bayerlova,,,3312957,,Gabriel A.,gabriel-d7af2,,,2026-09-02
Cap d'Agde ITF,https://www.tennisexplorer.com/cap-d-agde-itf/2026/wta-women/,Ebster A.,ebster,5.2,1.13,3312641,,Fornasieri C.,fornasieri,,,2026-09-02
Fiano Romano ITF,https://www.tennisexplorer.com/fiano-romano-itf/2026/wta-women/,Gasparini C.,gasparini-b1e8b,,,3312605,,Giambelli C.,giambelli,,,2026-09-02
Fiano Romano ITF,https://www.tennisexplorer.com/fiano-romano-itf/2026/wta-women/,Milanese S.,milanese,,,3312607,,Voracek E.,voracek,,,2026-09-02
Fiano Romano ITF,https://www.tennisexplorer.com/fiano-romano-itf/2026/wta-women/,Maines N.,maines,,,3312627,,Alvisi E.,alvisi,,,2026-09-02
Fiano Romano ITF,https://www.tennisexplorer.com/fiano-romano-itf/2026/wta-women/,Ormaechea P.,ormaechea,,,3312793,,Sevcikova L.,sevcikova-458c4,,,2026-09-02
Fiano Romano ITF,https://www.tennisexplorer.com/fiano-romano-itf/2026/wta-women/,Vismane D.,vismane,1.17,4.4,3312379,,Moccia C.,moccia,,,2026-09-02
Fiano Romano ITF,https://www.tennisexplorer.com/fiano-romano-itf/2026/wta-women/,Odorizzi C.,odorizzi,11.5,1.02,3312383,,Gandolfi F.,gandolfi-382c5,,,2026-09-02
Fiano Romano ITF,https://www.tennisexplorer.com/fiano-romano-itf/2026/wta-women/,Trevisan F.,trevisan-1d3e4,1.42,2.64,3312385,,Kulhava V.,kulhava,,,2026-09-02
Fiano Romano ITF,https://www.tennisexplorer.com/fiano-romano-itf/2026/wta-women/,Shapatava S.,shapatava,1.04,8.75,3312377,,Manitto C.,manitto,,,2026-09-02
Fiano Romano ITF,https://www.tennisexplorer.com/fiano-romano-itf/2026/wta-women/,De Santis G.,de-santis-abb28,1.73,2.0,3312381,,Marino F.,marino-a150a,,,2026-09-02
Fiano Romano ITF,https://www.tennisexplorer.com/fiano-romano-itf/2026/wta-women/,Lombardini M.,lombardini,1.01,17.0,3312387,,Fiorani A.,fiorani,,,2026-09-02
Fiano Romano ITF,https://www.tennisexplorer.com/fiano-romano-itf/2026/wta-women/,Schaefer A.,schaefer-57121,,,3312371,,Novak K.,novak-5604d,,,2026-09-02
Fiano Romano ITF,https://www.tennisexplorer.com/fiano-romano-itf/2026/wta-women/,Gentili A.,gentili-7d9bb,1.39,2.69,3312389,,Pieroni S.,pieroni-2abdf,,,2026-09-02
Grodzisk Mazowiecki ITF,https://www.tennisexplorer.com/grodzisk-mazowiecki-itf/2026/wta-women/,Wrobel M.,wrobel-0edcf,,,3312801,,Cialkowska W.,cialkowska,,,2026-09-02
Grodzisk Mazowiecki ITF,https://www.tennisexplorer.com/grodzisk-mazowiecki-itf/2026/wta-women/,Appleton E.,appleton,,,3312809,,Heuser M.,heuser-af169,,,2026-09-02
Grodzisk Mazowiecki ITF,https://www.tennisexplorer.com/grodzisk-mazowiecki-itf/2026/wta-women/,Chudejova M.,chudejova,1.83,1.83,3312799,,Ozerova A.,ozerova,,,2026-09-02
Grodzisk Mazowiecki ITF,https://www.tennisexplorer.com/grodzisk-mazowiecki-itf/2026/wta-women/,Sharabura K.,sharabura,6.25,1.1,3312803,,Lazarenko K.,lazarenko,,,2026-09-02
Grodzisk Mazowiecki ITF,https://www.tennisexplorer.com/grodzisk-mazowiecki-itf/2026/wta-women/,Idaszewska A.,idaszewska,,,3312795,,Kolonus Z.,kolonus,,,2026-09-02
Grodzisk Mazowiecki ITF,https://www.tennisexplorer.com/grodzisk-mazowiecki-itf/2026/wta-women/,Pushkar S.,pushkar,1.71,1.96,3312805,,Drozdz O.,drozdz,,,2026-09-02
Grodzisk Mazowiecki ITF,https://www.tennisexplorer.com/grodzisk-mazowiecki-itf/2026/wta-women/,Frahn M.,frahn,4.1,1.18,3312807,,Pabisiak J.,pabisiak-62ae3,,,2026-09-02
Grodzisk Mazowiecki ITF,https://www.tennisexplorer.com/grodzisk-mazowiecki-itf/2026/wta-women/,Komano M.,komano,7.56,1.07,3311315,,Hrastar A.,hrastar,,,2026-09-02
Grodzisk Mazowiecki ITF,https://www.tennisexplorer.com/grodzisk-mazowiecki-itf/2026/wta-women/,Hertel A.,hertel-fc026,1.08,7.0,3312797,,Janiszewska A.,janiszewska,,,2026-09-02
Haren ITF,https://www.tennisexplorer.com/haren-itf/2026/wta-women/,Jovanovic M.,jovanovic-b73b3,3.5,1.25,3311345,,Groen J.,groen-e3711,,,2026-09-02
Haren ITF,https://www.tennisexplorer.com/haren-itf/2026/wta-women/,Schuknecht L.,schuknecht,2.15,1.63,3311351,,Wirges A.,wirges,,,2026-09-02
Haren ITF,https://www.tennisexplorer.com/haren-itf/2026/wta-women/,Raschdorf C.,raschdorf,1.5,2.4,3311353,,Van Der Werff R.,van-der-werff,,,2026-09-02
Haren ITF,https://www.tennisexplorer.com/haren-itf/2026/wta-women/,Willemse F.,willemse-b177f,3.65,1.23,3311355,,De Zeeuw J.,de-zeeuw,,,2026-09-02
Haren ITF,https://www.tennisexplorer.com/haren-itf/2026/wta-women/,Van De Peer V.,van-de-peer,1.25,3.5,3311357,,Pikkaart C.,pikkaart-1a9cb,,,2026-09-02
Hurghada 9 ITF,https://www.tennisexplorer.com/hurghada-9-itf/2026/wta-women/,Nepliy E.,nepliy,1.14,5.13,3311367,,Sherif J.,sherif-91be7,,,2026-09-02
Hurghada 9 ITF,https://www.tennisexplorer.com/hurghada-9-itf/2026/wta-women/,Ezzat Y.,ezzat-00f23,1.58,2.24,3311371,,Marinkovic I.,marinkovic-79d74,,,2026-09-02
Hurghada 9 ITF,https://www.tennisexplorer.com/hurghada-9-itf/2026/wta-women/,Martianova S.,martianova,,,3311373,,Tkacheva M.,tkacheva,,,2026-09-02
Hurghada 9 ITF,https://www.tennisexplorer.com/hurghada-9-itf/2026/wta-women/,Chan W.,chan-f94e3,21.0,1.0,3311381,,Vaissaud D.,vaissaud-9a2c0,,,2026-09-02
Hurghada 9 ITF,https://www.tennisexplorer.com/hurghada-9-itf/2026/wta-women/,El Sayed A.,el-sayed-b01e9,1.31,3.39,3312813,,Bedini V.,bedini,,,2026-09-02
Hurghada 9 ITF,https://www.tennisexplorer.com/hurghada-9-itf/2026/wta-women/,Khodzhaeva E.,khodzhaeva,4.75,1.26,3312815,,Kochta T.,kochta-15505,,,2026-09-02
Hurghada 9 ITF,https://www.tennisexplorer.com/hurghada-9-itf/2026/wta-women/,Avataneo S.,avataneo,4.74,1.18,3312817,,Herazo Gonzalez M.,herazo-gonzalez,,,2026-09-02
Hurghada 9 ITF,https://www.tennisexplorer.com/hurghada-9-itf/2026/wta-women/,Reguer A.,reguer,1.11,6.17,3312823,,Elkady J.,elkady,,,2026-09-02
Hurghada 9 ITF,https://www.tennisexplorer.com/hurghada-9-itf/2026/wta-women/,Mdlulwa W.,mdlulwa,12.67,1.02,3311369,,Petretic L.,petretic,,,2026-09-02
Hurghada 9 ITF,https://www.tennisexplorer.com/hurghada-9-itf/2026/wta-women/,Kuharenko P.,kuharenko,1.4,2.81,3311375,,Diatlova K.,diatlova,,,2026-09-02
Hurghada 9 ITF,https://www.tennisexplorer.com/hurghada-9-itf/2026/wta-women/,Atay S.,atay,6.92,1.07,3311377,,Weckerle M.,weckerle-434af,,,2026-09-02
Hurghada 9 ITF,https://www.tennisexplorer.com/hurghada-9-itf/2026/wta-women/,Mdlulwa W.,mdlulwa-57184,1.25,3.63,3311379,,Salaiova V.,salaiova,,,2026-09-02
Hurghada 9 ITF,https://www.tennisexplorer.com/hurghada-9-itf/2026/wta-women/,Abouelsaad H.,abouelsaad,2.1,1.68,3312811,,Brune E.,brune-ec079,,,2026-09-02
Hurghada 9 ITF,https://www.tennisexplorer.com/hurghada-9-itf/2026/wta-women/,Vlajic T.,vlajic-eeaf6,8.5,1.05,3312819,,Bartone K.,bartone,,,2026-09-02
Hurghada 9 ITF,https://www.tennisexplorer.com/hurghada-9-itf/2026/wta-women/,Plakk C.,plakk,1.83,1.83,3312821,,Hansen S.,hansen-10336,,,2026-09-02
Hurghada 9 ITF,https://www.tennisexplorer.com/hurghada-9-itf/2026/wta-women/,Perapekhina Y.,perapekhina,1.01,13.0,3312825,,Rachapudi P.,rachapudi,,,2026-09-02
Monastir 48 ITF,https://www.tennisexplorer.com/monastir-48-itf/2026/wta-women/,Kashyap T.,kashyap-01e0e,1.92,1.78,3312827,,Schruff L.,schruff-7512d,,,2026-09-02
Monastir 48 ITF,https://www.tennisexplorer.com/monastir-48-itf/2026/wta-women/,Keller K.,keller-b69ff,1.83,1.83,3312829,,Belkova K.,belkova,,,2026-09-02
Monastir 48 ITF,https://www.tennisexplorer.com/monastir-48-itf/2026/wta-women/,Stabauer T.,stabauer,7.5,1.07,3312831,,Silva J.,silva-c55be,,,2026-09-02
Monastir 48 ITF,https://www.tennisexplorer.com/monastir-48-itf/2026/wta-women/,Arakawa H.,arakawa-ac77f,1.11,6.15,3311401,,Kikawada R.,kikawada,,,2026-09-02
Monastir 48 ITF,https://www.tennisexplorer.com/monastir-48-itf/2026/wta-women/,Villet M.,villet,1.25,3.57,3311405,,Turkmen D.,turkmen,,,2026-09-02
Monastir 48 ITF,https://www.tennisexplorer.com/monastir-48-itf/2026/wta-women/,Mathlouthi E.,mathlouthi-5e18d,7.5,1.07,3312833,,Chen Y.,chen-dff10,,,2026-09-02
Monastir 48 ITF,https://www.tennisexplorer.com/monastir-48-itf/2026/wta-women/,Sahnoun N.,sahnoun,3.24,1.33,3312835,,Myatovic J.,myatovic,,,2026-09-02
Monastir 48 ITF,https://www.tennisexplorer.com/monastir-48-itf/2026/wta-women/,Ansari C.,ansari-33a46,1.12,15.0,3311399,,Garakani S.,garakani,,,2026-09-02
Monastir 48 ITF,https://www.tennisexplorer.com/monastir-48-itf/2026/wta-women/,Blomqvist C.,blomqvist-01510,1.91,1.8,3311403,,Arakawa N.,arakawa-2cd28,,,2026-09-02
Monastir 48 ITF,https://www.tennisexplorer.com/monastir-48-itf/2026/wta-women/,Rojas S.,rojas-322ef,1.03,9.25,3311407,,Dell'edera F.,dell-edera,,,2026-09-02
Monastir 48 ITF,https://www.tennisexplorer.com/monastir-48-itf/2026/wta-women/,Boussaffir S.,boussaffir,3.09,1.32,3311411,,Feldmane D.,feldmane,,,2026-09-02
Monastir 48 ITF,https://www.tennisexplorer.com/monastir-48-itf/2026/wta-women/,Nosei A.,nosei-4e0d4,1.36,2.96,3312837,,Safi M.,safi-20e81,,,2026-09-02
Monastir 48 ITF,https://www.tennisexplorer.com/monastir-48-itf/2026/wta-women/,Iakukhina S.,iakukhina,3.38,1.32,3312839,,Vagramov A.,vagramov,,,2026-09-02
Monastir 48 ITF,https://www.tennisexplorer.com/monastir-48-itf/2026/wta-women/,Farzami M.,farzami,3.55,1.25,3311409,,Tse E.,tse-0eb16,,,2026-09-02
Monastir 48 ITF,https://www.tennisexplorer.com/monastir-48-itf/2026/wta-women/,Dada-Mascoll S.,dada-mascoll,1.21,3.92,3312841,,Katsumi N.,katsumi-f5681,,,2026-09-02
Pécs ITF,https://www.tennisexplorer.com/pecs-itf/2026/wta-women/,Senica A.,senica-b09db,1.47,2.55,3311437,,Andrienko M.,andrienko-add97,,,2026-09-02
Pécs ITF,https://www.tennisexplorer.com/pecs-itf/2026/wta-women/,Stevic H.,stevic,1.44,2.61,3311439,,Polakovicova A.,polakovicova,,,2026-09-02
Pécs ITF,https://www.tennisexplorer.com/pecs-itf/2026/wta-women/,Bergen M.,bergen,9.0,1.03,3311441,,Sziedat F.,sziedat,,,2026-09-02
Pécs ITF,https://www.tennisexplorer.com/pecs-itf/2026/wta-women/,Maslenkova M.,maslenkova,3.36,1.3,3311445,,Nemcsek G.,nemcsek-ea226,,,2026-09-02
Pécs ITF,https://www.tennisexplorer.com/pecs-itf/2026/wta-women/,Sramkova T.,sramkova-f5724,9.12,1.02,3311447,,Chiesa E.,chiesa-d1b74,,,2026-09-02
Pécs ITF,https://www.tennisexplorer.com/pecs-itf/2026/wta-women/,Veleva V.,veleva-0a844,1.44,2.62,3312897,,Petrasova D.,petrasova,,,2026-09-02
Pécs ITF,https://www.tennisexplorer.com/pecs-itf/2026/wta-women/,Grubor A.,grubor,,,3312907,,Mihalka A.,mihalka,,,2026-09-02
Pécs ITF,https://www.tennisexplorer.com/pecs-itf/2026/wta-women/,Williams S.,williams-83f74,1.34,2.96,3312899,,Klys N.,klys,,,2026-09-02
Pécs ITF,https://www.tennisexplorer.com/pecs-itf/2026/wta-women/,Vojcinakova I.,vojcinakova,3.74,1.23,3312901,,Jaskova A.,jaskova-740fe,,,2026-09-02
Pécs ITF,https://www.tennisexplorer.com/pecs-itf/2026/wta-women/,Biro M.,biro-19860,,,3312905,,Tkachenko A.,tkachenko-8230c,,,2026-09-02
Pécs ITF,https://www.tennisexplorer.com/pecs-itf/2026/wta-women/,Cinkanicova S.,cinkanicova,5.0,1.16,3312903,,Mikaca S.,mikaca,,,2026-09-02
Pécs ITF,https://www.tennisexplorer.com/pecs-itf/2026/wta-women/,Cozma S.,cozma-dd98c,3.69,1.25,3312909,,Blazkova K.,blazkova,,,2026-09-02
Pécs ITF,https://www.tennisexplorer.com/pecs-itf/2026/wta-women/,Serkedi E.,serkedi,1.65,2.07,3312911,,Belanska L.,belanska,,,2026-09-02
Porto Velho ITF,https://www.tennisexplorer.com/porto-velho-itf/2026/wta-women/,Sanchez A.,sanchez-e4e94,,,3312851,,Nahmias Melo Rodrigues B.,nahmias-melo-rodrigues,,,2026-09-02
Porto Velho ITF,https://www.tennisexplorer.com/porto-velho-itf/2026/wta-women/,Cruz A.,cruz-47dab,,,3312853,,Dourado Zimermman J.,dourado-zimermman,,,2026-09-02
Porto Velho ITF,https://www.tennisexplorer.com/porto-velho-itf/2026/wta-women/,Bia Bernardes B.,bia-bernardes,,,3312855,,Laron M.,laron,,,2026-09-02
Porto Velho ITF,https://www.tennisexplorer.com/porto-velho-itf/2026/wta-women/,Vidal L.,vidal-57783,1.38,2.75,3310661,,Kawano Cho G.,kawano-cho,,,2026-09-02
Yeongwol ITF,https://www.tennisexplorer.com/yeongwol-itf/2026/wta-women/,Ozeki M.,ozeki,2.63,1.43,3312563,,Lee E.,lee-f44c9,,,2026-09-02
Yeongwol ITF,https://www.tennisexplorer.com/yeongwol-itf/2026/wta-women/,Jeong B.,jeong-5c79b,1.1,5.95,3312555,,Shin J.,shin-79862,,,2026-09-02
Yeongwol ITF,https://www.tennisexplorer.com/yeongwol-itf/2026/wta-women/,Jeong S.,jeong-c0986,1.38,2.75,3312559,,Yoshioka K.,yoshioka-11b7c,,,2026-09-02
Yeongwol ITF,https://www.tennisexplorer.com/yeongwol-itf/2026/wta-women/,Jang G.,jang-fde1b,9.21,1.04,3312561,,Noguchi S.,noguchi-ae6d2,,,2026-09-02
Yeongwol ITF,https://www.tennisexplorer.com/yeongwol-itf/2026/wta-women/,Jang S.,jang-11db2,1.13,4.88,3312567,,Lin F.,lin-0807a,,,2026-09-02
Yeongwol ITF,https://www.tennisexplorer.com/yeongwol-itf/2026/wta-women/,Zhu C.,zhu-78377,1.04,8.59,3312557,,Sato H.,sato-f7911,,,2026-09-02
Yeongwol ITF,https://www.tennisexplorer.com/yeongwol-itf/2026/wta-women/,Park E.,park-1fa09,4.3,1.18,3312565,,Naklo T.,naklo,,,2026-09-02
Yeongwol ITF,https://www.tennisexplorer.com/yeongwol-itf/2026/wta-women/,Jang S.,jang-45777,1.66,2.07,3312569,,Hanatani N.,hanatani-15398,,,2026-09-02
UTR Pro Match Series,https://www.tennisexplorer.com/utr-pro-match-series/2026/wta-women/,Frankowska Z.,frankowska,,,3312211,,Bonilla L.,bonilla-e5896,,,2026-09-02
UTR Pro Match Series,https://www.tennisexplorer.com/utr-pro-match-series/2026/wta-women/,Gullacksen N.,gullacksen,,,3312213,,Dong N.,dong-70dd0,,,2026-09-02
UTR Pro Match Series,https://www.tennisexplorer.com/utr-pro-match-series/2026/wta-women/,Erickson K.,erickson-fa3a0,,,3312221,,Kubacha Z.,kubacha,,,2026-09-02
UTR Pro Match Series,https://www.tennisexplorer.com/utr-pro-match-series/2026/wta-women/,Henderson C.,henderson-78339,,,3312223,,Lovato E.,lovato-75f74,,,2026-09-02
UTR Pro Match Series,https://www.tennisexplorer.com/utr-pro-match-series/2026/wta-women/,Shcherbinina A.,shcherbinina,,,3312233,,Ustic M.,ustic,,,2026-09-02
UTR Pro Match Series,https://www.tennisexplorer.com/utr-pro-match-series/2026/wta-women/,Murray L.,murray-6c418,,,3312235,,Shcherbinina A.,shcherbinina,,,2026-09-02
UTR Pro Match Series,https://www.tennisexplorer.com/utr-pro-match-series/2026/wta-women/,Shcherbinina A.,shcherbinina,,,3312237,,Psonka J.,psonka,,,2026-09-02
UTR Pro Match Series,https://www.tennisexplorer.com/utr-pro-match-series/2026/wta-women/,Schefke K.,schefke,,,3312239,,Psonka J.,psonka,,,2026-09-02
UTR Pro Match Series,https://www.tennisexplorer.com/utr-pro-match-series/2026/wta-women/,Murray L.,murray-6c418,,,3312241,,Psonka J.,psonka,,,2026-09-02
UTR Pro Match Series,https://www.tennisexplorer.com/utr-pro-match-series/2026/wta-women/,Schefke K.,schefke,,,3312243,,Ustic M.,ustic,,,2026-09-02
Haren ITF,https://www.tennisexplorer.com/haren-itf/2026/wta-women/,Dzjachangirova M.,dzjachangirova,,,3312685,,Barth A.,barth-a6694,,,2026-09-02
Haren ITF,https://www.tennisexplorer.com/haren-itf/2026/wta-women/,Panasa O.,panasa,,,3312687,,Bednarczyk C.,bednarczyk-c6afe,,,2026-09-02
US Open,https://www.tennisexplorer.com/us-open/2026/atp-men/,Vallejo A.,vallejo-d7859,1.73,2.12,3307395,,Monfils G.,monfils,,,2026-09-02
US Open,https://www.tennisexplorer.com/us-open/2026/atp-men/,Choinski J.,choinski,3.85,1.26,3307385,,Van De Zandschulp B.,van-de-zandschulp,,,2026-09-02
US Open,https://www.tennisexplorer.com/us-open/2026/atp-men/,Giron M.,giron-49e97,2.28,1.63,3307393,,Buse I.,buse,,,2026-09-02
US Open,https://www.tennisexplorer.com/us-open/2026/atp-men/,Zverev A.,zverev-6f768,1.06,10.11,3307365,,Sonego L.,sonego,,,2026-09-02
US Open,https://www.tennisexplorer.com/us-open/2026/atp-men/,Guerrieri A.,guerrieri,12.34,1.04,3307839,,De Minaur A.,de-minaur,,,2026-09-02
US Open,https://www.tennisexplorer.com/us-open/2026/atp-men/,Prizmic D.,prizmic,4.56,1.2,3310273,,Paul T.,paul-324c3,,,2026-09-02
US Open,https://www.tennisexplorer.com/us-open/2026/atp-men/,Lehecka J.,lehecka,1.35,3.21,3310277,,Samuel T.,samuel-371b3,,,2026-09-02
US Open,https://www.tennisexplorer.com/us-open/2026/atp-men/,Munar J.,munar-d1298,2.4,1.57,3310279,,Rinderknech A.,rinderknech,,,2026-09-02
US Open,https://www.tennisexplorer.com/us-open/2026/atp-men/,Shapovalov D.,shapovalov,1.69,2.17,3310281,,Van Assche L.,van-assche,,,2026-09-02
US Open,https://www.tennisexplorer.com/us-open/2026/atp-men/,Vacherot V.,vacherot,1.75,2.08,3311951,,Majchrzak K.,majchrzak-905d8,,,2026-09-02
US Open,https://www.tennisexplorer.com/us-open/2026/atp-men/,Harris L.,harris-9f62b,2.87,1.42,3311953,,Tsitsipas S.,tsitsipas-b526f,,,2026-09-02
US Open,https://www.tennisexplorer.com/us-open/2026/atp-men/,Bublik A.,bublik-43f80,1.28,3.73,3311955,,Mannarino A.,mannarino-a7108,,,2026-09-02
US Open,https://www.tennisexplorer.com/us-open/2026/atp-men/,Merida Aguilar D.,merida-aguilar,2.29,1.62,3311979,,Rublev A.,rublev,,,2026-09-02
US Open,https://www.tennisexplorer.com/us-open/2026/atp-men/,Medvedev D.,medvedev-e0d2d,1.03,14.04,3311981,,Gorzny S.,gorzny,,,2026-09-02
US Open,https://www.tennisexplorer.com/us-open/2026/atp-men/,Faria J.,faria-4754c,7.67,1.09,3311983,,Alcaraz C.,alcaraz-5ab70,,,2026-09-02
US Open,https://www.tennisexplorer.com/us-open/2026/atp-men/,Duckworth J.,duckworth,2.25,1.64,3311987,,Wu Y.,wu-9762d,,,2026-09-02
US Open,https://www.tennisexplorer.com/us-open/2026/atp-men/,Nakashima B.,nakashima-68876,1.46,2.73,3311989,,Michelsen A.,michelsen-a98bb,,,2026-09-02
US Open,https://www.tennisexplorer.com/us-open/2026/atp-men/,Etcheverry T.,etcheverry-7101a,1.73,2.1,3311995,,Fearnley J.,fearnley,,,2026-09-02
US Open,https://www.tennisexplorer.com/us-open/2026/atp-men/,Darderi L.,darderi,1.6,2.33,3312005,,Svrcina D.,svrcina,,,2026-09-02
US Open,https://www.tennisexplorer.com/us-open/2026/atp-men/,Berrettini M.,berrettini-707ad,1.51,2.56,3312007,,Navone M.,navone,,,2026-09-02
US Open,https://www.tennisexplorer.com/us-open/2026/atp-men/,Blockx A.,blockx,1.18,4.86,3312011,,Trungelliti M.,trungelliti,,,2026-09-02
US Open,https://www.tennisexplorer.com/us-open/2026/atp-men/,Shelton B.,shelton-38989,1.41,2.91,3312013,,Hurkacz H.,hurkacz,,,2026-09-02
US Open,https://www.tennisexplorer.com/us-open/2026/atp-men/,Mensik J.,mensik,1.12,6.35,3312053,,Rodionov J.,rodionov-f5e38,,,2026-09-02
US Open,https://www.tennisexplorer.com/us-open/2026/atp-men/,Popyrin A.,popyrin,2.15,1.71,3312055,,Tabilo A.,tabilo,,,2026-09-02
US Open,https://www.tennisexplorer.com/us-open/2026/atp-men/,Auger Aliassime F.,auger-aliassime,1.36,3.14,3312057,,Khachanov K.,khachanov,,,2026-09-02
US Open,https://www.tennisexplorer.com/us-open/2026/atp-men/,Sakamoto R.,sakamoto-9c9d5,3.97,1.25,3312059,,Tiafoe F.,tiafoe,,,2026-09-02
Zhangjiagang challenger,https://www.tennisexplorer.com/zhangjiagang-challenger/2026/atp-men/,Trotter J.,trotter,2.31,1.56,3312471,,Hsu Y.,hsu-b2ce0,,,2026-09-02
Zhangjiagang challenger,https://www.tennisexplorer.com/zhangjiagang-challenger/2026/atp-men/,Tseng C.,tseng-5c1bc,1.83,1.85,3312487,,Watanuki Y.,watanuki-223ad,,,2026-09-02
Zhangjiagang challenger,https://www.tennisexplorer.com/zhangjiagang-challenger/2026/atp-men/,Sun F.,sun-2f389,1.12,5.34,3310941,,Liu H.,liu-02e05,,,2026-09-02
Zhangjiagang challenger,https://www.tennisexplorer.com/zhangjiagang-challenger/2026/atp-men/,Leong M.,leong-e28bd,1.88,1.82,3312489,,Matsuda K.,matsuda-ec691,,,2026-09-02
Como challenger,https://www.tennisexplorer.com/como-challenger/2026/atp-men/,Bueno G.,bueno-01b7e,1.96,1.76,3311573,,Schoenhaus M.,schoenhaus,,,2026-09-02
Como challenger,https://www.tennisexplorer.com/como-challenger/2026/atp-men/,Dodig M.,dodig-b6156,1.55,2.3,3312599,,Bernet H.,bernet,,,2026-09-02
Como challenger,https://www.tennisexplorer.com/como-challenger/2026/atp-men/,Seyboth Wild T.,seyboth-wild,1.51,2.44,3312595,,Gombos N.,gombos,,,2026-09-02
Como challenger,https://www.tennisexplorer.com/como-challenger/2026/atp-men/,Arnaboldi F.,arnaboldi-d7371,3.09,1.33,3312465,,Varillas J.,varillas,,,2026-09-02
Mallorca challenger,https://www.tennisexplorer.com/mallorca-challenger/2026/atp-men/,Moller E.,moller-6ea06,2.34,1.55,3310213,,Kasnikowski M.,kasnikowski,,,2026-09-02
Mallorca challenger,https://www.tennisexplorer.com/mallorca-challenger/2026/atp-men/,Sesko Z.,sesko,3.03,1.35,3310221,,Muller A.,muller-c81bc,,,2026-09-02
Mallorca challenger,https://www.tennisexplorer.com/mallorca-challenger/2026/atp-men/,Gueymard Wayenburg S.,gueymard-wayenburg,1.83,1.75,3312613,,Ribecai M.,ribecai,,,2026-09-02
Mallorca challenger,https://www.tennisexplorer.com/mallorca-challenger/2026/atp-men/,Lajal M.,lajal,1.68,2.06,3312617,,Budkov Kjaer N.,budkov-kjaer,,,2026-09-02
Mallorca challenger,https://www.tennisexplorer.com/mallorca-challenger/2026/atp-men/,Potenza L.,potenza,2.22,1.55,3312609,,Jorda Sanchis D.,jorda-sanchis,,,2026-09-02
Mallorca challenger,https://www.tennisexplorer.com/mallorca-challenger/2026/atp-men/,Montes-De La Torre I.,montes-de-la-torre,1.5,2.22,3312611,,Erhard M.,erhard,,,2026-09-02
Mallorca challenger,https://www.tennisexplorer.com/mallorca-challenger/2026/atp-men/,Ivanov I.,ivanov-5f3c9,2.03,1.71,3312615,,Jones M.,jones-07763,,,2026-09-02
Mallorca challenger,https://www.tennisexplorer.com/mallorca-challenger/2026/atp-men/,Pucinelli De Almeida M.,pucinelli-de-almeida,1.87,1.73,3312619,,Friend J.,friend,,,2026-09-02
Mallorca challenger,https://www.tennisexplorer.com/mallorca-challenger/2026/atp-men/,Glinka D.,glinka,1.96,1.76,3310209,,Rincon D.,rincon-d1dab,,,2026-09-02
Porto 2 challenger,https://www.tennisexplorer.com/porto-2-challenger/2026/atp-men/,Roca Batalla O.,roca-batalla,1.6,2.02,3312575,,Dalla Valle E.,dalla-valle,,,2026-09-02
Porto 2 challenger,https://www.tennisexplorer.com/porto-2-challenger/2026/atp-men/,Mena F.,mena-99e7a,3.05,1.32,3312955,,Alcala Gurri M.,alcala-gurri,,,2026-09-02
Porto 2 challenger,https://www.tennisexplorer.com/porto-2-challenger/2026/atp-men/,Petkovic M.,petkovic-11864,3.27,1.3,3311949,,Monteiro T.,monteiro-f1500,,,2026-09-02
Plovdiv 3 challenger,https://www.tennisexplorer.com/plovdiv-3-challenger/2026/atp-men/,Giunta M.,giunta-87d40,1.34,3.02,3311569,,Obradovic D.,obradovic-71e10,,,2026-09-02
Plovdiv 3 challenger,https://www.tennisexplorer.com/plovdiv-3-challenger/2026/atp-men/,Faurel T.,faurel-53b9f,1.78,1.94,3312581,,Hemery C.,hemery,,,2026-09-02
Plovdiv 3 challenger,https://www.tennisexplorer.com/plovdiv-3-challenger/2026/atp-men/,Kravchenko G.,kravchenko-62c4a,2.14,1.65,3312577,,Milic O.,milic-b10f4,,,2026-09-02
Plovdiv 3 challenger,https://www.tennisexplorer.com/plovdiv-3-challenger/2026/atp-men/,Martin Tiffon P.,martin-tiffon,1.26,3.34,3312579,,Ovcharenko O.,ovcharenko-bb3a3,,,2026-09-02
Plovdiv 3 challenger,https://www.tennisexplorer.com/plovdiv-3-challenger/2026/atp-men/,Kusuhara Y.,kusuhara,3.06,1.32,3310747,,Fukuda S.,fukuda-4c67a,,,2026-09-02
Plovdiv 3 challenger,https://www.tennisexplorer.com/plovdiv-3-challenger/2026/atp-men/,Matsuda R.,matsuda-ad000,4.23,1.19,3310767,,Chung H.,chung-bdb8e,,,2026-09-02
Plovdiv 3 challenger,https://www.tennisexplorer.com/plovdiv-3-challenger/2026/atp-men/,Honda N.,honda-48d1d,1.02,14.11,3310769,,Nakanishi S.,nakanishi-6f8a1,,,2026-09-02
Plovdiv 3 challenger,https://www.tennisexplorer.com/plovdiv-3-challenger/2026/atp-men/,Tange S.,tange-e2956,5.01,1.13,3310773,,Shiraishi H.,shiraishi-6f6a9,,,2026-09-02
Plovdiv 3 challenger,https://www.tennisexplorer.com/plovdiv-3-challenger/2026/atp-men/,Chung Y.,chung-403ca,2.04,1.69,3310749,,Sekulic P.,sekulic-13abc,,,2026-09-02
Plovdiv 3 challenger,https://www.tennisexplorer.com/plovdiv-3-challenger/2026/atp-men/,Erel Y.,erel,1.06,7.35,3310763,,Ogura K.,ogura,,,2026-09-02
Plovdiv 3 challenger,https://www.tennisexplorer.com/plovdiv-3-challenger/2026/atp-men/,Takahashi Y.,takahashi-aebfd,1.37,2.8,3310765,,Ferguson C.,ferguson-67223,,,2026-09-02
Plovdiv 3 challenger,https://www.tennisexplorer.com/plovdiv-3-challenger/2026/atp-men/,Nakagawa N.,nakagawa-7463c,1.18,4.41,3310771,,Taka Y.,taka,,,2026-09-02
Plovdiv 3 challenger,https://www.tennisexplorer.com/plovdiv-3-challenger/2026/atp-men/,Picard M.,picard-9ff55,2.45,1.49,3312039,,Zakaryia F.,zakaryia,,,2026-09-02
Plovdiv 3 challenger,https://www.tennisexplorer.com/plovdiv-3-challenger/2026/atp-men/,Pietri B.,pietri,2.15,1.64,3312043,,Ganesan A.,ganesan-7c731,,,2026-09-02
Plovdiv 3 challenger,https://www.tennisexplorer.com/plovdiv-3-challenger/2026/atp-men/,Loge J.,loge,1.3,2.9,3311719,,M'chich A.,m-chich,,,2026-09-02
Plovdiv 3 challenger,https://www.tennisexplorer.com/plovdiv-3-challenger/2026/atp-men/,Cigarran T.,cigarran,1.33,3.05,3311723,,Rengifo F.,rengifo-e334b,,,2026-09-02
Plovdiv 3 challenger,https://www.tennisexplorer.com/plovdiv-3-challenger/2026/atp-men/,Tsitsipas P.,tsitsipas-fe1fa,4.2,1.18,3311731,,Nagel A.,nagel-eaef3,,,2026-09-02
Plovdiv 3 challenger,https://www.tennisexplorer.com/plovdiv-3-challenger/2026/atp-men/,Gayk C.,gayk,4.61,1.17,3312269,,Tahirovic A.,tahirovic-4dadd,,,2026-09-02
Plovdiv 3 challenger,https://www.tennisexplorer.com/plovdiv-3-challenger/2026/atp-men/,Hipfl N.,hipfl-b1e6b,1.04,8.82,3312273,,Niethammer K.,niethammer,,,2026-09-02
Plovdiv 3 challenger,https://www.tennisexplorer.com/plovdiv-3-challenger/2026/atp-men/,Mathes K.,mathes,10.26,1.03,3312275,,Vasa E.,vasa,,,2026-09-02
Plovdiv 3 challenger,https://www.tennisexplorer.com/plovdiv-3-challenger/2026/atp-men/,Bertrand R.,bertrand-5e35a,1.19,4.25,3312025,,Fomba L.,fomba-7be02,,,2026-09-02
Plovdiv 3 challenger,https://www.tennisexplorer.com/plovdiv-3-challenger/2026/atp-men/,Batsabaken Y.,batsabaken,6.45,1.09,3312045,,Branger L.,branger,,,2026-09-02
Plovdiv 3 challenger,https://www.tennisexplorer.com/plovdiv-3-challenger/2026/atp-men/,Houkes M.,houkes,1.9,1.8,3311715,,Benchakroun M.,benchakroun-722ce,,,2026-09-02
Plovdiv 3 challenger,https://www.tennisexplorer.com/plovdiv-3-challenger/2026/atp-men/,Salah-Eddine G.,salah-eddine,7.5,1.1,3311717,,Jamji A.,jamji,,,2026-09-02
Plovdiv 3 challenger,https://www.tennisexplorer.com/plovdiv-3-challenger/2026/atp-men/,Smiej Y.,smiej,3.0,1.25,3311721,,Demin Y.,demin,,,2026-09-02
Plovdiv 3 challenger,https://www.tennisexplorer.com/plovdiv-3-challenger/2026/atp-men/,Hornung M.,hornung-f48fe,13.75,1.01,3312261,,Oetzbach A.,oetzbach,,,2026-09-02
Plovdiv 3 challenger,https://www.tennisexplorer.com/plovdiv-3-challenger/2026/atp-men/,Sakellaridis D.,sakellaridis-a248a,1.33,3.09,3312263,,Hammes T.,hammes,,,2026-09-02
Plovdiv 3 challenger,https://www.tennisexplorer.com/plovdiv-3-challenger/2026/atp-men/,Faucon R.,faucon,1.08,6.72,3312267,,Waldner N.,waldner-d423c,,,2026-09-02
Plovdiv 3 challenger,https://www.tennisexplorer.com/plovdiv-3-challenger/2026/atp-men/,Serazhetdinov R.,serazhetdinov,2.67,1.41,3312019,,Renard P.,renard-10931,,,2026-09-02
Plovdiv 3 challenger,https://www.tennisexplorer.com/plovdiv-3-challenger/2026/atp-men/,Bobichon M.,bobichon,1.4,2.73,3312029,,Freire Da Silva A.,freire-da-silva,,,2026-09-02
Plovdiv 3 challenger,https://www.tennisexplorer.com/plovdiv-3-challenger/2026/atp-men/,Schlossmann F.,schlossmann,1.63,2.14,3312259,,Gerbaud T.,gerbaud,,,2026-09-02
Plovdiv 3 challenger,https://www.tennisexplorer.com/plovdiv-3-challenger/2026/atp-men/,Dullinger V.,dullinger,2.25,1.57,3312265,,Fernandez B.,fernandez-b86eb,,,2026-09-02
Plovdiv 3 challenger,https://www.tennisexplorer.com/plovdiv-3-challenger/2026/atp-men/,de Schepper K.,de-schepper,1.4,2.74,3312027,,Seifert S.,seifert,,,2026-09-02
Plovdiv 3 challenger,https://www.tennisexplorer.com/plovdiv-3-challenger/2026/atp-men/,Gavrielides L.,gavrielides,1.91,1.81,3312271,,Zielinski M.,zielinski-20761,,,2026-09-02
Plovdiv 3 challenger,https://www.tennisexplorer.com/plovdiv-3-challenger/2026/atp-men/,Dlimi Y.,dlimi,1.48,2.4,3311727,,Lalami Laaroussi Y.,lalami-laaroussi,,,2026-09-02
Plovdiv 3 challenger,https://www.tennisexplorer.com/plovdiv-3-challenger/2026/atp-men/,Kadiri Hassani Y.,kadiri-hassani,1.85,1.83,3311729,,Rivet M.,rivet,,,2026-09-02
Plovdiv 3 challenger,https://www.tennisexplorer.com/plovdiv-3-challenger/2026/atp-men/,Gautier A.,gautier,1.84,1.84,3312031,,Tepmahc N.,tepmahc,,,2026-09-02
Plovdiv 3 challenger,https://www.tennisexplorer.com/plovdiv-3-challenger/2026/atp-men/,Ratti L.,ratti-d9413,1.0,26.0,3312257,,Lemke N.,lemke-f32f8,,,2026-09-02
Plovdiv 3 challenger,https://www.tennisexplorer.com/plovdiv-3-challenger/2026/atp-men/,Demanet E.,demanet,1.9,1.78,3311725,,Bennani K.,bennani-6d932,,,2026-09-02
Plovdiv 3 challenger,https://www.tennisexplorer.com/plovdiv-3-challenger/2026/atp-men/,Added D.,added,1.31,3.2,3312017,,Donnet E.,donnet-8b657,,,2026-09-02
Plovdiv 3 challenger,https://www.tennisexplorer.com/plovdiv-3-challenger/2026/atp-men/,Mehrotra A.,mehrotra,,,3312483,,Singh D.,singh-2e37e,,,2026-09-02
Plovdiv 3 challenger,https://www.tennisexplorer.com/plovdiv-3-challenger/2026/atp-men/,Grippo V.,grippo-6a9f4,,,3312759,,Malla B.,malla,,,2026-09-02
Plovdiv 3 challenger,https://www.tennisexplorer.com/plovdiv-3-challenger/2026/atp-men/,Zarate C.,zarate-fab15,,,3312945,,Branchetti G.,branchetti,,,2026-09-02
Plovdiv 3 challenger,https://www.tennisexplorer.com/plovdiv-3-challenger/2026/atp-men/,Tamm K.,tamm,9.57,1.03,3310803,,Purcell M.,purcell-e05cf,,,2026-09-02
Plovdiv 3 challenger,https://www.tennisexplorer.com/plovdiv-3-challenger/2026/atp-men/,Kim G.,kim-f04c8,1.49,2.42,3310805,,Choe J.,choe-0d29e,,,2026-09-02
Plovdiv 3 challenger,https://www.tennisexplorer.com/plovdiv-3-challenger/2026/atp-men/,Sun Z.,sun-00a62,3.73,1.22,3312529,,Trongcharoenchaikul W.,trongcharoenchaikul,,,2026-09-02
Plovdiv 3 challenger,https://www.tennisexplorer.com/plovdiv-3-challenger/2026/atp-men/,Satara H.,satara,6.39,1.08,3312531,,M Rifki F.,m-rifki,,,2026-09-02
Plovdiv 3 challenger,https://www.tennisexplorer.com/plovdiv-3-challenger/2026/atp-men/,Da Costa R.,da-costa-6dc81,1.45,2.55,3310719,,Heisnam S.,heisnam,,,2026-09-02
Plovdiv 3 challenger,https://www.tennisexplorer.com/plovdiv-3-challenger/2026/atp-men/,Becroft I.,becroft,1.06,7.4,3310733,,Kamboj U.,kamboj,,,2026-09-02
Plovdiv 3 challenger,https://www.tennisexplorer.com/plovdiv-3-challenger/2026/atp-men/,Jones M.,jones-de732,1.09,6.33,3310793,,Shin M.,shin-09158,,,2026-09-02
Plovdiv 3 challenger,https://www.tennisexplorer.com/plovdiv-3-challenger/2026/atp-men/,Alhogbani A.,alhogbani-6937f,2.54,1.44,3310795,,Sun Q.,sun-fb492,,,2026-09-02
Plovdiv 3 challenger,https://www.tennisexplorer.com/plovdiv-3-challenger/2026/atp-men/,Jin Y.,jin-0a867,1.72,1.98,3310807,,Yang X.,yang-4e986,,,2026-09-02
Plovdiv 3 challenger,https://www.tennisexplorer.com/plovdiv-3-challenger/2026/atp-men/,Arcon A.,arcon,4.08,1.2,3311517,,Dong C.,dong-7a159,,,2026-09-02
Plovdiv 3 challenger,https://www.tennisexplorer.com/plovdiv-3-challenger/2026/atp-men/,Malaszszak M.,malaszszak-8b512,1.04,8.77,3311519,,Koaykul K.,koaykul,,,2026-09-02
Plovdiv 3 challenger,https://www.tennisexplorer.com/plovdiv-3-challenger/2026/atp-men/,Sornlaksup P.,sornlaksup,1.3,3.22,3311525,,Suksumrarn T.,suksumrarn,,,2026-09-02
Plovdiv 3 challenger,https://www.tennisexplorer.com/plovdiv-3-challenger/2026/atp-men/,Hasson J.,hasson,1.59,2.19,3311535,,Charoenphon Y.,charoenphon,,,2026-09-02
Plovdiv 3 challenger,https://www.tennisexplorer.com/plovdiv-3-challenger/2026/atp-men/,Zhou X.,zhou-d3f6d,3.63,1.24,3312533,,Jones A.,jones-28bc0,,,2026-09-02
Plovdiv 3 challenger,https://www.tennisexplorer.com/plovdiv-3-challenger/2026/atp-men/,Beamish N.,beamish,9.1,1.04,3310715,,Taguchi R.,taguchi-3e3f3,,,2026-09-02
Plovdiv 3 challenger,https://www.tennisexplorer.com/plovdiv-3-challenger/2026/atp-men/,Storch S.,storch-68aa6,1.74,1.96,3310727,,Shearer M.,shearer-bda35,,,2026-09-02
Plovdiv 3 challenger,https://www.tennisexplorer.com/plovdiv-3-challenger/2026/atp-men/,Jaisinghani R.,jaisinghani,4.46,1.16,3310735,,Chen Y.,chen-d979c,,,2026-09-02
Plovdiv 3 challenger,https://www.tennisexplorer.com/plovdiv-3-challenger/2026/atp-men/,Sinclair C.,sinclair-7a791,1.46,2.52,3310791,,Xiao L.,xiao-e0c33,,,2026-09-02
Plovdiv 3 challenger,https://www.tennisexplorer.com/plovdiv-3-challenger/2026/atp-men/,Tomida Y.,tomida,1.18,4.29,3310797,,Pan W.,pan-1acde,,,2026-09-02
Plovdiv 3 challenger,https://www.tennisexplorer.com/plovdiv-3-challenger/2026/atp-men/,Yang Z.,yang-ace75,3.27,1.3,3312535,,Zhang M.,zhang-f7686,,,2026-09-02
Plovdiv 3 challenger,https://www.tennisexplorer.com/plovdiv-3-challenger/2026/atp-men/,Zhang B.,zhang-065ba,1.08,6.71,3312537,,Nakano R.,nakano-abf3d,,,2026-09-02
Plovdiv 3 challenger,https://www.tennisexplorer.com/plovdiv-3-challenger/2026/atp-men/,Sato C.,sato-0c81d,3.33,1.28,3311527,,Sumizawa D.,sumizawa,,,2026-09-02
Plovdiv 3 challenger,https://www.tennisexplorer.com/plovdiv-3-challenger/2026/atp-men/,Srisen T.,srisen-d462c,12.5,1.02,3311529,,Mukund S.,mukund,,,2026-09-02
Plovdiv 3 challenger,https://www.tennisexplorer.com/plovdiv-3-challenger/2026/atp-men/,Kamput V.,kamput,11.71,1.01,3311531,,Weber A.,weber-173d1,,,2026-09-02
Plovdiv 3 challenger,https://www.tennisexplorer.com/plovdiv-3-challenger/2026/atp-men/,Muto S.,muto-f8201,3.04,1.33,3311533,,Hashimoto H.,hashimoto-8b538,,,2026-09-02
Plovdiv 3 challenger,https://www.tennisexplorer.com/plovdiv-3-challenger/2026/atp-men/,Chen X.,chen-18d54,1.94,1.76,3310799,,Han X.,han-5dcf5,,,2026-09-02
Plovdiv 3 challenger,https://www.tennisexplorer.com/plovdiv-3-challenger/2026/atp-men/,Vujic S.,vujic-e8fca,1.04,9.5,3310801,,Talic Z.,talic,,,2026-09-02
Plovdiv 3 challenger,https://www.tennisexplorer.com/plovdiv-3-challenger/2026/atp-men/,Vickery L.,vickery-c5cce,4.89,1.14,3312539,,Koyama H.,koyama-1a8dc,,,2026-09-02
Plovdiv 3 challenger,https://www.tennisexplorer.com/plovdiv-3-challenger/2026/atp-men/,Liu S.,liu-94f42,1.27,3.35,3312541,,Wang Z.,wang-3890e,,,2026-09-02
Plovdiv 3 challenger,https://www.tennisexplorer.com/plovdiv-3-challenger/2026/atp-men/,Susanto A.,susanto-31f06,2.49,1.47,3310721,,Chauhan H.,chauhan-6fd6b,,,2026-09-02
Plovdiv 3 challenger,https://www.tennisexplorer.com/plovdiv-3-challenger/2026/atp-men/,Boogaard T.,boogaard,1.02,10.45,3311131,,Mabrouk K.,mabrouk-a93ab,,,2026-09-02
Plovdiv 3 challenger,https://www.tennisexplorer.com/plovdiv-3-challenger/2026/atp-men/,Javia D.,javia,1.27,3.49,3311133,,Ivanov S.,ivanov-1c006,,,2026-09-02
Plovdiv 3 challenger,https://www.tennisexplorer.com/plovdiv-3-challenger/2026/atp-men/,Ianin N.,ianin,,,3311135,,Vishal Balsekar A.,vishal-balsekar,,,2026-09-02
Plovdiv 3 challenger,https://www.tennisexplorer.com/plovdiv-3-challenger/2026/atp-men/,Hooper L.,hooper-6823d,3.18,1.32,3311137,,Bakshi A.,bakshi-c841e,,,2026-09-02
Plovdiv 3 challenger,https://www.tennisexplorer.com/plovdiv-3-challenger/2026/atp-men/,Yilmaz K.,yilmaz-ef721,1.33,3.16,3311139,,Salbiev M.,salbiev-ddc8a,,,2026-09-02
Plovdiv 3 challenger,https://www.tennisexplorer.com/plovdiv-3-challenger/2026/atp-men/,Bax F.,bax-6f3c7,1.06,7.4,3311513,,Suzuki K.,suzuki-3527c,,,2026-09-02
Plovdiv 3 challenger,https://www.tennisexplorer.com/plovdiv-3-challenger/2026/atp-men/,Kandil O.,kandil-ecbb3,1.95,1.74,3312515,,Lorusso L.,lorusso,,,2026-09-02
Plovdiv 3 challenger,https://www.tennisexplorer.com/plovdiv-3-challenger/2026/atp-men/,Bradshaw J.,bradshaw-06801,1.25,3.67,3312519,,Ehab M.,ehab,,,2026-09-02
Plovdiv 3 challenger,https://www.tennisexplorer.com/plovdiv-3-challenger/2026/atp-men/,Fellows J.,fellows-484ca,1.84,1.84,3312525,,Ibrahim K.,ibrahim-6343c,,,2026-09-02
Plovdiv 3 challenger,https://www.tennisexplorer.com/plovdiv-3-challenger/2026/atp-men/,Andreescu S.,andreescu-5379b,1.35,2.8,3311701,,Vanta V.,vanta,,,2026-09-02
Plovdiv 3 challenger,https://www.tennisexplorer.com/plovdiv-3-challenger/2026/atp-men/,Bilozertsev N.,bilozertsev,1.11,5.58,3311785,,Spyrou C.,spyrou-a0343,,,2026-09-02
Plovdiv 3 challenger,https://www.tennisexplorer.com/plovdiv-3-challenger/2026/atp-men/,Kucukhuseyin C.,kucukhuseyin-74f1b,1.12,5.51,3311787,,Chestovaliev S.,chestovaliev,,,2026-09-02
Plovdiv 3 challenger,https://www.tennisexplorer.com/plovdiv-3-challenger/2026/atp-men/,Aggarwal P.,aggarwal-505e9,4.34,1.19,3311789,,Petrovic D.,petrovic-38c78,,,2026-09-02
Plovdiv 3 challenger,https://www.tennisexplorer.com/plovdiv-3-challenger/2026/atp-men/,Batin T.,batin,2.63,1.43,3312621,,Gima S.,gima-59cd8,,,2026-09-02
Plovdiv 3 challenger,https://www.tennisexplorer.com/plovdiv-3-challenger/2026/atp-men/,Tenti F.,tenti-9fe5e,2.42,1.49,3312633,,Rispoli N.,rispoli-218ca,,,2026-09-02
Plovdiv 3 challenger,https://www.tennisexplorer.com/plovdiv-3-challenger/2026/atp-men/,Massucco S.,massucco,4.14,1.21,3312699,,Fabre A.,fabre-33973,,,2026-09-02
Plovdiv 3 challenger,https://www.tennisexplorer.com/plovdiv-3-challenger/2026/atp-men/,Mehra R.,mehra-a2492,,,3311141,,Funk A.,funk-5f672,,,2026-09-02
Plovdiv 3 challenger,https://www.tennisexplorer.com/plovdiv-3-challenger/2026/atp-men/,Duhan C.,duhan,3.33,1.3,3311143,,Elsayed A.,elsayed-8f65f,,,2026-09-02
Plovdiv 3 challenger,https://www.tennisexplorer.com/plovdiv-3-challenger/2026/atp-men/,Gretskiy I.,gretskiy,6.17,1.1,3311145,,Krajci M.,krajci,,,2026-09-02
Plovdiv 3 challenger,https://www.tennisexplorer.com/plovdiv-3-challenger/2026/atp-men/,Melnic V.,melnic,2.76,1.38,3312509,,Breazu M.,breazu-5a544,,,2026-09-02
Plovdiv 3 challenger,https://www.tennisexplorer.com/plovdiv-3-challenger/2026/atp-men/,Singh S.,singh-e57c6,6.83,1.08,3312513,,Vanderstappen Z.,vanderstappen,,,2026-09-02
Plovdiv 3 challenger,https://www.tennisexplorer.com/plovdiv-3-challenger/2026/atp-men/,El Feky G.,el-feky-840e7,3.67,1.25,3312517,,Gannon C.,gannon,,,2026-09-02
Plovdiv 3 challenger,https://www.tennisexplorer.com/plovdiv-3-challenger/2026/atp-men/,Habib A.,habib-0d044,1.14,5.13,3312521,,Krivoshchekov M.,krivoshchekov-fea1d,,,2026-09-02
Plovdiv 3 challenger,https://www.tennisexplorer.com/plovdiv-3-challenger/2026/atp-men/,Perego G.,perego-43ce2,1.17,4.42,3312523,,Kshitij A.,kshitij,,,2026-09-02
Plovdiv 3 challenger,https://www.tennisexplorer.com/plovdiv-3-challenger/2026/atp-men/,Dal Zilio B.,dal-zilio,2.54,1.49,3312527,,Shvangiradze A.,shvangiradze,,,2026-09-02
Plovdiv 3 challenger,https://www.tennisexplorer.com/plovdiv-3-challenger/2026/atp-men/,Garcia A.,garcia-ca82f,1.2,4.09,3311159,,Palomar X.,palomar-c497a,,,2026-09-02
Plovdiv 3 challenger,https://www.tennisexplorer.com/plovdiv-3-challenger/2026/atp-men/,Fita Juan S.,fita-juan,4.04,1.21,3311161,,Rodenas P.,rodenas,,,2026-09-02
Plovdiv 3 challenger,https://www.tennisexplorer.com/plovdiv-3-challenger/2026/atp-men/,Dean T.,dean-61c66,2.65,1.44,3311163,,Van Der Meerschen M.,van-der-meerschen,,,2026-09-02
Plovdiv 3 challenger,https://www.tennisexplorer.com/plovdiv-3-challenger/2026/atp-men/,Bouchelaghem C.,bouchelaghem,1.07,7.0,3311197,,Makhlouf M.,makhlouf,,,2026-09-02
Plovdiv 3 challenger,https://www.tennisexplorer.com/plovdiv-3-challenger/2026/atp-men/,Sahtali T.,sahtali-d2569,,,3311203,,Lapalu V.,lapalu,,,2026-09-02
Plovdiv 3 challenger,https://www.tennisexplorer.com/plovdiv-3-challenger/2026/atp-men/,Herrmann T.,herrmann-6dbf7,3.69,1.25,3311205,,Jones R.,jones-189e5,,,2026-09-02
Plovdiv 3 challenger,https://www.tennisexplorer.com/plovdiv-3-challenger/2026/atp-men/,Augenti D.,augenti,26.0,1.0,3311213,,Dougaz A.,dougaz,,,2026-09-02
Plovdiv 3 challenger,https://www.tennisexplorer.com/plovdiv-3-challenger/2026/atp-men/,Loureiro J.,loureiro-6c54c,2.4,1.48,3311751,,Werner E.,werner-c464a,,,2026-09-02
Plovdiv 3 challenger,https://www.tennisexplorer.com/plovdiv-3-challenger/2026/atp-men/,Paardekooper S.,paardekooper,1.45,2.5,3311755,,De Jager J.,de-jager-e07b9,,,2026-09-02
Plovdiv 3 challenger,https://www.tennisexplorer.com/plovdiv-3-challenger/2026/atp-men/,Put S.,put,1.45,2.55,3311757,,Van Noord N.,van-noord,,,2026-09-02
Plovdiv 3 challenger,https://www.tennisexplorer.com/plovdiv-3-challenger/2026/atp-men/,Karthik P.,karthik,1.8,1.88,3311759,,Jong S.,jong-f7977,,,2026-09-02
Plovdiv 3 challenger,https://www.tennisexplorer.com/plovdiv-3-challenger/2026/atp-men/,Van Sambeek F.,van-sambeek,1.8,1.85,3311761,,Verbeek D.,verbeek-64a5b,,,2026-09-02
Plovdiv 3 challenger,https://www.tennisexplorer.com/plovdiv-3-challenger/2026/atp-men/,Penzlin J.,penzlin,1.75,1.9,3311763,,Visser M.,visser-6e524,,,2026-09-02
Plovdiv 3 challenger,https://www.tennisexplorer.com/plovdiv-3-challenger/2026/atp-men/,Vasiliauskas M.,vasiliauskas,1.73,2.0,3311765,,De Lange P.,de-lange-a9a68,,,2026-09-02
Plovdiv 3 challenger,https://www.tennisexplorer.com/plovdiv-3-challenger/2026/atp-men/,Djukic Valera N.,djukic-valera,1.03,9.54,3312713,,Meneses Perny A.,meneses-perny,,,2026-09-02
Plovdiv 3 challenger,https://www.tennisexplorer.com/plovdiv-3-challenger/2026/atp-men/,Perez Socas R.,perez-socas,1.24,3.59,3312717,,Zusman R.,zusman,,,2026-09-02
Plovdiv 3 challenger,https://www.tennisexplorer.com/plovdiv-3-challenger/2026/atp-men/,De Alba Valdes R.,de-alba-valdes,2.27,1.55,3312719,,De Felipe Garcia S.,de-felipe-garcia,,,2026-09-02
Plovdiv 3 challenger,https://www.tennisexplorer.com/plovdiv-3-challenger/2026/atp-men/,Dayal N.,dayal,1.32,3.21,3312729,,Manuel J.,manuel-39567,,,2026-09-02
Plovdiv 3 challenger,https://www.tennisexplorer.com/plovdiv-3-challenger/2026/atp-men/,Baragiola Mordini T.,baragiola-mordini,2.0,1.72,3311089,,Beraldo L.,beraldo-5e636,,,2026-09-02
Plovdiv 3 challenger,https://www.tennisexplorer.com/plovdiv-3-challenger/2026/atp-men/,Bellifemine A.,bellifemine,1.29,3.36,3311783,,Michalik R.,michalik-abae3,,,2026-09-02
Plovdiv 3 challenger,https://www.tennisexplorer.com/plovdiv-3-challenger/2026/atp-men/,Nikolic M.,nikolic-4504b,7.75,1.06,3311795,,D'Agostino S.,d-agostino,,,2026-09-02
Plovdiv 3 challenger,https://www.tennisexplorer.com/plovdiv-3-challenger/2026/atp-men/,Radu A.,radu-d67d6,4.24,1.2,3312583,,Gschwendtner J.,gschwendtner,,,2026-09-02
Plovdiv 3 challenger,https://www.tennisexplorer.com/plovdiv-3-challenger/2026/atp-men/,Marino P.,marino-81908,1.01,9.43,3312647,,Partal M.,partal,,,2026-09-02
Plovdiv 3 challenger,https://www.tennisexplorer.com/plovdiv-3-challenger/2026/atp-men/,Villoslada E.,villoslada,1.5,2.47,3312693,,Khodorchenko M.,khodorchenko,,,2026-09-02
Plovdiv 3 challenger,https://www.tennisexplorer.com/plovdiv-3-challenger/2026/atp-men/,Saritas G.,saritas,21.0,1.0,3312705,,Popko D.,popko,,,2026-09-02
Plovdiv 3 challenger,https://www.tennisexplorer.com/plovdiv-3-challenger/2026/atp-men/,Munk Mesa B.,munk-mesa,2.21,1.58,3311149,,Cordoba C.,cordoba,,,2026-09-02
Plovdiv 3 challenger,https://www.tennisexplorer.com/plovdiv-3-challenger/2026/atp-men/,Miletich I.,miletich,2.35,1.52,3311155,,Hernandez C.,hernandez-a75e3,,,2026-09-02
Plovdiv 3 challenger,https://www.tennisexplorer.com/plovdiv-3-challenger/2026/atp-men/,Jadoun N.,jadoun,1.04,8.89,3311209,,Chetouane M.,chetouane,,,2026-09-02
Plovdiv 3 challenger,https://www.tennisexplorer.com/plovdiv-3-challenger/2026/atp-men/,Nijboer R.,nijboer,1.08,6.66,3312707,,Arce Fernandez M.,arce-fernandez,,,2026-09-02
Plovdiv 3 challenger,https://www.tennisexplorer.com/plovdiv-3-challenger/2026/atp-men/,Gallego J.,gallego-f593a,2.76,1.38,3312709,,Aunion P.,aunion,,,2026-09-02
Plovdiv 3 challenger,https://www.tennisexplorer.com/plovdiv-3-challenger/2026/atp-men/,Weekes J.,weekes-0c599,3.8,1.23,3312727,,Naw H.,naw,,,2026-09-02
Plovdiv 3 challenger,https://www.tennisexplorer.com/plovdiv-3-challenger/2026/atp-men/,Larue L.,larue,1.39,2.81,3312731,,Shah K.,shah-f263b,,,2026-09-02
Plovdiv 3 challenger,https://www.tennisexplorer.com/plovdiv-3-challenger/2026/atp-men/,Dhokia R.,dhokia,3.68,1.24,3312737,,Ouakaa A.,ouakaa,,,2026-09-02
Plovdiv 3 challenger,https://www.tennisexplorer.com/plovdiv-3-challenger/2026/atp-men/,Bocchi L.,bocchi,1.38,2.85,3311087,,Jeran A.,jeran,,,2026-09-02
Plovdiv 3 challenger,https://www.tennisexplorer.com/plovdiv-3-challenger/2026/atp-men/,Sosedkin F.,sosedkin,2.68,1.42,3311793,,Lacis R.,lacis,,,2026-09-02
Plovdiv 3 challenger,https://www.tennisexplorer.com/plovdiv-3-challenger/2026/atp-men/,Naydenov Y.,naydenov-26fe9,2.25,1.58,3312697,,Aydin E.,aydin-4b627,,,2026-09-02
Plovdiv 3 challenger,https://www.tennisexplorer.com/plovdiv-3-challenger/2026/atp-men/,Lagarrigue L.,lagarrigue,2.95,1.35,3312865,,Pieleanu R.,pieleanu-4cfdb,,,2026-09-02
Plovdiv 3 challenger,https://www.tennisexplorer.com/plovdiv-3-challenger/2026/atp-men/,Madaras D.,madaras,,,3312867,,Coman M.,coman-da99a,,,2026-09-02
Plovdiv 3 challenger,https://www.tennisexplorer.com/plovdiv-3-challenger/2026/atp-men/,McCormick T.,mccormick-1f674,,,3311151,,Manzanera Pertusa A.,manzanera-pertusa,,,2026-09-02
Plovdiv 3 challenger,https://www.tennisexplorer.com/plovdiv-3-challenger/2026/atp-men/,Plans J.,plans,,,3311207,,Abibsi M.,abibsi,,,2026-09-02
Plovdiv 3 challenger,https://www.tennisexplorer.com/plovdiv-3-challenger/2026/atp-men/,Carrascosa Diaz E.,carrascosa-diaz,1.4,2.7,3312711,,Cervantes Tomas I.,cervantes-tomas,,,2026-09-02
Plovdiv 3 challenger,https://www.tennisexplorer.com/plovdiv-3-challenger/2026/atp-men/,Popovic S.,popovic-cc443,1.17,4.46,3312739,,Darmoul A.,darmoul,,,2026-09-02
Plovdiv 3 challenger,https://www.tennisexplorer.com/plovdiv-3-challenger/2026/atp-men/,De Krom M.,de-krom,,,3312715,,Bollinger L.,bollinger-157eb,,,2026-09-02
Plovdiv 3 challenger,https://www.tennisexplorer.com/plovdiv-3-challenger/2026/atp-men/,Djuric B.,djuric-2d0e6,1.01,10.35,3312695,,Khorozov M.,khorozov,,,2026-09-02
Plovdiv 3 challenger,https://www.tennisexplorer.com/plovdiv-3-challenger/2026/atp-men/,Ushakov A.,ushakov-53542,5.5,1.11,3312703,,Shcherbakov E.,shcherbakov,,,2026-09-02
Plovdiv 3 challenger,https://www.tennisexplorer.com/plovdiv-3-challenger/2026/atp-men/,Elamin A.,elamin,2.95,1.37,3311199,,Brown O.,brown-59d07,,,2026-09-02
Plovdiv 3 challenger,https://www.tennisexplorer.com/plovdiv-3-challenger/2026/atp-men/,Car H.,car,1.3,3.05,3311201,,Van Wyk K.,van-wyk-15b5e,,,2026-09-02
Plovdiv 3 challenger,https://www.tennisexplorer.com/plovdiv-3-challenger/2026/atp-men/,Ambarzumjan E.,ambarzumjan,2.75,1.41,3311211,,Longwe-Smit T.,longwe-smit,,,2026-09-02
Plovdiv 3 challenger,https://www.tennisexplorer.com/plovdiv-3-challenger/2026/atp-men/,Cardinaud H.,cardinaud,1.43,2.67,3312733,,Cossu M.,cossu,,,2026-09-02
Plovdiv 3 challenger,https://www.tennisexplorer.com/plovdiv-3-challenger/2026/atp-men/,McGloughlin J.,mcgloughlin,2.63,1.45,3312735,,Sengul B.,sengul,,,2026-09-02
Plovdiv 3 challenger,https://www.tennisexplorer.com/plovdiv-3-challenger/2026/atp-men/,Bataljin L.,bataljin,6.26,1.1,3311799,,Butulija B.,butulija,,,2026-09-02
Plovdiv 3 challenger,https://www.tennisexplorer.com/plovdiv-3-challenger/2026/atp-men/,Ulrich N.,ulrich-1e6d3,5.81,1.11,3312701,,Radjenovic V.,radjenovic,,,2026-09-02
Plovdiv 3 challenger,https://www.tennisexplorer.com/plovdiv-3-challenger/2026/atp-men/,Remondy Pagotto V.,remondy-pagotto,1.5,2.25,3310647,,Spiering M.,spiering,,,2026-09-02
Plovdiv 3 challenger,https://www.tennisexplorer.com/plovdiv-3-challenger/2026/atp-men/,Pinto L.,pinto-48c38,2.95,1.35,3310649,,Santos Gava K.,santos-gava,,,2026-09-02
Plovdiv 3 challenger,https://www.tennisexplorer.com/plovdiv-3-challenger/2026/atp-men/,Marini F.,marini-901d0,12.0,1.0,3310657,,Schiessl J.,schiessl-c0557,,,2026-09-02
Plovdiv 3 challenger,https://www.tennisexplorer.com/plovdiv-3-challenger/2026/atp-men/,Alves M.,alves-4adf9,1.01,12.0,3312285,,Pinheiro da Cruz Junior G.,pinheiro-da-cruz-junior,,,2026-09-02
Plovdiv 3 challenger,https://www.tennisexplorer.com/plovdiv-3-challenger/2026/atp-men/,Tosetto R.,tosetto,1.18,4.1,3312287,,Pignaton L.,pignaton,,,2026-09-02
Plovdiv 3 challenger,https://www.tennisexplorer.com/plovdiv-3-challenger/2026/atp-men/,Bojicic Ono L.,bojicic-ono,2.05,1.65,3312291,,Ortiz Gamonal D.,ortiz-gamonal,,,2026-09-02
Plovdiv 3 challenger,https://www.tennisexplorer.com/plovdiv-3-challenger/2026/atp-men/,Zancheta L.,zancheta,,,3312289,,Rodrigues L.,rodrigues-16f65,,,2026-09-02
Plovdiv 3 challenger,https://www.tennisexplorer.com/plovdiv-3-challenger/2026/atp-men/,Mecarelli M.,mecarelli-4432c,1.39,2.73,3311099,,Spiridon D.,spiridon,,,2026-09-02
Plovdiv 3 challenger,https://www.tennisexplorer.com/plovdiv-3-challenger/2026/atp-men/,Vu H.,vu-89974,2.05,1.7,3312481,,Borg L.,borg-0659d,,,2026-09-02
Plovdiv 3 challenger,https://www.tennisexplorer.com/plovdiv-3-challenger/2026/atp-men/,Serafini M.,serafini-1e863,2.4,1.52,3311101,,Oradini G.,oradini-5af56,,,2026-09-02
UTR Pro Tennis Series 3,https://www.tennisexplorer.com/utr-pro-tennis-series-3/2026/atp-men/,Adesoro A.,adesoro,,,3312193,,Price Pelaez S.,price-pelaez,,,2026-09-02
UTR Pro Tennis Series 5,https://www.tennisexplorer.com/utr-pro-tennis-series-5/2026/atp-men/,Holban V.,holban-6076d,,,3312967,,Petrov P.,petrov-80599,,,2026-09-02
UTR Pro Tennis Series 5,https://www.tennisexplorer.com/utr-pro-tennis-series-5/2026/atp-men/,Froemel K.,froemel,,,3312951,,Bien D.,bien-fc9a3,,,2026-09-02
UTR Pro Tennis Series 5,https://www.tennisexplorer.com/utr-pro-tennis-series-5/2026/atp-men/,Lulic N.,lulic,,,3312969,,Baiant R.,baiant,,,2026-09-02
UTR Pro Tennis Series 5,https://www.tennisexplorer.com/utr-pro-tennis-series-5/2026/atp-men/,Garcia Gomez H.,garcia-gomez,,,3312971,,Madarasz G.,madarasz-31016,,,2026-09-02
UTR Pro Tennis Series 5,https://www.tennisexplorer.com/utr-pro-tennis-series-5/2026/atp-men/,Milanovic D.,milanovic-d24f1,,,3312973,,Mandou Berranger I.,mandou-berranger,,,2026-09-02
UTR Pro Tennis Series 5,https://www.tennisexplorer.com/utr-pro-tennis-series-5/2026/atp-men/,Pernas T.,pernas,,,3312953,,Best H.,best-c57b0,,,2026-09-02
UTR Pro Tennis Series 9,https://www.tennisexplorer.com/utr-pro-tennis-series-9/2026/atp-men/,Mochizuki K.,mochizuki-e154a,1.04,8.5,3312505,,Shen J.,shen-e6097,,,2026-09-02
UTR Pro Tennis Series 9,https://www.tennisexplorer.com/utr-pro-tennis-series-9/2026/atp-men/,Gasanov R.,gasanov-6a3d1,,,3312961,,Seo H.,seo-9fd0b,,,2026-09-02
UTR Pro Tennis Series 9,https://www.tennisexplorer.com/utr-pro-tennis-series-9/2026/atp-men/,Ono C.,ono-7a4c5,,,3312963,,Kawanaka H.,kawanaka,,,2026-09-02
UTR Pro Tennis Series 9,https://www.tennisexplorer.com/utr-pro-tennis-series-9/2026/atp-men/,Shtengelov A.,shtengelov-0b8d1,3.58,1.23,3312507,,Fu H.,fu-061e3,,,2026-09-02
UTR Pro Tennis Series 9,https://www.tennisexplorer.com/utr-pro-tennis-series-9/2026/atp-men/,Cheng S.,cheng-0aec1,,,3312965,,Fukushima G.,fukushima-8cdbe,,,2026-09-02
Zhangjiagang challenger,https://www.tennisexplorer.com/zhangjiagang-challenger/2026/atp-men/,Simakin I.,simakin,1.39,2.8,3312469,,Dellavedova M.,dellavedova,,,2026-09-03
Zhangjiagang challenger,https://www.tennisexplorer.com/zhangjiagang-challenger/2026/atp-men/,Tomic B.,tomic-4ca3d,1.33,3.14,3312493,,Samrej K.,samrej-f05ce,,,2026-09-03
Zhangjiagang challenger,https://www.tennisexplorer.com/zhangjiagang-challenger/2026/atp-men/,Sultanov K.,sultanov,1.43,2.63,3312503,,Aguiard E.,aguiard,,,2026-09-03
Zhangjiagang challenger,https://www.tennisexplorer.com/zhangjiagang-challenger/2026/atp-men/,Santillan A.,santillan-29bed,3.21,1.31,3312593,,Ivashka I.,ivashka,,,2026-09-03
Como challenger,https://www.tennisexplorer.com/como-challenger/2026/atp-men/,Nikles J.,nikles,3.62,1.26,3312597,,Jianu F.,jianu-c67fb,,,2026-09-03
Como challenger,https://www.tennisexplorer.com/como-challenger/2026/atp-men/,Nedic A.,nedic,2.64,1.41,3312631,,Feldbausch K.,feldbausch,,,2026-09-03
Como challenger,https://www.tennisexplorer.com/como-challenger/2026/atp-men/,Ajdukovic D.,ajdukovic,1.74,1.93,3312665,,Martin Manzano J.,martin-manzano,,,2026-09-03
Como challenger,https://www.tennisexplorer.com/como-challenger/2026/atp-men/,Clarke J.,clarke-60a59,2.11,1.6,3312667,,Martinez P.,martinez-c0caf,,,2026-09-03
Mallorca challenger,https://www.tennisexplorer.com/mallorca-challenger/2026/atp-men/,Butvilas E.,butvilas,1.4,2.65,3312937,,Bertola R.,bertola-e4bb8,,,2026-09-03
Porto 2 challenger,https://www.tennisexplorer.com/porto-2-challenger/2026/atp-men/,Damas M.,damas,2.64,1.41,3312669,,Kuzmanov D.,kuzmanov,,,2026-09-03
Porto 2 challenger,https://www.tennisexplorer.com/porto-2-challenger/2026/atp-men/,Moro Canas A.,moro-canas,2.23,1.53,3312857,,Cecchinato M.,cecchinato,,,2026-09-03
Porto 2 challenger,https://www.tennisexplorer.com/porto-2-challenger/2026/atp-men/,Bailly G.,bailly-a8c26,2.42,1.47,3312859,,Dellien H.,dellien,,,2026-09-03
Plovdiv 3 challenger,https://www.tennisexplorer.com/plovdiv-3-challenger/2026/atp-men/,Mashtakov M.,mashtakov,2.66,1.42,3312623,,La Serna J.,la-serna,,,2026-09-03
Plovdiv 3 challenger,https://www.tennisexplorer.com/plovdiv-3-challenger/2026/atp-men/,Iannaccone F.,iannaccone,3.45,1.24,3312861,,Mrva M.,mrva,,,2026-09-03
Plovdiv 3 challenger,https://www.tennisexplorer.com/plovdiv-3-challenger/2026/atp-men/,Mitsui S.,mitsui-086f9,1.11,6.0,3312357,,Koizumi N.,koizumi-d8ff3,,,2026-09-03
Plovdiv 3 challenger,https://www.tennisexplorer.com/plovdiv-3-challenger/2026/atp-men/,Lee K.,lee-da7c4,1.5,2.43,3312473,,Ochi M.,ochi-91d1b,,,2026-09-03
Plovdiv 3 challenger,https://www.tennisexplorer.com/plovdiv-3-challenger/2026/atp-men/,Dalmasso G.,dalmasso,2.0,1.72,3312601,,Knaff A.,knaff,,,2026-09-03
Plovdiv 3 challenger,https://www.tennisexplorer.com/plovdiv-3-challenger/2026/atp-men/,Ehrenschneider N.,ehrenschneider,,,3312875,,Williams A.,williams-8a3c4,,,2026-09-03
Plovdiv 3 challenger,https://www.tennisexplorer.com/plovdiv-3-challenger/2026/atp-men/,Chanta T.,chanta,1.3,2.7,3312485,,O'Connell B.,o-connell-6a282,,,2026-09-03
Plovdiv 3 challenger,https://www.tennisexplorer.com/plovdiv-3-challenger/2026/atp-men/,Ellis B.,ellis-b4efc,,,3312497,,Jones H.,jones-44ce4,,,2026-09-03
UTR Pro Tennis Series 5,https://www.tennisexplorer.com/utr-pro-tennis-series-5/2026/atp-men/,Lulic N.,lulic,,,3312975,,Martishev V.,martishev,,,2026-09-03
Tianjin 5 ITF,https://www.tennisexplorer.com/tianjin-5-itf/2026/wta-women/,Yamaguchi M.,yamaguchi-c1f36,2.95,1.36,3312475,,Bai Z.,bai-991f3,,,2026-09-03
Tianjin 5 ITF,https://www.tennisexplorer.com/tianjin-5-itf/2026/wta-women/,Kuramochi M.,kuramochi-49cd0,2.73,1.41,3312477,,Astakhova D.,astakhova,,,2026-09-03
Tianjin 5 ITF,https://www.tennisexplorer.com/tianjin-5-itf/2026/wta-women/,Wang J.,wang-010e0,2.25,1.57,3312495,,Ma Y.,ma-2d7c9,,,2026-09-03
Yeongwol ITF,https://www.tennisexplorer.com/yeongwol-itf/2026/wta-women/,Yodpetch K.,yodpetch,1.55,2.25,3312571,,Lee H.,lee-534c9,,,2026-09-03
Yeongwol ITF,https://www.tennisexplorer.com/yeongwol-itf/2026/wta-women/,Sato N.,sato-4d5a6,1.68,2.05,3312591,,Tsao C.,tsao-f5af6,,,2026-09-03
